Fold#,Training accuracy,Training Unfairness(5),Training objective function,Training Sample-Robustness,Test accuracy,Test unfairness,#Nodes explored for best solution,Cache size for best solution,Average length,RL,Validation accuracy,Validation unfairness
0,0.886581663630844,0.0,0.11341833636915599,1.0,0.8905889496053431,0.0,0,0,0,"RULELIST:
(subscribe:yes) = False",0.8863387978142077,0.0
1,0.8872697834446468,0.0,0.1127302165553532,1.0,0.8845173041894353,0.0,0,0,0,"RULELIST:
(subscribe:yes) = False",0.8903460837887067,0.0
2,0.8868650070835863,0.0,0.11313499291641371,1.0,0.8916818457802065,0.0,0,0,0,"RULELIST:
(subscribe:yes) = False",0.8843958712811172,0.0
3,0.8880793361667678,0.0,0.11192066383323218,1.0,0.8825743776563448,0.0,0,0,0,"RULELIST:
(subscribe:yes) = False",0.8898603521554341,0.0
4,0.8922080550495851,0.006328416242433854,0.11079194495041489,0.006824712643678161,0.8942319368548877,0.027317955676164574,551501,254822,3,"RULELIST:
 if [month_nov]: (subscribe:yes) = False
else if [not_duration_high]: (subscribe:yes) = False
else if [poutcome_failure]: (subscribe:yes) = False
else (subscribe:yes) = True",0.8918032786885246,0.02360166070810743
Average,0.888200769075086,0.0012656832484867707,0.112399230924914,0.8013649425287357,0.8887188828172435,0.0054635911352329146,110300.2,50964.4,0.6,,0.8885488767455982,0.004720332141621486
