Fold#,Training accuracy,Training Unfairness(3),Training objective function,Training Sample-Robustness,Test accuracy,Test unfairness,#Nodes explored for best solution,Cache size for best solution,Average length,RL,Validation accuracy,Validation unfairness
0,0.7873936968484242,0.0010415755517513723,0.2156063031515758,0.047825777524731335,0.7899299766588863,6.523712929001283e-05,669779,382554,3,"RULELIST:
 if [PAY_6_Pay_duly]: (default_payment:yes) = False
else if [not_AGE_very_high]: (default_payment:yes) = False
else if [PAY_2_Pay_delay>=1]: (default_payment:yes) = True
else (default_payment:yes) = False",0.7733866933466733,0.004029704324013058
1,0.7845033627925073,0.000500694388121507,0.21849663720749268,0.0893468339988591,0.785059196264799,0.0019265500860807137,940067,506496,3,"RULELIST:
 if [PAY_4_Pay_duly__AND__PAY_5_Pay_duly]: (default_payment:yes) = False
else if [not_BILL_AMT4_low]: (default_payment:yes) = False
else if [PAY_6_Pay_duly]: (default_payment:yes) = False
else (default_payment:yes) = True",0.7739246415471824,0.003542662581079362
2,0.7815574453893613,1.859967461815843e-06,0.22144255461063866,0.14478018043820706,0.7827246956811739,0.003369469926764199,2676947,1025870,3,"RULELIST:
 if [not_PAY_AMT1_high]: (default_payment:yes) = False
else if [not_BILL_AMT2_high]: (default_payment:yes) = False
else if [PAY_0_Pay_duly__AND__PAY_2_Pay_duly]: (default_payment:yes) = False
else (default_payment:yes) = True",0.7862620873624542,0.00019269159325116959
3,0.7815018620421321,0.0,0.21849813795786788,1.0,0.7723861930965483,0.0,0,0,0,"RULELIST:
(default_payment:yes) = False",0.7765921973991331,0.0
4,0.7837807792785282,0.0008947539830208018,0.21921922072147182,0.18737517831669045,0.7777221944305486,0.000857591626099411,2313137,978279,3,"RULELIST:
 if [not_BILL_AMT6_low]: (default_payment:yes) = False
else if [PAY_4_Pay_duly__AND__PAY_3_Pay_duly]: (default_payment:yes) = False
else if [PAY_6_Pay_duly]: (default_payment:yes) = False
else (default_payment:yes) = True",0.7827609203067689,0.0019221956311421158
Average,0.7837474292701906,0.0004877767780710994,0.21865257072980934,0.29386559405569757,0.7815644512263912,0.0012437697536468672,1319986.0,578639.8,2.4,,0.7785853079924424,0.0019374508258971413
