Fold#,Training accuracy,Training Unfairness(4),Training objective function,Training Sample-Robustness,Test accuracy,Test unfairness,#Nodes explored for best solution,Cache size for best solution,Average length,RL,Validation accuracy,Validation unfairness
0,0.5289282326904837,0.006052740251312527,0.4730717673095163,0.07412309728656519,0.5516587677725119,0.003427191650114847,21869,14127,2,"RULELIST:
 if [juvenile-misdemeanors_=0__AND__charge_degree_Felony]: (recidivism:yes) = False
else if [gender_Male__AND__age_18-20]: (recidivism:yes) = True
else (recidivism:yes) = False",0.5364928909952607,0.001187602957514411
1,0.5330382548213721,0.008639720479631574,0.4689617451786279,0.05756358768406961,0.5440758293838862,0.003273451519394177,20811,13938,2,"RULELIST:
 if [gender_Male__AND__juvenile-felonies_=0]: (recidivism:yes) = False
else if [age_26-45__AND__juvenile-crimes_>0]: (recidivism:yes) = True
else (recidivism:yes) = False",0.5194312796208531,0.0017573717118649634
2,0.5349351881125514,0.0020528899091130093,0.46606481188744864,0.03024193548387097,0.5251184834123223,0.033333333333333326,71,71,1,"RULELIST:
 if [priors_1__AND__juvenile-crimes_>0]: (recidivism:yes) = True
else (recidivism:yes) = False",0.5327014218009478,0.010227272727272751
3,0.5353982300884956,0.004991798178630047,0.46660176991150437,0.0361687876758205,0.5360531309297912,0.014303324397831996,18310,12923,2,"RULELIST:
 if [not_priors_1]: (recidivism:yes) = False
else if [age_18-20]: (recidivism:yes) = True
else (recidivism:yes) = False",0.5317535545023697,0.018633540372670843
4,0.5480404551201011,0.003111183887342439,0.45395954487989887,0.022068965517241378,0.5028462998102466,0.01758310034172106,17124,12219,2,"RULELIST:
 if [juvenile-misdemeanors_=0__AND__charge_degree_Felony]: (recidivism:yes) = False
else if [age_18-20]: (recidivism:yes) = True
else (recidivism:yes) = False",0.533649289099526,0.01276233692569484
Average,0.5360680721666007,0.00496966654120592,0.46573192783339923,0.04403327472951353,0.5319505022617517,0.014384080248479082,15637.0,10655.6,1.8,,0.5308056872037914,0.008913624939003561
