Fold#,Training accuracy,Training Unfairness(3),Training objective function,Training Sample-Robustness,Test accuracy,Test unfairness,#Nodes explored for best solution,Cache size for best solution,Average length,RL,Validation accuracy,Validation unfairness
0,0.7936746150853204,0.0026136293441617244,0.20932538491467956,0.17877731122340046,0.7960986995665221,0.00012797989775423062,644797,339948,3,"RULELIST:
 if [not_PAY_0_Pay_delay>=1]: (default_payment:yes) = False
else if [MARRIAGE_Single]: (default_payment:yes) = False
else if [PAY_5_Pay_delay>=1]: (default_payment:yes) = True
else (default_payment:yes) = False",0.7812239453059864,0.005787971964323672
1,0.7968984492246123,0.002759757832343619,0.20610155077538772,0.010624643468339988,0.7970651992662998,0.0017519324985973035,686797,314000,3,"RULELIST:
 if [PAY_6_Pay_duly]: (default_payment:yes) = False
else if [BILL_AMT1_very_high]: (default_payment:yes) = False
else if [PAY_2_Pay_delay>=1]: (default_payment:yes) = True
else (default_payment:yes) = False",0.7910970323441147,0.004574823388661511
2,0.791228947807237,0.002981873881748632,0.21177105219276304,0.051696978376056135,0.7957311989327998,0.0029497673766125145,251302,159075,3,"RULELIST:
 if [PAY_0_Pay_duly]: (default_payment:yes) = False
else if [PAY_AMT1_very_low]: (default_payment:yes) = False
else if [PAY_5_Pay_delay>=1]: (default_payment:yes) = True
else (default_payment:yes) = False",0.800433477825942,0.0066104777980746255
3,0.7945639486409871,0.001515733907339072,0.20843605135901289,0.0972972972972973,0.7858929464732366,0.003588724138504326,836011,393205,3,"RULELIST:
 if [PAY_6_Pay_duly__AND__PAY_5_Pay_duly]: (default_payment:yes) = False
else if [MARRIAGE_Single]: (default_payment:yes) = False
else if [PAY_0_Pay_duly__AND__PAY_2_Pay_duly]: (default_payment:yes) = False
else (default_payment:yes) = True",0.7927642547515839,0.00026941149436216817
4,0.7883386137513201,7.403320535265268e-05,0.21466138624867992,0.1855920114122682,0.7823911955977989,5.65487884422039e-06,534096,296871,3,"RULELIST:
 if [PAY_0_Pay_duly]: (default_payment:yes) = False
else if [not_BILL_AMT5_high]: (default_payment:yes) = False
else if [PAY_4_Pay_duly__AND__PAY_5_Pay_duly]: (default_payment:yes) = False
else (default_payment:yes) = True",0.7872624208069356,0.0011904265939603788
Average,0.7929409149018954,0.00198900563418914,0.21005908509810461,0.10479764835547242,0.7914358479673316,0.001684811758062519,590600.6,300619.8,3.0,,0.7905562262069126,0.0036866222478764707
