Fold#,Training accuracy,Training Unfairness(5),Training objective function,Training Sample-Robustness,Test accuracy,Test unfairness,#Nodes explored for best solution,Cache size for best solution,Average length,RL,Validation accuracy,Validation unfairness
0,0.7521254115681361,0.0,0.24787458843186394,1.0,0.7492629716981132,0.0,0,0,0,"RULELIST:
(income > 50K) = False",0.7542747641509434,0.0
1,0.7539436827362523,0.0,0.24605631726374766,1.0,0.7508844339622641,0.0,0,0,0,"RULELIST:
(income > 50K) = False",0.7471992924528302,0.0
2,0.7492383292383292,0.0,0.2507616707616708,1.0,0.754828247088309,0.0,0,0,0,"RULELIST:
(income > 50K) = False",0.7573702830188679,0.0
3,0.7520884520884521,0.0,0.2479115479115479,1.0,0.7573345127524694,0.0,0,0,0,"RULELIST:
(income > 50K) = False",0.746314858490566,0.0
4,0.7488452088452089,0.0,0.2511547911547911,1.0,0.7476043048798466,0.0,0,0,0,"RULELIST:
(income > 50K) = False",0.7657724056603774,0.0
Average,0.7512482168952757,0.0,0.2487517831047243,1.0,0.7519828940762004,0.0,0.0,0.0,0.0,,0.754186320754717,0.0
