Fold#,Training accuracy,Training Unfairness(4),Training objective function,Training Sample-Robustness,Test accuracy,Test unfairness,#Nodes explored for best solution,Cache size for best solution,Average length,RL,Validation accuracy,Validation unfairness
0,0.5222889661713563,0.0,0.47771103382864366,1.0,0.5459715639810426,0.0,0,0,0,"RULELIST:
(recidivism:yes) = False",0.5327014218009478,0.0
1,0.5700284539993676,0.0005320416104184211,0.43297154600063237,0.004016064257028112,0.5611374407582939,0.04074066770523155,735046,399236,3,"RULELIST:
 if [juvenile-felonies_=0__AND__juvenile-crimes_>0]: (recidivism:yes) = True
else if [juvenile-felonies_=0__AND__charge_degree_Misdemeanor]: (recidivism:yes) = False
else if [age_26-45__AND__juvenile-felonies_=0]: (recidivism:yes) = True
else (recidivism:yes) = False",0.5469194312796208,0.0004254689407672263
2,0.5295605437875435,0.0,0.47043945621245653,1.0,0.5270142180094787,0.0,0,0,0,"RULELIST:
(recidivism:yes) = False",0.5298578199052133,0.0
3,0.5281289506953224,0.0,0.4718710493046776,1.0,0.5332068311195446,0.0,0,0,0,"RULELIST:
(recidivism:yes) = False",0.5279620853080569,0.0
4,0.5679519595448799,0.0013973036406309536,0.43504804045512013,0.0034482758620689655,0.540796963946869,0.006725691208449791,1348730,662609,3,"RULELIST:
 if [priors_2-3__AND__charge_degree_Felony]: (recidivism:yes) = True
else if [priors_>3__AND__gender_Female]: (recidivism:yes) = True
else if [priors_>3__AND__charge_degree_Misdemeanor]: (recidivism:yes) = True
else (recidivism:yes) = False",0.5649289099526066,0.020277935337493003
Average,0.5435917748396939,0.00038586905020987494,0.4576082251603061,0.6014928680238194,0.5416254035630457,0.009493271782736267,416755.2,212369.0,1.2,,0.5404739336492892,0.004140680855652046
