Fold#,Training accuracy,Training Unfairness(4),Training objective function,Training Sample-Robustness,Test accuracy,Test unfairness,#Nodes explored for best solution,Cache size for best solution,Average length,RL,Validation accuracy,Validation unfairness
0,0.7810016119170696,0.0,0.21899838808293037,1.0,0.782427475825275,0.0,0,0,0,"RULELIST:
(default_payment:yes) = False",0.768050692012673,0.0
1,0.779500861541882,0.0,0.22049913845811797,1.0,0.7822244455561114,0.0,0,0,0,"RULELIST:
(default_payment:yes) = False",0.772757585861954,0.0
2,0.7799455283197154,0.002132444324676519,0.22305447168028458,0.0168944099378882,0.7812239453059864,0.006096385428862927,1051567,553839,3,"RULELIST:
 if [PAY_0_Pay_duly]: (default_payment:yes) = False
else if [not_AGE_high]: (default_payment:yes) = True
else if [BILL_AMT3_very_high]: (default_payment:yes) = True
else (default_payment:yes) = False",0.7902634211403802,0.029893861472808925
3,0.7815018620421321,0.0,0.21849813795786788,1.0,0.7723861930965483,0.0,0,0,0,"RULELIST:
(default_payment:yes) = False",0.7765921973991331,0.0
4,0.7792785281529654,0.0,0.2207214718470346,1.0,0.7757211939302985,0.0,0,0,0,"RULELIST:
(default_payment:yes) = False",0.7799266422140714,0.0
Average,0.780245678394753,0.0004264888649353038,0.2203543216052471,0.8033788819875778,0.778796650742844,0.0012192770857725854,210313.4,110767.8,0.6,,0.7775181077256423,0.005978772294561785
