Fold#,Training accuracy,Training Unfairness(3),Training objective function,Training Sample-Robustness,Test accuracy,Test unfairness,#Nodes explored for best solution,Cache size for best solution,Average length,RL,Validation accuracy,Validation unfairness
0,0.8937866828577211,0.003416342274125029,0.10921331714227889,0.10071679678582843,0.8953248330297511,0.006106926955416758,187292,95846,3,"RULELIST:
 if [not_duration_high]: (subscribe:yes) = False
else if [month_mar]: (subscribe:yes) = True
else if [poutcome_failure]: (subscribe:yes) = False
else (subscribe:yes) = True",0.892046144505161,0.007336483617789177
1,0.8927342643189637,0.002982300184549745,0.11026573568103626,0.11592153284671533,0.8893746205221615,6.029950299294286e-06,847312,329942,3,"RULELIST:
 if [not_duration_high]: (subscribe:yes) = False
else if [cons_conf_idx_very_high]: (subscribe:yes) = False
else if [poutcome_failure]: (subscribe:yes) = False
else (subscribe:yes) = True",0.8954462659380692,0.002602620772887609
2,0.8923699655940093,0.0025488609551963673,0.11063003440599073,0.1148334094020995,0.896782027929569,0.007393139635436259,504854,219367,3,"RULELIST:
 if [nr_employed_low]: (subscribe:yes) = False
else if [not_duration_high]: (subscribe:yes) = False
else if [poutcome_failure]: (subscribe:yes) = False
else (subscribe:yes) = True",0.8910746812386157,0.00034870796982551934
3,0.8880793361667678,0.0,0.11192066383323218,1.0,0.8825743776563448,0.0,0,0,0,"RULELIST:
(subscribe:yes) = False",0.8898603521554341,0.0
4,0.8930176077717061,0.00307384657009784,0.10998239222829387,0.1145933123488892,0.892046144505161,0.00031611677372017936,744058,312052,3,"RULELIST:
 if [not_duration_very_high]: (subscribe:yes) = False
else if [education_basic.9y]: (subscribe:yes) = False
else if [poutcome_failure]: (subscribe:yes) = False
else (subscribe:yes) = True",0.8925318761384335,0.006586616257088847
Average,0.8919975713418337,0.0024042699967937965,0.11040242865816638,0.2892130102767065,0.8912204007285975,0.0027644426629744984,456703.2,191441.4,2.4,,0.8921918639951427,0.0033748857235182303
