Fold#,Training accuracy,Training Unfairness(4),Training objective function,Training Sample-Robustness,Test accuracy,Test unfairness,#Nodes explored for best solution,Cache size for best solution,Average length,RL,Validation accuracy,Validation unfairness
0,0.7810016119170696,0.0,0.21899838808293037,1.0,0.782427475825275,0.0,0,0,0,"RULELIST:
(default_payment:yes) = False",0.768050692012673,0.0
1,0.779500861541882,0.0,0.22049913845811797,1.0,0.7822244455561114,0.0,0,0,0,"RULELIST:
(default_payment:yes) = False",0.772757585861954,0.0
2,0.8065699516424879,0.002730473918971632,0.1974300483575121,0.01565217391304348,0.8057362014340503,0.018270347538640208,2700308,795938,4,"RULELIST:
 if [PAY_0_Pay_duly]: (default_payment:yes) = False
else if [BILL_AMT1_very_low]: (default_payment:yes) = False
else if [not_PAY_AMT3_low]: (default_payment:yes) = True
else if [PAY_6_Pay_duly__AND__PAY_3_Pay_duly]: (default_payment:yes) = False
else (default_payment:yes) = True",0.8109369789929977,0.024408213881898178
3,0.8059585348229671,0.0029587734213148975,0.19804146517703292,0.01602645637242432,0.8054027013506754,0.02426793621899781,4713605,1764355,4,"RULELIST:
 if [PAY_0_Pay_duly__AND__PAY_2_Pay_duly]: (default_payment:yes) = False
else if [BILL_AMT1_very_low]: (default_payment:yes) = False
else if [not_PAY_AMT3_low]: (default_payment:yes) = True
else if [PAY_6_Pay_duly__AND__PAY_3_Pay_duly]: (default_payment:yes) = False
else (default_payment:yes) = True",0.8017672557519173,0.018388682634595033
4,0.7976766160858206,0.0029555636156884946,0.20532338391417937,0.016116847141777888,0.7890611972652993,0.044710620872572826,155212,112164,3,"RULELIST:
 if [not_PAY_2_Pay_duly]: (default_payment:yes) = True
else if [not_BILL_AMT1_middle]: (default_payment:yes) = False
else if [PAY_0_Pay_duly__AND__PAY_5_Pay_duly]: (default_payment:yes) = False
else (default_payment:yes) = True",0.798432810936979,0.05152982111115312
Average,0.7941415152020455,0.0017289621911950048,0.20805848479795452,0.4095590954854491,0.7929704042862823,0.017449780926042168,1513825.0,534491.4,2.2,,0.7903890647113042,0.018865343525529266
