Fold#,Training accuracy,Training Unfairness(4),Training objective function,Training Sample-Robustness,Test accuracy,Test unfairness,#Nodes explored for best solution,Cache size for best solution,Average length,RL,Validation accuracy,Validation unfairness
0,0.5267151438507746,0.0010638507069395953,0.47528485614922544,0.12177365982792852,0.5535545023696683,0.025236593059936863,23972,14928,2,"RULELIST:
 if [not_priors_1]: (recidivism:yes) = False
else if [juvenile-felonies_=0__AND__age_18-20]: (recidivism:yes) = True
else (recidivism:yes) = False",0.5355450236966824,0.013580814465770197
1,0.5311413215301929,0.006313031048995499,0.4708586784698071,0.21151271753681392,0.547867298578199,0.00017747628719610997,20735,13926,2,"RULELIST:
 if [gender_Male__AND__juvenile-misdemeanors_=0]: (recidivism:yes) = False
else if [gender_Male__AND__age_18-20]: (recidivism:yes) = True
else (recidivism:yes) = False",0.5222748815165876,0.013966480446927387
2,0.5324059437243124,0.005816521409153341,0.4695940562756876,0.28158602150537637,0.5298578199052133,0.009090909090909038,18354,12967,2,"RULELIST:
 if [not_priors_2-3]: (recidivism:yes) = False
else if [age_18-20__AND__juvenile-crimes_=0]: (recidivism:yes) = True
else (recidivism:yes) = False",0.5308056872037915,0.0031250000000000444
3,0.5328697850821744,0.001987830598046192,0.4691302149178256,0.11788345612860013,0.5360531309297912,0.007865850079245562,22032,14360,2,"RULELIST:
 if [juvenile-misdemeanors_=0__AND__charge_degree_Felony]: (recidivism:yes) = False
else if [age_18-20__AND__juvenile-crimes_=0]: (recidivism:yes) = True
else (recidivism:yes) = False",0.533649289099526,0.004623094297007357
4,0.5448798988621998,0.004835980568746234,0.4571201011378002,0.23517241379310344,0.49620493358633777,0.005747126436781658,22719,14258,2,"RULELIST:
 if [gender_Male__AND__juvenile-misdemeanors_=0]: (recidivism:yes) = False
else if [gender_Male__AND__age_18-20]: (recidivism:yes) = True
else (recidivism:yes) = False",0.5327014218009478,0.012478729438457181
Average,0.5336024186099309,0.0040034428663761725,0.4683975813900692,0.1935856537583645,0.5327075370738419,0.009623590990813845,21562.4,14087.8,2.0,,0.5309952606635071,0.009554823729632433
