Fold#,Training accuracy,Training Unfairness(1),Training objective function,Training Sample-Robustness,Test accuracy,Test unfairness,#Nodes explored for best solution,Cache size for best solution,Average length,RL,Validation accuracy,Validation unfairness
0,0.886581663630844,0.0,0.11341833636915599,1.0,0.8905889496053431,0.0,0,0,0,"RULELIST:
(subscribe:yes) = False",0.8863387978142077,0.0
1,0.8872697834446468,0.0,0.1127302165553532,1.0,0.8845173041894353,0.0,0,0,0,"RULELIST:
(subscribe:yes) = False",0.8903460837887067,0.0
2,0.8905889496053431,0.003742875163878113,0.11241105039465693,0.001092896174863388,0.8950819672131147,0.0018340354212792722,673344,283771,3,"RULELIST:
 if [not_duration_very_high]: (subscribe:yes) = False
else if [marital_single]: (subscribe:yes) = False
else if [poutcome_failure]: (subscribe:yes) = False
else (subscribe:yes) = True",0.8882817243472981,0.0019647110222602076
3,0.8921675774134791,0.0034863022868275775,0.11083242258652093,0.001295284355393645,0.8859744990892532,0.003382117237096761,1825736,511204,3,"RULELIST:
 if [not_duration_very_high]: (subscribe:yes) = False
else if [marital_single]: (subscribe:yes) = False
else if [poutcome_success]: (subscribe:yes) = True
else (subscribe:yes) = False",0.8926533090467517,0.001139879135847362
4,0.8908722930580855,0.003208364246767211,0.11212770694191454,0.0013357619914996963,0.8910746812386157,0.007217078415121595,810293,351775,3,"RULELIST:
 if [marital_single]: (subscribe:yes) = False
else if [cons_conf_idx_very_low]: (subscribe:yes) = False
else if [poutcome_failure]: (subscribe:yes) = False
else (subscribe:yes) = True",0.8902246508803886,0.007220889001893908
Average,0.8894960534304797,0.00208750833949458,0.11230394656952032,0.4007447885043514,0.8894474802671525,0.0024866462146995254,661874.6,229350.0,1.8,,0.8895689131754706,0.0020650958320002953
