Fold#,Training accuracy,Training Unfairness(1),Training objective function,Training Sample-Robustness,Test accuracy,Test unfairness,#Nodes explored for best solution,Cache size for best solution,Average length,RL,Validation accuracy,Validation unfairness
0,0.5295605437875435,0.007647811752321992,0.47243945621245653,0.253872905469491,0.5459715639810426,0.004817927170868349,25379,15301,2,"RULELIST:
 if [juvenile-felonies_=0__AND__charge_degree_Felony]: (recidivism:yes) = False
else if [juvenile-misdemeanors_>0__AND__juvenile-crimes_>0]: (recidivism:yes) = True
else (recidivism:yes) = False",0.5374407582938389,0.005945937762571249
1,0.5365159658552008,0.0028384868598564563,0.4664840341447992,0.18969332911792602,0.5507109004739337,0.009195860754725343,2129625,896584,3,"RULELIST:
 if [priors_2-3__AND__juvenile-misdemeanors_=0]: (recidivism:yes) = False
else if [age_23-25__AND__charge_degree_Misdemeanor]: (recidivism:yes) = False
else if [juvenile-crimes_>0__AND__charge_degree_Misdemeanor]: (recidivism:yes) = True
else (recidivism:yes) = False",0.5232227488151658,0.005479099978971471
2,0.5295605437875435,0.0,0.47043945621245653,1.0,0.5270142180094787,0.0,0,0,0,"RULELIST:
(recidivism:yes) = False",0.5298578199052133,0.0
3,0.5281289506953224,0.0,0.4718710493046776,1.0,0.5332068311195446,0.0,0,0,0,"RULELIST:
(recidivism:yes) = False",0.5279620853080569,0.0
4,0.5467762326169405,0.0040482555378352205,0.4552237673830595,0.3302781289506953,0.4981024667931689,0.003378416937738972,19679,13333,2,"RULELIST:
 if [not_priors_1]: (recidivism:yes) = False
else if [gender_Male__AND__age_18-20]: (recidivism:yes) = True
else (recidivism:yes) = False",0.5317535545023697,0.00458197905381004
Average,0.53410844734851,0.002906910830002734,0.4672915526514899,0.5547688727076224,0.5310011960754337,0.0034784409726665326,434936.6,185043.6,1.4,,0.530047393364929,0.003201403359070552
