Fold#,Training accuracy,Training Unfairness(5),Training objective function,Training Sample-Robustness,Test accuracy,Test unfairness,#Nodes explored for best solution,Cache size for best solution,Average length,RL,Validation accuracy,Validation unfairness
0,0.8097695218438252,0.0045840448741713,0.19423047815617478,0.002973830293417922,0.808814858490566,0.06711425317897135,3202417,996186,4,"RULELIST:
 if [capitalGain_7073.5_to_inf]: (income > 50K) = True
else if [workclass_private__AND__capitalLoss_-inf_to_1534.0]: (income > 50K) = False
else if [occupation_professional__AND__hoursPerWeek_40.5_to_inf]: (income > 50K) = True
else if [capitalLoss_1881.5_to_1978.5]: (income > 50K) = True
else (income > 50K) = False",0.8077830188679245,0.0026789429879316984
1,0.7564499484004128,0.0028656212108082446,0.2455500515995872,0.006191332135010985,0.7539799528301887,0.023517555120149525,4184,3618,2,"RULELIST:
 if [not_education_associates]: (income > 50K) = False
else if [capitalGain_7073.5_to_inf]: (income > 50K) = True
else (income > 50K) = False",0.7502948113207547,0.013761092150170628
2,0.7515479115479116,0.0027314617586466916,0.25045208845208844,0.0062708210856359005,0.7565973757924223,0.0005647239431986195,23864,13844,2,"RULELIST:
 if [not_workclass_fedGov]: (income > 50K) = False
else if [capitalGain_7073.5_to_inf]: (income > 50K) = True
else (income > 50K) = False",0.7589917452830188,0.007801418439716268
3,0.7520884520884521,0.0,0.2479115479115479,1.0,0.7573345127524694,0.0,0,0,0,"RULELIST:
(income > 50K) = False",0.746314858490566,0.0
4,0.7510565110565111,0.0014210850081372017,0.25094348894348895,0.007434944237918215,0.7509951348960637,0.0038831153590381806,16507,11424,2,"RULELIST:
 if [not_age_29.5_to_35.5]: (income > 50K) = False
else if [capitalLoss_1881.5_to_1978.5]: (income > 50K) = True
else (income > 50K) = False",0.7682783018867925,0.004399562183943884
Average,0.7641824689874226,0.0023204425703526876,0.23781753101257747,0.20457418555039658,0.7655443669523421,0.019015929520271535,649394.4,205014.4,2.0,,0.7663325471698113,0.0057282031523524955
