Fold#,Training accuracy,Training Unfairness(1),Training objective function,Training Sample-Robustness,Test accuracy,Test unfairness,#Nodes explored for best solution,Cache size for best solution,Average length,RL,Validation accuracy,Validation unfairness
0,0.5320897881757825,0.007913884148997212,0.47091021182421755,0.17578248498261145,0.5516587677725119,0.010401493930905696,2117582,894959,3,"RULELIST:
 if [priors_1__AND__charge_degree_Felony]: (recidivism:yes) = False
else if [age_26-45__AND__juvenile-felonies_=0]: (recidivism:yes) = False
else if [juvenile-misdemeanors_>0__AND__juvenile-crimes_>0]: (recidivism:yes) = True
else (recidivism:yes) = False",0.5393364928909953,0.008144912835807337
1,0.5374644325007903,0.005994944023113038,0.46553556749920966,0.14163768574138477,0.5535545023696683,0.01012283306373581,2045776,884871,3,"RULELIST:
 if [priors_1__AND__charge_degree_Felony]: (recidivism:yes) = False
else if [age_26-45__AND__juvenile-felonies_=0]: (recidivism:yes) = False
else if [juvenile-misdemeanors_>0__AND__juvenile-crimes_>0]: (recidivism:yes) = True
else (recidivism:yes) = False",0.5213270142180095,0.01483679525222552
2,0.5349351881125514,0.0037340488758454944,0.46706481188744864,0.2880177047107177,0.5345971563981042,0.011567932889685939,22061,14355,2,"RULELIST:
 if [juvenile-misdemeanors_=0__AND__charge_degree_Felony]: (recidivism:yes) = False
else if [age_18-20]: (recidivism:yes) = True
else (recidivism:yes) = False",0.5412322274881517,0.005529225908372829
3,0.5281289506953224,0.0,0.4718710493046776,1.0,0.5332068311195446,0.0,0,0,0,"RULELIST:
(recidivism:yes) = False",0.5279620853080569,0.0
4,0.5474083438685209,0.0009208122227453066,0.4545916561314791,0.2670670037926675,0.4981024667931689,0.004306720690901483,22616,14223,2,"RULELIST:
 if [gender_Male__AND__juvenile-misdemeanors_=0]: (recidivism:yes) = False
else if [gender_Male__AND__age_21-22]: (recidivism:yes) = True
else (recidivism:yes) = False",0.5260663507109005,0.013971650415312387
Average,0.5360053406705936,0.0037127378541402106,0.46599465932940654,0.37450097584547626,0.5342239448905997,0.007279796115045785,841607.0,361681.6,2.0,,0.5311848341232228,0.008496516882343614
