Fold#,Training accuracy,Training Unfairness(4),Training objective function,Training Sample-Robustness,Test accuracy,Test unfairness,#Nodes explored for best solution,Cache size for best solution,Average length,RL,Validation accuracy,Validation unfairness
0,0.8943128921270997,0.003993779666267128,0.10868710787290026,0.006423982869379015,0.8981177899210686,0.015460576483147803,918526,330260,3,"RULELIST:
 if [job_retired]: (subscribe:yes) = False
else if [education_unknown]: (subscribe:yes) = False
else if [poutcome_failure]: (subscribe:yes) = False
else (subscribe:yes) = True",0.892046144505161,0.0448325568763448
1,0.8939081157660392,0.006073870928045233,0.10909188423396077,0.00718132854578097,0.8931390406800243,0.01429134634338658,802435,323370,3,"RULELIST:
 if [loan_no__AND__poutcome_failure]: (subscribe:yes) = False
else if [job_retired]: (subscribe:yes) = False
else if [loan_no__AND__default_no]: (subscribe:yes) = True
else (subscribe:yes) = False",0.898360655737705,0.010498610043177425
2,0.8943938473993118,0.0068515037593984696,0.10860615260068818,0.007155635062611807,0.8993321190042501,0.009232682740145437,1438458,464735,3,"RULELIST:
 if [job_retired]: (subscribe:yes) = False
else if [job_self-employed]: (subscribe:yes) = False
else if [poutcome_success]: (subscribe:yes) = True
else (subscribe:yes) = False",0.8950819672131147,0.03678973553286202
3,0.8880793361667678,0.0,0.11192066383323218,1.0,0.8825743776563448,0.0,0,0,0,"RULELIST:
(subscribe:yes) = False",0.8898603521554341,0.0
4,0.8873102610807528,0.0,0.11268973891924716,1.0,0.8873102610807528,0.0,0,0,0,"RULELIST:
(subscribe:yes) = False",0.8874316939890711,0.0
Average,0.8916008905079943,0.003383830870742166,0.1101991094920057,0.40415218929555435,0.8920947176684881,0.007796921113335964,631883.8,223673.0,1.8,,0.8925561627200972,0.01842418049047685
