Fold#,Training accuracy,Training Unfairness(1),Training objective function,Training Sample-Robustness,Test accuracy,Test unfairness,#Nodes explored for best solution,Cache size for best solution,Average length,RL,Validation accuracy,Validation unfairness
0,0.5570660765096428,0.0030642046434006254,0.4459339234903572,0.010749288650015808,0.5099526066350711,0.03925303454715212,890350,484084,3,"RULELIST:
 if [charge_degree_Felony__AND__priors_0]: (recidivism:yes) = False
else if [gender_Male__AND__juvenile-misdemeanors_=0]: (recidivism:yes) = True
else if [priors_2-3]: (recidivism:yes) = True
else (recidivism:yes) = False",0.5459715639810426,0.059595630814415546
1,0.5371482769522605,0.005716408679011886,0.4658517230477395,0.03066708820739804,0.5535545023696683,0.01012283306373581,2058817,887313,3,"RULELIST:
 if [age_26-45__AND__juvenile-felonies_=0]: (recidivism:yes) = False
else if [gender_Male__AND__priors_1]: (recidivism:yes) = False
else if [juvenile-misdemeanors_>0__AND__juvenile-crimes_>0]: (recidivism:yes) = True
else (recidivism:yes) = False",0.5213270142180095,0.01483679525222552
2,0.540942143534619,0.002687475742723211,0.462057856465381,0.01138159974707556,0.5327014218009478,0.05212609862014794,1892562,850607,3,"RULELIST:
 if [juvenile-misdemeanors_>0__AND__charge_degree_Misdemeanor]: (recidivism:yes) = True
else if [charge_degree_Felony__AND__priors_0]: (recidivism:yes) = False
else if [age_26-45__AND__juvenile-crimes_=0]: (recidivism:yes) = False
else (recidivism:yes) = True",0.5374407582938389,0.022906793048973195
3,0.5398230088495575,0.002188705115405809,0.46317699115044253,0.011378002528445006,0.5654648956356736,0.013519495867545861,2011295,884659,3,"RULELIST:
 if [age_23-25__AND__priors_0]: (recidivism:yes) = False
else if [age_>45__AND__priors_1]: (recidivism:yes) = False
else if [age_26-45__AND__juvenile-crimes_=0]: (recidivism:yes) = False
else (recidivism:yes) = True",0.5545023696682464,0.021357691570457527
4,0.549936788874842,0.00910193847564099,0.452063211125158,0.04993678887484197,0.5037950664136622,0.012623409233578724,23839,14463,2,"RULELIST:
 if [gender_Male__AND__priors_0]: (recidivism:yes) = False
else if [gender_Male__AND__age_18-20]: (recidivism:yes) = True
else (recidivism:yes) = False",0.5374407582938389,0.013971650415312387
Average,0.5449832589441844,0.004551746531236504,0.4578167410558157,0.022822553601555277,0.5330936985710046,0.02552897426643209,1375372.6,624225.2,2.8,,0.5393364928909954,0.026533712220276832
