Fold#,Training accuracy,Training Unfairness(1),Training objective function,Training Sample-Robustness,Test accuracy,Test unfairness,#Nodes explored for best solution,Cache size for best solution,Average length,RL,Validation accuracy,Validation unfairness
0,0.7988438663776333,0.004605812582962304,0.20415613362236673,0.006558834973042077,0.7975991997332444,0.011393778075077458,242351,152562,3,"RULELIST:
 if [not_PAY_0_Pay_delay>=1]: (default_payment:yes) = False
else if [PAY_AMT1_very_low]: (default_payment:yes) = False
else if [PAY_4_Pay_duly__AND__PAY_5_Pay_duly]: (default_payment:yes) = False
else (default_payment:yes) = True",0.7872269468067367,0.0038342345502833386
1,0.7857261964315491,0.0008384230819480486,0.21727380356845094,0.06286476571619143,0.7882274470568618,0.00315135323227393,846449,453604,3,"RULELIST:
 if [PAY_0_Pay_duly]: (default_payment:yes) = False
else if [not_PAY_AMT4_low]: (default_payment:yes) = False
else if [PAY_5_Pay_delay>=1]: (default_payment:yes) = True
else (default_payment:yes) = False",0.7784261420473492,0.00039886029964437963
2,0.7928964482241121,0.00316625883321104,0.2101035517758879,0.007448168528708799,0.7958979489744873,0.01406829649387601,254445,160837,3,"RULELIST:
 if [PAY_AMT1_very_low]: (default_payment:yes) = False
else if [PAY_0_Pay_duly__AND__PAY_2_Pay_duly]: (default_payment:yes) = False
else if [PAY_4_Pay_duly]: (default_payment:yes) = False
else (default_payment:yes) = True",0.8011003667889296,0.0075347859562222425
3,0.7963981990995498,0.003909212965797319,0.20660180090045022,0.006947918403646267,0.7913956978489245,0.006076658631537786,861987,389777,3,"RULELIST:
 if [not_PAY_0_Pay_delay>=1]: (default_payment:yes) = False
else if [PAY_AMT2_very_low]: (default_payment:yes) = False
else if [PAY_5_Pay_delay>=1]: (default_payment:yes) = True
else (default_payment:yes) = False",0.7909303101033678,0.00788873543582519
4,0.7949530320715914,0.00422947148336595,0.2080469679284086,0.006781168361958757,0.7902284475571119,0.002521588513776353,722414,341659,3,"RULELIST:
 if [PAY_0_Pay_duly]: (default_payment:yes) = False
else if [MARRIAGE_Single]: (default_payment:yes) = False
else if [PAY_3_Pay_duly__AND__PAY_5_Pay_duly]: (default_payment:yes) = False
else (default_payment:yes) = True",0.7974324774924975,6.273765677417692e-05
Average,0.793763548440887,0.0033498357894569328,0.20923645155911288,0.018120171196709466,0.792669748234126,0.007442334989308308,585529.2,299687.8,3.0,,0.7910232486477762,0.003943870779749866
