Fold#,Training accuracy,Training Unfairness(5),Training objective function,Training Sample-Robustness,Test accuracy,Test unfairness,#Nodes explored for best solution,Cache size for best solution,Average length,RL,Validation accuracy,Validation unfairness
0,0.8066811183369462,0.00539618013831239,0.19731888166305378,0.006120560814176927,0.8069356452150717,0.006280416811531471,3585612,1235201,4,"RULELIST:
 if [BILL_AMT1_very_low]: (default_payment:yes) = False
else if [PAY_0_Pay_duly__AND__PAY_2_Pay_duly]: (default_payment:yes) = False
else if [AGE_very_low]: (default_payment:yes) = True
else if [PAY_4_Pay_duly__AND__PAY_5_Pay_duly]: (default_payment:yes) = False
else (default_payment:yes) = True",0.7977321994330498,0.007954818769092889
1,0.8031793674615085,0.00356113898904456,0.19982063253849147,0.007415858528237307,0.8049024512256128,0.012677160780669161,832501,376329,3,"RULELIST:
 if [PAY_0_Pay_duly]: (default_payment:yes) = False
else if [AGE_very_low]: (default_payment:yes) = True
else if [PAY_4_Pay_duly__AND__PAY_5_Pay_duly]: (default_payment:yes) = False
else (default_payment:yes) = True",0.7987662554184728,0.008216527725981582
2,0.8022344505586126,0.0038913979705765198,0.20176554944138736,0.007160246312473149,0.8029014507253627,0.029722523945887147,4746887,1842285,4,"RULELIST:
 if [PAY_0_Pay_duly]: (default_payment:yes) = False
else if [PAY_5_Pay_delay>=1]: (default_payment:yes) = True
else if [BILL_AMT2_very_low]: (default_payment:yes) = False
else if [MARRIAGE_Married]: (default_payment:yes) = True
else (default_payment:yes) = False",0.8072690896965655,0.01393296130138233
3,0.7815018620421321,0.0,0.21849813795786788,1.0,0.7723861930965483,0.0,0,0,0,"RULELIST:
(default_payment:yes) = False",0.7765921973991331,0.0
4,0.7923406147518204,0.0006960033721853387,0.21065938524817962,0.007806597834298665,0.7880606970151742,0.007970358688542234,873277,444145,3,"RULELIST:
 if [PAY_6_Pay_duly__AND__PAY_5_Pay_duly]: (default_payment:yes) = False
else if [MARRIAGE_Single]: (default_payment:yes) = False
else if [PAY_0_Pay_duly]: (default_payment:yes) = False
else (default_payment:yes) = True",0.7962654218072691,0.012981732914791433
Average,0.797187482630204,0.0027089440940237615,0.20561251736979602,0.20570065269783724,0.7950372874555539,0.011330092045326003,2007655.4,779592.0,2.8,,0.795325032750898,0.008617208142249647
