Fold#,Training accuracy,Training Unfairness(4),Training objective function,Training Sample-Robustness,Test accuracy,Test unfairness,#Nodes explored for best solution,Cache size for best solution,Average length,RL,Validation accuracy,Validation unfairness
0,0.7521254115681361,0.0,0.24787458843186394,1.0,0.7492629716981132,0.0,0,0,0,"RULELIST:
(income > 50K) = False",0.7542747641509434,0.0
1,0.7539436827362523,0.0,0.24605631726374766,1.0,0.7508844339622641,0.0,0,0,0,"RULELIST:
(income > 50K) = False",0.7471992924528302,0.0
2,0.7492383292383292,0.0,0.2507616707616708,1.0,0.754828247088309,0.0,0,0,0,"RULELIST:
(income > 50K) = False",0.7573702830188679,0.0
3,0.7520884520884521,0.0,0.2479115479115479,1.0,0.7573345127524694,0.0,0,0,0,"RULELIST:
(income > 50K) = False",0.746314858490566,0.0
4,0.8107125307125307,0.0014013185991725852,0.19328746928746932,0.001565251418509098,0.8121775025799793,0.013902543975173098,1248603,366839,4,"RULELIST:
 if [not_capitalGain_-inf_to_5095.5]: (income > 50K) = True
else if [capitalLoss_1881.5_to_1978.5]: (income > 50K) = True
else if [hoursPerWeek_-inf_to_34.5]: (income > 50K) = False
else if [education_masters_doctorate__AND__capitalLoss_-inf_to_1534.0]: (income > 50K) = True
else (income > 50K) = False",0.8223761792452831,0.021872458557286034
Average,0.7636216812687401,0.000280263719834517,0.23717831873125989,0.8003130502837019,0.7648975336162269,0.00278050879503462,249720.6,73367.8,0.8,,0.765507075471698,0.004374491711457207
