Fold#,Training accuracy,Training Unfairness(5),Training objective function,Training Sample-Robustness,Test accuracy,Test unfairness,#Nodes explored for best solution,Cache size for best solution,Average length,RL,Validation accuracy,Validation unfairness
0,0.5260828327537148,0.005997679586258409,0.4759171672462852,0.2256783587028458,0.5497630331753555,0.012618296529968487,21868,14134,2,"RULELIST:
 if [juvenile-misdemeanors_=0__AND__charge_degree_Felony]: (recidivism:yes) = False
else if [age_18-20__AND__charge_degree_Felony]: (recidivism:yes) = True
else (recidivism:yes) = False",0.5345971563981042,0.00392156862745098
1,0.5311413215301929,0.0031109889792022218,0.4708586784698071,0.1285140562248996,0.547867298578199,0.009287925696594423,23973,14818,2,"RULELIST:
 if [not_priors_1]: (recidivism:yes) = False
else if [juvenile-misdemeanors_=0__AND__age_18-20]: (recidivism:yes) = True
else (recidivism:yes) = False",0.5251184834123223,0.009101335602501037
2,0.5333544103699019,0.005698324717416603,0.46864558963009806,0.23319892473118278,0.5298578199052133,0.009090909090909038,18350,12967,2,"RULELIST:
 if [not_priors_2-3]: (recidivism:yes) = False
else if [juvenile-felonies_=0__AND__age_18-20]: (recidivism:yes) = True
else (recidivism:yes) = False",0.5317535545023697,0.006249999999999978
3,0.5316055625790139,0.008028088207962636,0.4703944374209861,0.2217012726054923,0.538899430740038,0.004098360655737705,21221,14137,2,"RULELIST:
 if [gender_Male__AND__juvenile-misdemeanors_=0]: (recidivism:yes) = False
else if [gender_Male__AND__age_18-20]: (recidivism:yes) = True
else (recidivism:yes) = False",0.5298578199052133,0.006211180124223614
4,0.5464601769911505,0.004595819005512869,0.45553982300884954,0.08482758620689655,0.5,0.025862068965517238,22855,14280,2,"RULELIST:
 if [gender_Male__AND__juvenile-crimes_=0]: (recidivism:yes) = False
else if [priors_>3__AND__juvenile-felonies_>0]: (recidivism:yes) = True
else (recidivism:yes) = False",0.5279620853080569,0.00964630225080386
Average,0.5337288608447948,0.005486180099270548,0.46827113915520524,0.17878403969426343,0.5332775164797612,0.012191512187745378,21653.4,14067.2,2.0,,0.5298578199052134,0.007026077320995893
