Fold#,Training accuracy,Training Unfairness(4),Training objective function,Training Sample-Robustness,Test accuracy,Test unfairness,#Nodes explored for best solution,Cache size for best solution,Average length,RL,Validation accuracy,Validation unfairness
0,0.7810016119170696,0.0,0.21899838808293037,1.0,0.782427475825275,0.0,0,0,0,"RULELIST:
(default_payment:yes) = False",0.768050692012673,0.0
1,0.779500861541882,0.0,0.22049913845811797,1.0,0.7822244455561114,0.0,0,0,0,"RULELIST:
(default_payment:yes) = False",0.772757585861954,0.0
2,0.7995108665443833,0.002123646075075647,0.2034891334556167,0.011925465838509317,0.7978989494747374,0.010222554510102677,996587,429218,3,"RULELIST:
 if [PAY_0_Pay_duly]: (default_payment:yes) = False
else if [AGE_very_low]: (default_payment:yes) = True
else if [PAY_5_Pay_duly__AND__PAY_2_Pay_duly]: (default_payment:yes) = False
else (default_payment:yes) = True",0.8069356452150717,0.0433307801728855
3,0.8052359513089878,0.0021542571571613323,0.19876404869101216,0.011956245230221318,0.8055694513923628,0.041368386046592986,3931636,1414357,4,"RULELIST:
 if [PAY_0_Pay_duly__AND__PAY_2_Pay_duly]: (default_payment:yes) = False
else if [BILL_AMT1_very_low]: (default_payment:yes) = False
else if [not_PAY_AMT2_very_high]: (default_payment:yes) = True
else if [PAY_AMT6_very_low]: (default_payment:yes) = True
else (default_payment:yes) = False",0.8002667555851951,0.004764587306650747
4,0.7883941970985493,0.0007303133975747889,0.2146058029014507,0.012591286829513977,0.7857261964315491,0.04414834992517985,539282,301073,3,"RULELIST:
 if [PAY_0_Pay_duly]: (default_payment:yes) = False
else if [BILL_AMT4_very_high]: (default_payment:yes) = True
else if [LIMIT_BAL_very_high]: (default_payment:yes) = False
else (default_payment:yes) = True",0.7890963654551517,0.0018248175182481452
Average,0.7907286976821745,0.0010016433259623537,0.2112713023178256,0.40729459957964886,0.7907693037360072,0.019147858096375103,1093501.0,428929.6,2.0,,0.7874214088260091,0.009984036999556878
