Fold#,Training accuracy,Training Unfairness(5),Training objective function,Training Sample-Robustness,Test accuracy,Test unfairness,#Nodes explored for best solution,Cache size for best solution,Average length,RL,Validation accuracy,Validation unfairness
0,0.7543859649122807,3.4032415876184e-05,0.2476140350877193,0.021808088818398096,0.7513266509433962,0.0007749731131777571,25144,14055,2,"RULELIST:
 if [not_workclass_fedGov]: (income > 50K) = False
else if [capitalGain_7073.5_to_inf]: (income > 50K) = True
else (income > 50K) = False",0.7557488207547169,0.0026124751468071805
1,0.7539436827362523,0.0,0.24605631726374766,1.0,0.7508844339622641,0.0,0,0,0,"RULELIST:
(income > 50K) = False",0.7471992924528302,0.0
2,0.7492383292383292,0.0,0.2507616707616708,1.0,0.754828247088309,0.0,0,0,0,"RULELIST:
(income > 50K) = False",0.7573702830188679,0.0
3,0.7520884520884521,0.0,0.2479115479115479,1.0,0.7573345127524694,0.0,0,0,0,"RULELIST:
(income > 50K) = False",0.746314858490566,0.0
4,0.7488452088452089,0.0,0.2511547911547911,1.0,0.7476043048798466,0.0,0,0,0,"RULELIST:
(income > 50K) = False",0.7657724056603774,0.0
Average,0.7517003275641047,6.8064831752367995e-06,0.24869967243589536,0.8043616177636796,0.752395629925257,0.00015499462263555142,5028.8,2811.0,0.4,,0.7544811320754717,0.0005224950293614361
