Fold#,Training accuracy,Training Unfairness(4),Training objective function,Training Sample-Robustness,Test accuracy,Test unfairness,#Nodes explored for best solution,Cache size for best solution,Average length,RL,Validation accuracy,Validation unfairness
0,0.7810016119170696,0.0,0.21899838808293037,1.0,0.782427475825275,0.0,0,0,0,"RULELIST:
(default_payment:yes) = False",0.768050692012673,0.0
1,0.779500861541882,0.0,0.22049913845811797,1.0,0.7822244455561114,0.0,0,0,0,"RULELIST:
(default_payment:yes) = False",0.772757585861954,0.0
2,0.8010116169195709,0.0025979974178393928,0.2029883830804291,0.016149068322981366,0.798732699683175,0.006684158802259033,5165355,2131614,4,"RULELIST:
 if [PAY_0_Pay_duly]: (default_payment:yes) = False
else if [BILL_AMT2_very_low]: (default_payment:yes) = False
else if [not_AGE_high]: (default_payment:yes) = True
else if [PAY_3_Pay_duly__AND__PAY_5_Pay_duly]: (default_payment:yes) = False
else (default_payment:yes) = True",0.8097699233077692,0.02532735164314115
3,0.8050692012673003,0.002771756361877209,0.1989307987326997,0.016280844568812007,0.807570451892613,0.025024941802460843,4597900,1783387,4,"RULELIST:
 if [PAY_0_Pay_duly__AND__PAY_2_Pay_duly]: (default_payment:yes) = False
else if [BILL_AMT1_very_low]: (default_payment:yes) = False
else if [not_LIMIT_BAL_very_high]: (default_payment:yes) = True
else if [not_PAY_AMT3_middle]: (default_payment:yes) = False
else (default_payment:yes) = True",0.8021007002334112,0.00869435376042682
4,0.796787282530154,0.00299477507327639,0.20621271746984604,0.01636867287836817,0.7907286976821745,0.018693828908343035,534459,288993,3,"RULELIST:
 if [PAY_0_Pay_duly]: (default_payment:yes) = False
else if [EDUCATION_University]: (default_payment:yes) = True
else if [PAY_6_Pay_duly__AND__PAY_2_Pay_duly]: (default_payment:yes) = False
else (default_payment:yes) = True",0.7950983661220407,0.008140766234257413
Average,0.7926741148351953,0.0016729057705985983,0.20952588516480466,0.40975971715403225,0.7923367541278699,0.010080585902612581,2059542.8,840798.8,2.2,,0.7895554535075695,0.008432494327565076
