Fold#,Training accuracy,Training Unfairness(1),Training objective function,Training Sample-Robustness,Test accuracy,Test unfairness,#Nodes explored for best solution,Cache size for best solution,Average length,RL,Validation accuracy,Validation unfairness
0,0.7810016119170696,0.0,0.21899838808293037,1.0,0.782427475825275,0.0,0,0,0,"RULELIST:
(default_payment:yes) = False",0.768050692012673,0.0
1,0.779500861541882,0.0,0.22049913845811797,1.0,0.7822244455561114,0.0,0,0,0,"RULELIST:
(default_payment:yes) = False",0.772757585861954,0.0
2,0.7762770274025902,0.0,0.2237229725974098,1.0,0.7807236951809238,0.0,0,0,0,"RULELIST:
(default_payment:yes) = False",0.7839279759919974,0.0
3,0.7847812795286532,0.0007976326942856302,0.21821872047134683,0.06675560002223334,0.7757211939302985,0.006054829540480123,1473152,723430,3,"RULELIST:
 if [not_BILL_AMT2_high]: (default_payment:yes) = False
else if [not_BILL_AMT6_very_high]: (default_payment:yes) = False
else if [PAY_0_Pay_duly__AND__PAY_2_Pay_duly]: (default_payment:yes) = False
else (default_payment:yes) = True",0.7792597532510837,0.003907275524051457
4,0.7792785281529654,0.0,0.2207214718470346,1.0,0.7757211939302985,0.0,0,0,0,"RULELIST:
(default_payment:yes) = False",0.7799266422140714,0.0
Average,0.7801678617086322,0.00015952653885712605,0.22043213829136793,0.8133511200044466,0.7793636008845815,0.0012109659080960246,294630.4,144686.0,0.6,,0.7767845298663558,0.0007814551048102913
