Fold#,Training accuracy,Training Unfairness(5),Training objective function,Training Sample-Robustness,Test accuracy,Test unfairness,#Nodes explored for best solution,Cache size for best solution,Average length,RL,Validation accuracy,Validation unfairness
0,0.8950010119409026,0.007850832755647987,0.10799898805909736,0.0018718896954755056,0.8971463266545234,0.009709724975852763,1256941,379140,3,"RULELIST:
 if [marital_single]: (subscribe:yes) = False
else if [not_nr_employed_very_low]: (subscribe:yes) = False
else if [poutcome_failure__AND__default_no]: (subscribe:yes) = False
else (subscribe:yes) = True",0.892896174863388,0.02834938475358806
1,0.8942724144909937,0.006622488916926429,0.1087275855090063,0.00291970802919708,0.8943533697632058,0.008344832117747503,624706,262412,3,"RULELIST:
 if [marital_single]: (subscribe:yes) = False
else if [not_nr_employed_very_low]: (subscribe:yes) = False
else if [poutcome_failure]: (subscribe:yes) = False
else (subscribe:yes) = True",0.8994535519125683,0.003069734429526294
2,0.8949200566686906,0.003979213255266237,0.10807994333130944,0.0025044722719141325,0.8984820886460231,0.00726657196738371,1112580,357086,3,"RULELIST:
 if [marital_single]: (subscribe:yes) = False
else if [not_nr_employed_very_low]: (subscribe:yes) = False
else if [poutcome_failure]: (subscribe:yes) = False
else (subscribe:yes) = True",0.8933819064966606,0.00412685546288531
3,0.8986035215543412,0.00810664233761626,0.1043964784456588,0.0016408386508659982,0.8898603521554341,0.01601079469931932,1059958,342424,3,"RULELIST:
 if [job_retired]: (subscribe:yes) = False
else if [duration_low]: (subscribe:yes) = False
else if [poutcome_failure]: (subscribe:yes) = False
else (subscribe:yes) = True",0.9012750455373406,0.017200039146604035
4,0.8962962962962963,0.009573018096229097,0.10670370370370375,0.0004105652114410839,0.8930176077717061,0.013482334407394495,723642,292391,3,"RULELIST:
 if [education_basic.4y]: (subscribe:yes) = False
else if [job_student]: (subscribe:yes) = False
else if [poutcome_failure]: (subscribe:yes) = False
else (subscribe:yes) = True",0.892896174863388,0.030498212432245375
Average,0.8958186601902447,0.0072264390723372025,0.10718133980975512,0.00186949477177876,0.8945719489981785,0.010962851633539559,955565.4,326690.6,3.0,,0.8959805707346691,0.016648845244969814
