Fold#,Training accuracy,Training Unfairness(3),Training objective function,Training Sample-Robustness,Test accuracy,Test unfairness,#Nodes explored for best solution,Cache size for best solution,Average length,RL,Validation accuracy,Validation unfairness
0,0.7891167806125284,0.002142190366918136,0.21388321938747157,0.09187958152444665,0.7910970323441147,0.00020070010952162771,886782,443389,3,"RULELIST:
 if [PAY_4_Pay_duly__AND__PAY_5_Pay_duly]: (default_payment:yes) = False
else if [not_AGE_very_high]: (default_payment:yes) = False
else if [PAY_0_Pay_duly]: (default_payment:yes) = False
else (default_payment:yes) = True",0.776221444055361,0.0020019780261454727
1,0.7874492801956534,0.0010895259103342837,0.2155507198043466,0.07030804335424985,0.7923961980990495,0.003446682534480258,836016,432290,3,"RULELIST:
 if [PAY_0_Pay_duly]: (default_payment:yes) = False
else if [not_AGE_very_high]: (default_payment:yes) = False
else if [PAY_4_Pay_duly__AND__PAY_5_Pay_duly]: (default_payment:yes) = False
else (default_payment:yes) = True",0.7799266422140714,0.0014432923921360447
2,0.78633761325107,0.002442872613337338,0.21666238674893,0.00529858227123013,0.7863931965982992,0.020990096663460273,517666,294063,3,"RULELIST:
 if [PAY_0_Pay_duly]: (default_payment:yes) = False
else if [not_LIMIT_BAL_very_high]: (default_payment:yes) = True
else if [BILL_AMT5_very_high]: (default_payment:yes) = True
else (default_payment:yes) = False",0.7942647549183061,0.009644214242221033
3,0.7888944472236118,0.001181324313243132,0.2141055527763882,0.14132290184921764,0.7787226946806737,0.00397585983312789,402826,244633,3,"RULELIST:
 if [PAY_3_Pay_duly]: (default_payment:yes) = False
else if [not_PAY_AMT1_very_low]: (default_payment:yes) = False
else if [PAY_6_Pay_duly]: (default_payment:yes) = False
else (default_payment:yes) = True",0.7827609203067689,0.0044120480665666715
4,0.78767161358457,0.001633540099544601,0.21532838641542995,0.07596291012838802,0.7820576955144238,0.00045804518638188196,639546,358157,3,"RULELIST:
 if [PAY_0_Pay_duly]: (default_payment:yes) = False
else if [not_AGE_very_high]: (default_payment:yes) = False
else if [PAY_4_Pay_duly__AND__PAY_5_Pay_duly]: (default_payment:yes) = False
else (default_payment:yes) = True",0.7895965321773925,0.0037147790342963206
Average,0.7878939469734867,0.0016978906606754981,0.21510605302651326,0.07695440382550646,0.7861333634473121,0.0058142768653943865,656567.2,354506.4,3.0,,0.78455405873438,0.0042432623522731085
