Fold#,Training accuracy,Training Unfairness(5),Training objective function,Training Sample-Robustness,Test accuracy,Test unfairness,#Nodes explored for best solution,Cache size for best solution,Average length,RL,Validation accuracy,Validation unfairness
0,0.7810016119170696,0.0,0.21899838808293037,1.0,0.782427475825275,0.0,0,0,0,"RULELIST:
(default_payment:yes) = False",0.768050692012673,0.0
1,0.7865599466399866,0.0022501603565523443,0.21644005336001337,0.0025207965717166624,0.7872269468067367,0.008441704973799688,925201,493281,3,"RULELIST:
 if [PAY_0_Pay_duly]: (default_payment:yes) = False
else if [MARRIAGE_Married]: (default_payment:yes) = True
else if [BILL_AMT1_middle]: (default_payment:yes) = True
else (default_payment:yes) = False",0.7827609203067689,0.012427464675133337
2,0.7802790284030904,0.0007497399073407465,0.22272097159690962,0.002732919254658385,0.7812239453059864,0.0036065774191577082,2880529,1064906,3,"RULELIST:
 if [not_BILL_AMT1_high]: (default_payment:yes) = False
else if [not_PAY_AMT1_high]: (default_payment:yes) = False
else if [PAY_2_Pay_delay>=1]: (default_payment:yes) = True
else (default_payment:yes) = False",0.7860953651217072,0.004019404019404038
3,0.7815018620421321,0.0,0.21849813795786788,1.0,0.7723861930965483,0.0,0,0,0,"RULELIST:
(default_payment:yes) = False",0.7765921973991331,0.0
4,0.7933966983491746,0.0017983541611127432,0.2096033016508254,0.0020684736091298147,0.7848924462231116,0.004265194756319368,743357,373616,3,"RULELIST:
 if [PAY_0_Pay_duly]: (default_payment:yes) = False
else if [not_MARRIAGE_Married]: (default_payment:yes) = False
else if [BILL_AMT3_very_low]: (default_payment:yes) = False
else (default_payment:yes) = True",0.7907635878626209,0.04779509095722545
Average,0.7845478294702906,0.0009596508850011669,0.21725217052970933,0.4014644378871009,0.7816314014515316,0.003262695429855353,909817.4,386360.6,1.8,,0.7808525525405805,0.012848391930352565
