Fold#,Training accuracy,Training Unfairness(4),Training objective function,Training Sample-Robustness,Test accuracy,Test unfairness,#Nodes explored for best solution,Cache size for best solution,Average length,RL,Validation accuracy,Validation unfairness
0,0.8933819064966606,0.0013523280881860833,0.1096180935033394,0.0024982155603140615,0.8954462659380692,0.027521478318336623,284903,136460,3,"RULELIST:
 if [month_mar]: (subscribe:yes) = True
else if [marital_single]: (subscribe:yes) = False
else if [poutcome_failure]: (subscribe:yes) = False
else (subscribe:yes) = True",0.8927747419550698,0.031639751812313266
1,0.892855697227282,0.0018377320866641567,0.11014430277271803,0.0025134649910233393,0.8933819064966606,0.004435245416913092,1871200,510352,3,"RULELIST:
 if [job_retired]: (subscribe:yes) = False
else if [day_of_week_fri]: (subscribe:yes) = False
else if [poutcome_failure]: (subscribe:yes) = False
else (subscribe:yes) = True",0.8987249544626594,0.005157627018394728
2,0.8945962355798421,0.002365288220551376,0.10840376442015787,0.0025044722719141325,0.9000607164541591,0.020450631458094115,1312278,419989,3,"RULELIST:
 if [job_retired]: (subscribe:yes) = False
else if [education_basic.9y]: (subscribe:yes) = False
else if [poutcome_failure]: (subscribe:yes) = False
else (subscribe:yes) = True",0.8941105039465695,0.021711617351837242
3,0.8880793361667678,0.0,0.11192066383323218,1.0,0.8825743776563448,0.0,0,0,0,"RULELIST:
(subscribe:yes) = False",0.8898603521554341,0.0
4,0.8873102610807528,0.0,0.11268973891924716,1.0,0.8873102610807528,0.0,0,0,0,"RULELIST:
(subscribe:yes) = False",0.8874316939890711,0.0
Average,0.8912446873102612,0.0011110696790803231,0.11055531268973892,0.4015032305646503,0.8917547055251973,0.010481471038668765,693676.2,213360.2,1.8,,0.8925804493017608,0.011701799236509047
