Fold#,Training accuracy,Training Unfairness(5),Training objective function,Training Sample-Robustness,Test accuracy,Test unfairness,#Nodes explored for best solution,Cache size for best solution,Average length,RL,Validation accuracy,Validation unfairness
0,0.8943533697632058,0.003997938107680549,0.10864663023679422,0.0008674610783910879,0.8970248937462052,0.009398352905292007,1286216,404714,3,"RULELIST:
 if [marital_single]: (subscribe:yes) = False
else if [not_euribor3m_very_low]: (subscribe:yes) = False
else if [poutcome_failure]: (subscribe:yes) = False
else (subscribe:yes) = True",0.8930176077717061,0.025988676959074142
1,0.8932199959522363,0.004195842278335036,0.10978000404776367,0.000718132854578097,0.8925318761384335,0.007244234180957987,1518615,457915,3,"RULELIST:
 if [cons_conf_idx_very_high]: (subscribe:yes) = False
else if [marital_single]: (subscribe:yes) = False
else if [poutcome_failure]: (subscribe:yes) = False
else (subscribe:yes) = True",0.8975106253794778,0.009759271307742345
2,0.8949200566686906,0.003979213255266237,0.10807994333130944,0.0007155635062611807,0.8984820886460231,0.00726657196738371,1146444,375243,3,"RULELIST:
 if [marital_single]: (subscribe:yes) = False
else if [not_nr_employed_very_low]: (subscribe:yes) = False
else if [poutcome_failure]: (subscribe:yes) = False
else (subscribe:yes) = True",0.8933819064966606,0.00412685546288531
3,0.8951629224853268,0.003348454513968086,0.1078370775146732,0.0012306289881494985,0.8891317547055252,0.014893059975027212,1031073,365113,3,"RULELIST:
 if [education_basic.9y]: (subscribe:yes) = False
else if [marital_single]: (subscribe:yes) = False
else if [poutcome_failure]: (subscribe:yes) = False
else (subscribe:yes) = True",0.89605343047966,0.04377132797144612
4,0.8945962355798421,0.0038624987666978933,0.10840376442015787,0.0010036038501893161,0.894474802671524,0.009724106739032123,1594810,456165,3,"RULELIST:
 if [not_euribor3m_very_low]: (subscribe:yes) = False
else if [marital_single]: (subscribe:yes) = False
else if [poutcome_failure]: (subscribe:yes) = False
else (subscribe:yes) = True",0.8948391013964785,0.02777649636720103
Average,0.8944505160898603,0.0038767893843895604,0.10854948391013967,0.0009070780555138359,0.8943290831815421,0.009705265153538608,1315431.6,411830.0,3.0,,0.8949605343047967,0.022284525613669788
