Fold#,Training accuracy,Training Unfairness(3),Training objective function,Training Sample-Robustness,Test accuracy,Test unfairness,#Nodes explored for best solution,Cache size for best solution,Average length,RL,Validation accuracy,Validation unfairness
0,0.8926533090467517,0.0025755879059350508,0.10934669095324834,0.0087659224763731,0.8949605343047966,0.003025076448054337,14409,8815,2,"RULELIST:
 if [not_duration_high]: (subscribe:yes) = False
else if [poutcome_failure]: (subscribe:yes) = False
else (subscribe:yes) = True",0.8910746812386157,0.006479980433535166
1,0.8910746812386157,0.0016178373505574602,0.11192531876138434,0.07239963503649635,0.8904675166970248,0.0012922647333718322,1738068,494743,3,"RULELIST:
 if [cons_price_idx_low]: (subscribe:yes) = False
else if [not_duration_very_high]: (subscribe:yes) = False
else if [poutcome_failure]: (subscribe:yes) = False
else (subscribe:yes) = True",0.8961748633879781,0.003543341853379973
2,0.8933819064966606,0.0018516937544199438,0.1096180935033394,0.0027384755819260614,0.8971463266545234,0.004061921361324584,1202883,394239,3,"RULELIST:
 if [marital_single]: (subscribe:yes) = False
else if [cons_conf_idx_very_high]: (subscribe:yes) = False
else if [poutcome_failure]: (subscribe:yes) = False
else (subscribe:yes) = True",0.8924104432301153,0.003966006178664625
3,0.8939485934021453,0.0013156271910928644,0.10905140659785473,0.07174111212397448,0.8869459623557984,0.005540902755441193,911574,357523,3,"RULELIST:
 if [not_duration_very_high]: (subscribe:yes) = False
else if [education_basic.9y]: (subscribe:yes) = False
else if [poutcome_success]: (subscribe:yes) = True
else (subscribe:yes) = False",0.8948391013964785,0.006101976903503621
4,0.8931795183161303,0.003445464652290178,0.10982048168386971,0.016468226814470143,0.8919247115968427,0.0004757082196186793,306981,147338,3,"RULELIST:
 if [not_default_no]: (subscribe:yes) = False
else if [not_duration_very_high]: (subscribe:yes) = False
else if [poutcome_failure]: (subscribe:yes) = False
else (subscribe:yes) = True",0.8926533090467517,0.009582155009451797
Average,0.8928476017000607,0.0021612421708590993,0.1099523982999393,0.03442267440664802,0.8922890103217973,0.0028791747035621248,834783.0,280531.6,2.8,,0.8934304796599879,0.005934692075707036
