Fold#,Training accuracy,Training Unfairness(1),Training objective function,Training Sample-Robustness,Test accuracy,Test unfairness,#Nodes explored for best solution,Cache size for best solution,Average length,RL,Validation accuracy,Validation unfairness
0,0.5475814100537465,0.0008773310481919872,0.4554185899462535,0.0075877331647170405,0.5450236966824644,0.023043884220354804,1561140,753261,3,"RULELIST:
 if [age_26-45__AND__charge_degree_Misdemeanor]: (recidivism:yes) = False
else if [priors_2-3__AND__juvenile-felonies_=0]: (recidivism:yes) = True
else if [juvenile-misdemeanors_=0__AND__age_26-45]: (recidivism:yes) = True
else (recidivism:yes) = False",0.5345971563981042,0.07027636688441946
1,0.535883654758141,0.001978389642304179,0.46711634524185897,0.007903888713246918,0.5516587677725119,0.022668350727913344,1878320,846744,3,"RULELIST:
 if [priors_>3__AND__age_>45]: (recidivism:yes) = True
else if [age_26-45__AND__juvenile-crimes_=0]: (recidivism:yes) = False
else if [juvenile-misdemeanors_=0__AND__gender_Female]: (recidivism:yes) = False
else (recidivism:yes) = True",0.5345971563981042,0.01899187675724512
2,0.5349351881125514,0.0037340488758454944,0.46706481188744864,0.040784065760354093,0.5345971563981042,0.011567932889685939,22061,14355,2,"RULELIST:
 if [juvenile-misdemeanors_=0__AND__charge_degree_Felony]: (recidivism:yes) = False
else if [age_18-20]: (recidivism:yes) = True
else (recidivism:yes) = False",0.5412322274881517,0.005529225908372829
3,0.5344500632111252,0.003400302295370649,0.4675499367888748,0.06605562579013906,0.5351043643263758,0.0030950098740053812,18467,12959,2,"RULELIST:
 if [not_priors_1]: (recidivism:yes) = False
else if [gender_Male__AND__age_18-20]: (recidivism:yes) = True
else (recidivism:yes) = False",0.5317535545023697,0.01309328968903437
4,0.547724399494311,0.0011999593515325101,0.45427560050568905,0.061946902654867256,0.49620493358633777,0.003675169776864693,19749,13341,2,"RULELIST:
 if [priors_1__AND__juvenile-felonies_=0]: (recidivism:yes) = False
else if [age_21-22__AND__juvenile-crimes_>0]: (recidivism:yes) = True
else (recidivism:yes) = False",0.5364928909952607,0.004307361261586613
Average,0.5401149431259751,0.0022380062426489637,0.462285056874025,0.036855643216664874,0.5325177837531587,0.012810069497764831,699947.4,328132.0,2.4,,0.5357345971563982,0.02243962410013168
