Fold#,Training accuracy,Training Unfairness(5),Training objective function,Training Sample-Robustness,Test accuracy,Test unfairness,#Nodes explored for best solution,Cache size for best solution,Average length,RL,Validation accuracy,Validation unfairness
0,0.8044022011005503,0.0037832513677963017,0.19859779889944973,0.007188100491068251,0.8041013671223741,0.007758916323731158,651941,322953,3,"RULELIST:
 if [not_PAY_0_Pay_delay>=1]: (default_payment:yes) = False
else if [AGE_very_low]: (default_payment:yes) = True
else if [PAY_4_Pay_duly__AND__PAY_5_Pay_duly]: (default_payment:yes) = False
else (default_payment:yes) = True",0.7958979489744873,0.00426842674965322
1,0.7904507809460286,0.0020427833642628,0.2125492190539714,0.007986309184255563,0.7930631982657995,0.03432369114002487,948014,490879,3,"RULELIST:
 if [PAY_3_Pay_duly__AND__PAY_2_Pay_duly]: (default_payment:yes) = False
else if [not_MARRIAGE_Married]: (default_payment:yes) = False
else if [PAY_5_Pay_delay>=1]: (default_payment:yes) = True
else (default_payment:yes) = False",0.7840946982327442,0.005015891285297669
2,0.7892279473069869,0.0020065036661048863,0.21377205269301314,0.008198757763975155,0.7915624478906119,0.01602505325226755,699373,382143,3,"RULELIST:
 if [PAY_0_Pay_duly__AND__PAY_2_Pay_duly]: (default_payment:yes) = False
else if [PAY_AMT4_very_low]: (default_payment:yes) = False
else if [PAY_5_Pay_delay>=1]: (default_payment:yes) = True
else (default_payment:yes) = False",0.7952650883627876,0.007535470693365354
3,0.7815018620421321,0.0,0.21849813795786788,1.0,0.7723861930965483,0.0,0,0,0,"RULELIST:
(default_payment:yes) = False",0.7765921973991331,0.0
4,0.7792785281529654,0.0,0.2207214718470346,1.0,0.7757211939302985,0.0,0,0,0,"RULELIST:
(default_payment:yes) = False",0.7799266422140714,0.0
Average,0.7889722639097327,0.0015665076796327975,0.21282773609026737,0.4046746334878598,0.7873668800611264,0.011621532143204716,459865.6,239195.0,1.8,,0.7863553150366448,0.0033639577456632485
