Fold#,Training accuracy,Training Unfairness(1),Training objective function,Training Sample-Robustness,Test accuracy,Test unfairness,#Nodes explored for best solution,Cache size for best solution,Average length,RL,Validation accuracy,Validation unfairness
0,0.893705727585509,0.012423145555183888,0.10829427241449097,0.0064764217769682254,0.8961748633879781,0.009856571238325413,3887,2724,2,"RULELIST:
 if [marital_single]: (subscribe:yes) = False
else if [poutcome_failure]: (subscribe:yes) = False
else (subscribe:yes) = True",0.8925318761384335,0.017221259650141815
1,0.8941509815826756,0.01361116923761728,0.10884901841732442,0.005424003238210889,0.893624772313297,0.008513015624864985,592517,247859,3,"RULELIST:
 if [duration_very_low]: (subscribe:yes) = False
else if [marital_single]: (subscribe:yes) = False
else if [poutcome_success]: (subscribe:yes) = True
else (subscribe:yes) = False",0.8979963570127505,0.010892754724627748
2,0.8933009512244485,0.011999395570412071,0.10869904877555148,0.006840720501922688,0.897632058287796,0.017152378116766887,19418,10860,2,"RULELIST:
 if [marital_single]: (subscribe:yes) = False
else if [poutcome_failure]: (subscribe:yes) = False
else (subscribe:yes) = True",0.8922890103217972,0.01126697193353765
3,0.8942319368548877,0.011902413188511488,0.10876806314511234,0.006881198138028739,0.8892531876138433,0.010684712390082,1222802,388825,3,"RULELIST:
 if [job_housemaid]: (subscribe:yes) = False
else if [marital_single]: (subscribe:yes) = False
else if [poutcome_failure]: (subscribe:yes) = False
else (subscribe:yes) = True",0.8955676988463873,0.0094711953945231
4,0.8951629224853268,0.009038418677998011,0.1078370775146732,0.009269378668285772,0.8947176684881603,0.014819878020774897,1504356,422346,3,"RULELIST:
 if [duration_low]: (subscribe:yes) = False
else if [marital_single]: (subscribe:yes) = False
else if [poutcome_success]: (subscribe:yes) = True
else (subscribe:yes) = False",0.8942319368548877,0.012458035369741764
Average,0.8941105039465697,0.011794908445944547,0.10848949605343047,0.006978344464683263,0.8942805100182148,0.012205311078162837,668596.0,214522.8,2.6,,0.8945233758348513,0.012262043414514416
