Fold#,Training accuracy,Training Unfairness(3),Training objective function,Training Sample-Robustness,Test accuracy,Test unfairness,#Nodes explored for best solution,Cache size for best solution,Average length,RL,Validation accuracy,Validation unfairness
0,0.8937866828577211,0.003416342274125029,0.10921331714227889,0.08546774414463772,0.8953248330297511,0.006106926955416758,187292,95846,3,"RULELIST:
 if [not_duration_high]: (subscribe:yes) = False
else if [month_mar]: (subscribe:yes) = True
else if [poutcome_failure]: (subscribe:yes) = False
else (subscribe:yes) = True",0.892046144505161,0.007336483617789177
1,0.8924913985023275,0.0026134127374782363,0.1105086014976725,0.10912408759124087,0.8893746205221615,0.00016605555439594974,1649756,476311,3,"RULELIST:
 if [not_duration_high]: (subscribe:yes) = False
else if [euribor3m_low]: (subscribe:yes) = False
else if [poutcome_failure]: (subscribe:yes) = False
else (subscribe:yes) = True",0.895203400121433,0.003079113784323441
2,0.8933819064966606,0.0018516937544199438,0.1096180935033394,0.08338658146964856,0.8971463266545234,0.004061921361324584,1070909,349922,3,"RULELIST:
 if [marital_single]: (subscribe:yes) = False
else if [cons_conf_idx_very_high]: (subscribe:yes) = False
else if [poutcome_failure]: (subscribe:yes) = False
else (subscribe:yes) = True",0.8924104432301153,0.003966006178664625
3,0.8923699655940093,0.000682565025300523,0.11063003440599073,0.1291704649042844,0.8854887674559806,0.0064932837078221445,269799,130161,3,"RULELIST:
 if [job_admin.]: (subscribe:yes) = False
else if [not_duration_very_high]: (subscribe:yes) = False
else if [poutcome_failure]: (subscribe:yes) = False
else (subscribe:yes) = True",0.8933819064966606,0.0024148561362301825
4,0.8931795183161303,0.003445464652290178,0.10982048168386971,0.10159208065325487,0.8919247115968427,0.0004757082196186793,306981,147337,3,"RULELIST:
 if [not_default_no]: (subscribe:yes) = False
else if [not_duration_very_high]: (subscribe:yes) = False
else if [poutcome_failure]: (subscribe:yes) = False
else (subscribe:yes) = True",0.8926533090467517,0.009582155009451797
Average,0.8930418943533697,0.002401895688722782,0.10995810564663025,0.10174819175261329,0.8918518518518519,0.0034607791597156233,696947.4,239915.4,3.0,,0.8931390406800244,0.005275722945291844
