Fold#,Training accuracy,Training Unfairness(3),Training objective function,Training Sample-Robustness,Test accuracy,Test unfairness,#Nodes explored for best solution,Cache size for best solution,Average length,RL,Validation accuracy,Validation unfairness
0,0.5222889661713563,0.0,0.47771103382864366,1.0,0.5459715639810426,0.0,0,0,0,"RULELIST:
(recidivism:yes) = False",0.5327014218009478,0.0
1,0.5276636104963642,0.0,0.47233638950363577,1.0,0.5450236966824644,0.0,0,0,0,"RULELIST:
(recidivism:yes) = False",0.5175355450236967,0.0
2,0.5295605437875435,0.0,0.47043945621245653,1.0,0.5270142180094787,0.0,0,0,0,"RULELIST:
(recidivism:yes) = False",0.5298578199052133,0.0
3,0.5281289506953224,0.0,0.4718710493046776,1.0,0.5332068311195446,0.0,0,0,0,"RULELIST:
(recidivism:yes) = False",0.5279620853080569,0.0
4,0.5530973451327433,0.0011111111111111111,0.44990265486725667,0.4089848308051342,0.4981024667931689,0.007520386590154034,1739404,797767,3,"RULELIST:
 if [gender_Male__AND__juvenile-crimes_=0]: (recidivism:yes) = False
else if [juvenile-felonies_=0__AND__charge_degree_Misdemeanor]: (recidivism:yes) = False
else if [priors_>3__AND__juvenile-misdemeanors_>0]: (recidivism:yes) = True
else (recidivism:yes) = False",0.5364928909952607,0.006430868167202572
Average,0.532147883256666,0.00022222222222222223,0.46845211674333403,0.8817969661610269,0.5298637553171399,0.0015040773180308067,347880.8,159553.4,0.6,,0.5289099526066351,0.0012861736334405145
