Fold#,Training accuracy,Training Unfairness(5),Training objective function,Training Sample-Robustness,Test accuracy,Test unfairness,#Nodes explored for best solution,Cache size for best solution,Average length,RL,Validation accuracy,Validation unfairness
0,0.7810016119170696,0.0,0.21899838808293037,1.0,0.782427475825275,0.0,0,0,0,"RULELIST:
(default_payment:yes) = False",0.768050692012673,0.0
1,0.779500861541882,0.0,0.22049913845811797,1.0,0.7822244455561114,0.0,0,0,0,"RULELIST:
(default_payment:yes) = False",0.772757585861954,0.0
2,0.7762770274025902,0.0,0.2237229725974098,1.0,0.7807236951809238,0.0,0,0,0,"RULELIST:
(default_payment:yes) = False",0.7839279759919974,0.0
3,0.7815018620421321,0.0,0.21849813795786788,1.0,0.7723861930965483,0.0,0,0,0,"RULELIST:
(default_payment:yes) = False",0.7765921973991331,0.0
4,0.7828914457228614,0.0022889688366940497,0.2201085542771386,0.002639087018544936,0.7778889444722361,0.014146378616679,1011802,531819,3,"RULELIST:
 if [PAY_0_Pay_duly]: (default_payment:yes) = False
else if [not_AGE_high]: (default_payment:yes) = True
else if [BILL_AMT5_very_high]: (default_payment:yes) = True
else (default_payment:yes) = False",0.7855951983994665,0.02655913165160173
Average,0.780234561725307,0.00045779376733880996,0.22036543827469296,0.8005278174037089,0.7791301508262191,0.0028292757233358,202360.4,106363.8,0.6,,0.7773847299330447,0.005311826330320346
