Fold#,Training accuracy,Training Unfairness(5),Training objective function,Training Sample-Robustness,Test accuracy,Test unfairness,#Nodes explored for best solution,Cache size for best solution,Average length,RL,Validation accuracy,Validation unfairness
0,0.5251343661081253,0.0010500855406760934,0.47686563389187475,0.07279947054930509,0.5450236966824644,0.0038022813688212928,21134,13936,2,"RULELIST:
 if [gender_Male__AND__juvenile-felonies_=0]: (recidivism:yes) = False
else if [juvenile-crimes_>0__AND__charge_degree_Misdemeanor]: (recidivism:yes) = True
else (recidivism:yes) = False",0.5289099526066351,0.009171616529347896
1,0.5305090104331331,0.004272214722464862,0.47149098956686686,0.12248995983935743,0.547867298578199,0.009287925696594423,20897,13968,2,"RULELIST:
 if [gender_Male__AND__juvenile-felonies_=0]: (recidivism:yes) = False
else if [gender_Male__AND__age_18-20]: (recidivism:yes) = True
else (recidivism:yes) = False",0.5194312796208531,0.008379888268156388
2,0.5317736326272526,0.003720085350453206,0.47022636737274737,0.14381720430107528,0.5308056872037915,0.006920415224913495,22215,14399,2,"RULELIST:
 if [juvenile-misdemeanors_=0__AND__charge_degree_Felony]: (recidivism:yes) = False
else if [juvenile-misdemeanors_=0__AND__age_18-20]: (recidivism:yes) = True
else (recidivism:yes) = False",0.5355450236966824,0.013352272727272685
3,0.5281289506953224,0.0,0.4718710493046776,1.0,0.5332068311195446,0.0,0,0,0,"RULELIST:
(recidivism:yes) = False",0.5279620853080569,0.0
4,0.5448798988621998,0.004835980568746234,0.4571201011378002,0.060689655172413794,0.49620493358633777,0.005747126436781658,22719,14258,2,"RULELIST:
 if [gender_Male__AND__juvenile-misdemeanors_=0]: (recidivism:yes) = False
else if [gender_Male__AND__age_18-20]: (recidivism:yes) = True
else (recidivism:yes) = False",0.5327014218009478,0.012478729438457181
Average,0.5320851717452066,0.0027756732364680793,0.4695148282547934,0.2799592579724303,0.5306216894340674,0.005151549745422174,17393.0,11312.2,1.6,,0.5289099526066351,0.00867650139264683
