Fold#,Training accuracy,Training Unfairness(4),Training objective function,Training Sample-Robustness,Test accuracy,Test unfairness,#Nodes explored for best solution,Cache size for best solution,Average length,RL,Validation accuracy,Validation unfairness
0,0.886581663630844,0.0,0.11341833636915599,1.0,0.8905889496053431,0.0,0,0,0,"RULELIST:
(subscribe:yes) = False",0.8863387978142077,0.0
1,0.8872697834446468,0.0,0.1127302165553532,1.0,0.8845173041894353,0.0,0,0,0,"RULELIST:
(subscribe:yes) = False",0.8903460837887067,0.0
2,0.8868650070835863,0.0,0.11313499291641371,1.0,0.8916818457802065,0.0,0,0,0,"RULELIST:
(subscribe:yes) = False",0.8843958712811172,0.0
3,0.8880793361667678,0.0,0.11192066383323218,1.0,0.8825743776563448,0.0,0,0,0,"RULELIST:
(subscribe:yes) = False",0.8898603521554341,0.0
4,0.8873102610807528,0.0,0.11268973891924716,1.0,0.8873102610807528,0.0,0,0,0,"RULELIST:
(subscribe:yes) = False",0.8874316939890711,0.0
Average,0.8872212102813195,0.0,0.11277878971868045,1.0,0.8873345476624166,0.0,0.0,0.0,0.0,,0.8876745598057074,0.0
