Fold#,Training accuracy,Training Unfairness(1),Training objective function,Training Sample-Robustness,Test accuracy,Test unfairness,#Nodes explored for best solution,Cache size for best solution,Average length,RL,Validation accuracy,Validation unfairness
0,0.5320897881757825,0.007913884148997212,0.47091021182421755,0.03351248814416693,0.5516587677725119,0.010401493930905696,2117582,894959,3,"RULELIST:
 if [priors_1__AND__charge_degree_Felony]: (recidivism:yes) = False
else if [age_26-45__AND__juvenile-felonies_=0]: (recidivism:yes) = False
else if [juvenile-misdemeanors_>0__AND__juvenile-crimes_>0]: (recidivism:yes) = True
else (recidivism:yes) = False",0.5393364928909953,0.008144912835807337
1,0.5349351881125514,0.0007430376541595583,0.46706481188744864,0.07429655390452103,0.5507109004739337,0.016286644951140065,20355,13801,2,"RULELIST:
 if [age_26-45__AND__juvenile-crimes_=0]: (recidivism:yes) = False
else if [priors_2-3__AND__juvenile-misdemeanors_>0]: (recidivism:yes) = True
else (recidivism:yes) = False",0.5213270142180095,0.010728443810992468
2,0.5361998103066709,0.0004161982864198648,0.46580018969332915,0.08441353145747708,0.5308056872037915,0.01256465740836804,21647,14235,2,"RULELIST:
 if [gender_Male__AND__age_26-45]: (recidivism:yes) = False
else if [priors_2-3__AND__juvenile-crimes_>0]: (recidivism:yes) = True
else (recidivism:yes) = False",0.5374407582938389,0.005529225908372829
3,0.5353982300884956,0.004712692365521668,0.46660176991150437,0.1611883691529709,0.5360531309297912,0.001582150569920661,18310,12925,2,"RULELIST:
 if [not_priors_1]: (recidivism:yes) = False
else if [age_18-20]: (recidivism:yes) = True
else (recidivism:yes) = False",0.5317535545023697,0.01309328968903437
4,0.5480404551201011,0.005667557752969309,0.45395954487989887,0.15581542351453856,0.5,0.010470048888127984,22472,14181,2,"RULELIST:
 if [gender_Male__AND__juvenile-felonies_=0]: (recidivism:yes) = False
else if [priors_>3__AND__juvenile-crimes_>0]: (recidivism:yes) = True
else (recidivism:yes) = False",0.5279620853080569,0.008550770434573252
Average,0.5373326943607203,0.003890674041613522,0.46486730563927975,0.10184527323473491,0.5338456972760057,0.01026099914969249,440073.2,190020.2,2.2,,0.5315639810426541,0.009209328535756052
