Fold#,Training accuracy,Training Unfairness(1),Training objective function,Training Sample-Robustness,Test accuracy,Test unfairness,#Nodes explored for best solution,Cache size for best solution,Average length,RL,Validation accuracy,Validation unfairness
0,0.892046144505161,0.006601341949830338,0.11095385549483905,0.0071240639546650475,0.8949605343047966,0.008461213593430172,563120,241474,3,"RULELIST:
 if [marital_single]: (subscribe:yes) = False
else if [day_of_week_tue]: (subscribe:yes) = False
else if [poutcome_failure]: (subscribe:yes) = False
else (subscribe:yes) = True",0.8908318154219793,0.010060250207276782
1,0.8921675774134791,0.009649690689017547,0.11083242258652093,0.004533495243877758,0.8890103217972071,0.001907327607694716,877359,342877,3,"RULELIST:
 if [not_duration_high]: (subscribe:yes) = False
else if [job_retired]: (subscribe:yes) = False
else if [poutcome_failure]: (subscribe:yes) = False
else (subscribe:yes) = True",0.8945962355798421,0.010274539764069572
2,0.8918437563246306,0.008187023239338821,0.11115624367536936,0.005788301963165351,0.8962962962962963,0.013730582880245118,1185453,383050,3,"RULELIST:
 if [marital_single]: (subscribe:yes) = False
else if [duration_middle]: (subscribe:yes) = False
else if [poutcome_failure]: (subscribe:yes) = False
else (subscribe:yes) = True",0.8905889496053431,0.007538289976877957
3,0.8932199959522363,0.008620889599767007,0.10978000404776367,0.007974094312892126,0.8864602307225258,0.011119002945669788,877689,354309,3,"RULELIST:
 if [not_duration_very_high]: (subscribe:yes) = False
else if [not_loan_no]: (subscribe:yes) = False
else if [poutcome_failure]: (subscribe:yes) = False
else (subscribe:yes) = True",0.8937462052216151,0.011291127447127222
4,0.892046144505161,0.005954558118418782,0.11095385549483905,0.013195709370572758,0.8899817850637523,0.005334688412944261,829051,341860,3,"RULELIST:
 if [nr_employed_low]: (subscribe:yes) = False
else if [not_job_admin.]: (subscribe:yes) = False
else if [poutcome_failure]: (subscribe:yes) = False
else (subscribe:yes) = True",0.8890103217972071,0.0029598734441304148
Average,0.8922647237401338,0.0078027007192744986,0.11073527625986641,0.007723132969034608,0.8913418336369157,0.00811056308799681,866534.4,332714.0,3.0,,0.8917547055251973,0.00842481616789639
