Fold#,Training accuracy,Training Unfairness(1),Training objective function,Training Sample-Robustness,Test accuracy,Test unfairness,#Nodes explored for best solution,Cache size for best solution,Average length,RL,Validation accuracy,Validation unfairness
0,0.7924517814462787,0.0021655164091879536,0.2105482185537213,0.005391584681229504,0.7860953651217072,0.00664743509344036,2393236,797600,3,"RULELIST:
 if [BILL_AMT6_middle]: (default_payment:yes) = False
else if [BILL_AMT6_very_low]: (default_payment:yes) = False
else if [PAY_0_Pay_duly]: (default_payment:yes) = False
else (default_payment:yes) = True",0.7813906953476738,0.022317073796535997
1,0.7913956978489245,0.002139304314335941,0.2116043021510755,0.0051136679450836525,0.7963981990995498,0.0022837619133249387,1056927,479140,3,"RULELIST:
 if [not_MARRIAGE_Married]: (default_payment:yes) = False
else if [PAY_0_Pay_duly__AND__PAY_2_Pay_duly]: (default_payment:yes) = False
else if [BILL_AMT2_very_low]: (default_payment:yes) = False
else (default_payment:yes) = True",0.788596198732911,0.004754633007314948
2,0.7860041131676949,0.002132163959763164,0.21699588683230508,0.005336001334000333,0.7750541937635484,0.013237472928026114,1523930,670148,3,"RULELIST:
 if [PAY_AMT5_high]: (default_payment:yes) = False
else if [PAY_AMT2_very_low]: (default_payment:yes) = False
else if [PAY_0_Pay_delay>=1]: (default_payment:yes) = True
else (default_payment:yes) = False",0.786428809603201,0.021577626914215636
3,0.7950641987660497,0.0027543647677205074,0.20793580123395028,0.004557834472791952,0.7885609471402368,0.0009540596856377481,699191,345181,3,"RULELIST:
 if [MARRIAGE_Single]: (default_payment:yes) = False
else if [PAY_4_Pay_duly__AND__PAY_5_Pay_duly]: (default_payment:yes) = False
else if [PAY_0_Pay_duly]: (default_payment:yes) = False
else (default_payment:yes) = True",0.7947649216405468,0.000582844317244792
4,0.7898949474737369,0.0021693410487146764,0.2131050525262631,0.005169251292312823,0.7788894447223612,0.0024568699456016113,867507,429713,3,"RULELIST:
 if [MARRIAGE_Single]: (default_payment:yes) = False
else if [PAY_0_Pay_duly__AND__PAY_2_Pay_duly]: (default_payment:yes) = False
else if [BILL_AMT6_very_low]: (default_payment:yes) = False
else (default_payment:yes) = True",0.7874291430476825,0.014335437960153893
Average,0.790962147740537,0.0022721380999444485,0.21203785225946303,0.005113667945083653,0.7849996299694807,0.005115919913206155,1308158.2,544356.4,3.0,,0.7877219536744031,0.012713523199093052
