Fold#,Training accuracy,Training Unfairness(3),Training objective function,Training Sample-Robustness,Test accuracy,Test unfairness,#Nodes explored for best solution,Cache size for best solution,Average length,RL,Validation accuracy,Validation unfairness
0,0.5305090104331331,0.0033632286995515697,0.47149098956686686,0.44975786924939465,0.5554502369668246,0.0006073931899075549,21035,13911,2,"RULELIST:
 if [age_26-45__AND__juvenile-crimes_=0]: (recidivism:yes) = False
else if [priors_>3__AND__juvenile-felonies_>0]: (recidivism:yes) = True
else (recidivism:yes) = False",0.5327014218009478,0.016286644951140065
1,0.5377805880493203,0.0011049723756906078,0.46521941195067973,0.5128819652486519,0.5469194312796208,0.006872852233676976,2097748,893430,3,"RULELIST:
 if [priors_2-3__AND__age_26-45]: (recidivism:yes) = False
else if [juvenile-misdemeanors_=0__AND__age_26-45]: (recidivism:yes) = False
else if [age_26-45__AND__juvenile-crimes_>0]: (recidivism:yes) = True
else (recidivism:yes) = False",0.5232227488151658,0.004347826086956522
2,0.5380967435978501,0.0019895137542196364,0.4639032564021499,0.4292537313432836,0.5327014218009478,0.003745318352059925,21328,14156,2,"RULELIST:
 if [juvenile-misdemeanors_=0__AND__age_26-45]: (recidivism:yes) = False
else if [age_26-45__AND__juvenile-crimes_>0]: (recidivism:yes) = True
else (recidivism:yes) = False",0.5355450236966824,0.0
3,0.5467762326169405,0.004018868196702393,0.4562237673830595,0.36385397965290245,0.5569259962049335,0.015723270440251572,1876532,843551,3,"RULELIST:
 if [gender_Male__AND__charge_degree_Misdemeanor]: (recidivism:yes) = False
else if [age_26-45__AND__gender_Female]: (recidivism:yes) = False
else if [priors_>3__AND__juvenile-crimes_>0]: (recidivism:yes) = True
else (recidivism:yes) = False",0.5459715639810426,0.0029179362702060627
4,0.5603666245259166,0.0029811629811629815,0.44163337547408343,0.352392065344224,0.5104364326375711,0.0029749320446994885,17365,12259,2,"RULELIST:
 if [charge_degree_Felony__AND__juvenile-crimes_=0]: (recidivism:yes) = False
else if [priors_>3__AND__charge_degree_Felony]: (recidivism:yes) = True
else (recidivism:yes) = False",0.5497630331753555,0.012861736334405145
Average,0.542705839844632,0.0026915492014654378,0.4596941601553678,0.42162792216769135,0.5404867037779796,0.005984753252119103,806801.6,355461.4,2.4,,0.5374407582938387,0.0072828287285415585
