Fold#,Training accuracy,Training Unfairness(5),Training objective function,Training Sample-Robustness,Test accuracy,Test unfairness,#Nodes explored for best solution,Cache size for best solution,Average length,RL,Validation accuracy,Validation unfairness
0,0.8950010119409026,0.007850832755647987,0.10799898805909736,0.004282655246252677,0.8971463266545234,0.009709724975852763,1257771,379249,3,"RULELIST:
 if [marital_single]: (subscribe:yes) = False
else if [not_nr_employed_very_low]: (subscribe:yes) = False
else if [poutcome_failure__AND__default_no]: (subscribe:yes) = False
else (subscribe:yes) = True",0.892896174863388,0.02834938475358806
1,0.8942724144909937,0.006622488916926429,0.1087275855090063,0.005026929982046679,0.8943533697632058,0.008344832117747503,628026,263877,3,"RULELIST:
 if [marital_single]: (subscribe:yes) = False
else if [not_nr_employed_very_low]: (subscribe:yes) = False
else if [poutcome_failure]: (subscribe:yes) = False
else (subscribe:yes) = True",0.8994535519125683,0.003069734429526294
2,0.8949200566686906,0.003979213255266237,0.10807994333130944,0.003935599284436494,0.8984820886460231,0.00726657196738371,1120382,361321,3,"RULELIST:
 if [marital_single]: (subscribe:yes) = False
else if [not_nr_employed_very_low]: (subscribe:yes) = False
else if [poutcome_failure]: (subscribe:yes) = False
else (subscribe:yes) = True",0.8933819064966606,0.00412685546288531
3,0.8956891317547055,0.006891701285893781,0.10731086824529446,0.0065099457504520794,0.8905889496053431,0.0010824908365891783,1411047,430583,3,"RULELIST:
 if [marital_single]: (subscribe:yes) = False
else if [nr_employed_low]: (subscribe:yes) = False
else if [poutcome_failure]: (subscribe:yes) = False
else (subscribe:yes) = True",0.8964177292046145,0.0345829665625641
4,0.8962962962962963,0.009573018096229097,0.10670370370370375,0.003232758620689655,0.8930176077717061,0.013482334407394495,702560,279369,3,"RULELIST:
 if [education_basic.4y]: (subscribe:yes) = False
else if [job_student]: (subscribe:yes) = False
else if [poutcome_failure]: (subscribe:yes) = False
else (subscribe:yes) = True",0.892896174863388,0.030498212432245375
Average,0.8952357822303177,0.006983450861992707,0.10776421776968226,0.0045975777767755166,0.8947176684881603,0.00797719086099353,1023957.2,342879.8,3.0,,0.8950091074681239,0.02012543072816183
