Fold#,Training accuracy,Training Unfairness(1),Training objective function,Training Sample-Robustness,Test accuracy,Test unfairness,#Nodes explored for best solution,Cache size for best solution,Average length,RL,Validation accuracy,Validation unfairness
0,0.5314574770787227,0.0008032138547519538,0.4715425229212773,0.09200126462219411,0.5393364928909953,0.008590102707749767,2104346,892778,3,"RULELIST:
 if [priors_0__AND__age_21-22]: (recidivism:yes) = False
else if [age_26-45]: (recidivism:yes) = False
else if [juvenile-crimes_>0__AND__charge_degree_Misdemeanor]: (recidivism:yes) = True
else (recidivism:yes) = False",0.5317535545023697,0.0047310134966353015
1,0.5346190325640215,0.00039767043166751784,0.46838096743597846,0.1979133733797028,0.5488151658767773,0.009771986970684038,2137709,897887,3,"RULELIST:
 if [gender_Male__AND__priors_1]: (recidivism:yes) = False
else if [priors_2-3__AND__gender_Female]: (recidivism:yes) = False
else if [juvenile-misdemeanors_>0__AND__age_21-22]: (recidivism:yes) = True
else (recidivism:yes) = False",0.5165876777251185,0.004451038575667656
2,0.5352513436610813,0.0005763067913668821,0.4667486563389187,0.12488144166930129,0.5260663507109005,0.01047116538957478,19070,13253,2,"RULELIST:
 if [age_26-45__AND__priors_1]: (recidivism:yes) = False
else if [priors_1__AND__juvenile-crimes_>0]: (recidivism:yes) = True
else (recidivism:yes) = False",0.533649289099526,0.0007898894154818314
3,0.5344500632111252,0.003400302295370649,0.4675499367888748,0.24494310998735777,0.5351043643263758,0.0030950098740053812,18467,12959,2,"RULELIST:
 if [not_priors_1]: (recidivism:yes) = False
else if [gender_Male__AND__age_18-20]: (recidivism:yes) = True
else (recidivism:yes) = False",0.5317535545023697,0.01309328968903437
4,0.5474083438685209,0.0009208122227453066,0.4545916561314791,0.21965865992414665,0.4981024667931689,0.004306720690901483,22616,14229,2,"RULELIST:
 if [gender_Male__AND__juvenile-misdemeanors_=0]: (recidivism:yes) = False
else if [gender_Male__AND__age_21-22]: (recidivism:yes) = True
else (recidivism:yes) = False",0.5260663507109005,0.013971650415312387
Average,0.5366372520766942,0.0012196611191804619,0.46576274792330563,0.17587956991654055,0.5294849681196435,0.007246997126583089,860441.6,366221.2,2.4,,0.5279620853080569,0.007407376318426309
