Fold#,Training accuracy,Training Unfairness(1),Training objective function,Training Sample-Robustness,Test accuracy,Test unfairness,#Nodes explored for best solution,Cache size for best solution,Average length,RL,Validation accuracy,Validation unfairness
0,0.784392196098049,0.001609221575868144,0.218607803901951,0.09526985715079762,0.7852617539179727,0.004423494107427383,2068008,901640,3,"RULELIST:
 if [not_PAY_AMT4_very_low]: (default_payment:yes) = False
else if [not_BILL_AMT6_very_high]: (default_payment:yes) = False
else if [PAY_0_Pay_duly]: (default_payment:yes) = False
else (default_payment:yes) = True",0.7682174420543605,0.002285192595761396
1,0.7826135289867155,0.0017288968929623392,0.22038647101328446,0.08832193874715136,0.7858929464732366,0.004497929691240247,1781437,836869,3,"RULELIST:
 if [not_PAY_AMT5_low]: (default_payment:yes) = False
else if [not_PAY_AMT3_middle]: (default_payment:yes) = False
else if [PAY_4_Pay_duly]: (default_payment:yes) = False
else (default_payment:yes) = True",0.7740913637879293,0.001610764120449774
2,0.7798343616252571,0.0025971000370549596,0.2231656383747429,0.07776110277360902,0.784058696014674,0.0012809637507136366,1082332,561051,3,"RULELIST:
 if [not_BILL_AMT2_low]: (default_payment:yes) = False
else if [not_PAY_AMT1_very_low]: (default_payment:yes) = False
else if [PAY_6_Pay_duly]: (default_payment:yes) = False
else (default_payment:yes) = True",0.7880960320106702,0.0056232489922099374
3,0.7855594463898616,0.00032518304823327994,0.21744055361013837,0.005891834806292035,0.776554944138736,0.0035890761158225894,2926593,1036185,3,"RULELIST:
 if [not_PAY_AMT1_high]: (default_payment:yes) = False
else if [not_BILL_AMT2_high]: (default_payment:yes) = False
else if [PAY_0_Pay_duly]: (default_payment:yes) = False
else (default_payment:yes) = True",0.780593531177059,0.0012502727027336822
4,0.7831693624590073,0.004080526794824161,0.21983063754099275,0.0549163470624201,0.7798899449724862,0.006150699621639941,2314054,984732,3,"RULELIST:
 if [not_PAY_AMT3_very_low]: (default_payment:yes) = False
else if [not_BILL_AMT5_low]: (default_payment:yes) = False
else if [PAY_5_Pay_delay>=1]: (default_payment:yes) = True
else (default_payment:yes) = False",0.782427475825275,0.003991654259070605
Average,0.7831137791117782,0.0020681856697885768,0.2198862208882219,0.06443221610805402,0.7823316571034211,0.003988432657368759,2034484.8,864095.4,3.0,,0.7786851689710588,0.002952226534045079
