Fold#,Training accuracy,Training Unfairness(4),Training objective function,Training Sample-Robustness,Test accuracy,Test unfairness,#Nodes explored for best solution,Cache size for best solution,Average length,RL,Validation accuracy,Validation unfairness
0,0.527979766044894,0.003067665624446936,0.47402023395510595,0.1469225678358703,0.5450236966824644,0.00013630875881132098,24409,15076,2,"RULELIST:
 if [priors_1__AND__charge_degree_Felony]: (recidivism:yes) = False
else if [juvenile-misdemeanors_>0__AND__age_21-22]: (recidivism:yes) = True
else (recidivism:yes) = False",0.5364928909952607,0.017124468451902075
1,0.5324059437243124,0.010394663702056661,0.4695940562756876,0.1894243641231593,0.5469194312796208,0.00017747628719610997,20843,13947,2,"RULELIST:
 if [gender_Male__AND__juvenile-felonies_=0]: (recidivism:yes) = False
else if [juvenile-misdemeanors_>0__AND__juvenile-crimes_>0]: (recidivism:yes) = True
else (recidivism:yes) = False",0.5175355450236967,0.0027932960893854997
2,0.5349351881125514,0.008429290384388,0.46706481188744864,0.11155913978494623,0.5345971563981042,0.01240810471579712,22061,14355,2,"RULELIST:
 if [juvenile-misdemeanors_=0__AND__charge_degree_Felony]: (recidivism:yes) = False
else if [age_18-20]: (recidivism:yes) = True
else (recidivism:yes) = False",0.5412322274881517,0.012215909090909083
3,0.5347661188369153,0.007007910919331284,0.46723388116308473,0.10180843938379103,0.5351043643263758,0.017218776292875715,18464,12958,2,"RULELIST:
 if [not_priors_1]: (recidivism:yes) = False
else if [juvenile-felonies_=0__AND__age_18-20]: (recidivism:yes) = True
else (recidivism:yes) = False",0.5298578199052133,0.009316770186335366
4,0.5480404551201011,0.00537088586867529,0.45395954487989887,0.06344827586206897,0.5,0.01758310034172106,22472,14179,2,"RULELIST:
 if [gender_Male__AND__juvenile-felonies_=0]: (recidivism:yes) = False
else if [priors_>3__AND__juvenile-crimes_>0]: (recidivism:yes) = True
else (recidivism:yes) = False",0.5279620853080569,0.00638116846284742
Average,0.5356254943677549,0.006854083299779634,0.4663745056322452,0.12263255739796715,0.532328929737313,0.009504753279280265,21649.8,14103.0,2.0,,0.5306161137440759,0.009566322456275889
