Fold#,Training accuracy,Training Unfairness(1),Training objective function,Training Sample-Robustness,Test accuracy,Test unfairness,#Nodes explored for best solution,Cache size for best solution,Average length,RL,Validation accuracy,Validation unfairness
0,0.5251343661081253,0.0018475167825476495,0.47686563389187475,0.3082516598166298,0.5450236966824644,0.002352941176470588,25380,15309,2,"RULELIST:
 if [juvenile-felonies_=0__AND__charge_degree_Felony]: (recidivism:yes) = False
else if [juvenile-misdemeanors_>0__AND__age_21-22]: (recidivism:yes) = True
else (recidivism:yes) = False",0.5345971563981042,0.0017940003179241068
1,0.5276636104963642,0.0,0.47233638950363577,1.0,0.5450236966824644,0.0,0,0,0,"RULELIST:
(recidivism:yes) = False",0.5175355450236967,0.0
2,0.5295605437875435,0.0,0.47043945621245653,1.0,0.5270142180094787,0.0,0,0,0,"RULELIST:
(recidivism:yes) = False",0.5298578199052133,0.0
3,0.5281289506953224,0.0,0.4718710493046776,1.0,0.5332068311195446,0.0,0,0,0,"RULELIST:
(recidivism:yes) = False",0.5279620853080569,0.0
4,0.5417193426042983,0.0,0.4582806573957017,1.0,0.49430740037950666,0.0,0,0,0,"RULELIST:
(recidivism:yes) = False",0.5260663507109005,0.0
Average,0.5304413627383308,0.0003695033565095299,0.4699586372616693,0.861650331963326,0.5289151685746918,0.0004705882352941176,5076.0,3061.8,0.4,,0.5272037914691943,0.0003588000635848214
