Fold#,Training accuracy,Training Unfairness(3),Training objective function,Training Sample-Robustness,Test accuracy,Test unfairness,#Nodes explored for best solution,Cache size for best solution,Average length,RL,Validation accuracy,Validation unfairness
0,0.5222889661713563,0.0,0.47771103382864366,1.0,0.5459715639810426,0.0,0,0,0,"RULELIST:
(recidivism:yes) = False",0.5327014218009478,0.0
1,0.5377805880493203,0.0011049723756906078,0.46521941195067973,0.42300778909526665,0.5469194312796208,0.006872852233676976,2097748,893430,3,"RULELIST:
 if [priors_2-3__AND__age_26-45]: (recidivism:yes) = False
else if [juvenile-misdemeanors_=0__AND__age_26-45]: (recidivism:yes) = False
else if [age_26-45__AND__juvenile-crimes_>0]: (recidivism:yes) = True
else (recidivism:yes) = False",0.5232227488151658,0.004347826086956522
2,0.5343028770154916,0.0,0.4676971229845084,1.0,0.5298578199052133,0.0,18197,12926,2,"RULELIST:
 if [not_priors_2-3]: (recidivism:yes) = False
else if [age_18-20]: (recidivism:yes) = True
else (recidivism:yes) = False",0.5327014218009478,0.0
3,0.5325537294563844,0.0,0.46944627054361565,1.0,0.5360531309297912,0.0,16528,12060,2,"RULELIST:
 if [not_priors_2-3]: (recidivism:yes) = False
else if [age_18-20]: (recidivism:yes) = True
else (recidivism:yes) = False",0.5317535545023697,0.0
4,0.5527812895069533,0.0009937209937209937,0.44921871049304674,0.2928821470245041,0.5047438330170778,0.004198127453941408,24587,14775,2,"RULELIST:
 if [gender_Male__AND__charge_degree_Misdemeanor]: (recidivism:yes) = False
else if [juvenile-misdemeanors_>0__AND__juvenile-crimes_>0]: (recidivism:yes) = True
else (recidivism:yes) = False",0.5412322274881517,0.000882926572136419
Average,0.5359414900399011,0.0004197386738823203,0.4658585099600988,0.7431779872239541,0.5327091558225492,0.0022141959375236767,431412.0,186638.2,1.8,,0.5323222748815166,0.0010461505318185881
