Fold#,Training accuracy,Training Unfairness(4),Training objective function,Training Sample-Robustness,Test accuracy,Test unfairness,#Nodes explored for best solution,Cache size for best solution,Average length,RL,Validation accuracy,Validation unfairness
0,0.8950010119409026,0.0025300612959445745,0.10799898805909736,0.0024982155603140615,0.8971463266545234,0.009709724975852763,1229053,367933,3,"RULELIST:
 if [marital_single]: (subscribe:yes) = False
else if [not_nr_employed_very_low]: (subscribe:yes) = False
else if [poutcome_failure__AND__default_no]: (subscribe:yes) = False
else (subscribe:yes) = True",0.892896174863388,0.02834938475358806
1,0.8942724144909937,2.1347075827349293e-05,0.1087275855090063,0.003231597845601436,0.8943533697632058,0.008344832117747503,624042,262091,3,"RULELIST:
 if [marital_single]: (subscribe:yes) = False
else if [not_nr_employed_very_low]: (subscribe:yes) = False
else if [poutcome_failure]: (subscribe:yes) = False
else (subscribe:yes) = True",0.8994535519125683,0.003069734429526294
2,0.8963772515685084,0.00014097744360896947,0.10662274843149155,0.0035778175313059034,0.9016393442622951,0.0003587830080367116,1108750,327176,3,"RULELIST:
 if [job_retired]: (subscribe:yes) = False
else if [duration_low]: (subscribe:yes) = False
else if [poutcome_failure]: (subscribe:yes) = False
else (subscribe:yes) = True",0.8961748633879781,0.02998167059439638
3,0.8986035215543412,0.002406309506819082,0.1043964784456588,0.00433996383363472,0.8898603521554341,0.01601079469931932,1029898,309556,3,"RULELIST:
 if [job_retired]: (subscribe:yes) = False
else if [duration_low]: (subscribe:yes) = False
else if [poutcome_failure]: (subscribe:yes) = False
else (subscribe:yes) = True",0.9012750455373406,0.008929109741833585
4,0.8962962962962963,0.006508798653144687,0.10670370370370375,0.0014367816091954023,0.8930176077717061,0.000768882858435127,702062,278734,3,"RULELIST:
 if [education_basic.4y]: (subscribe:yes) = False
else if [job_student]: (subscribe:yes) = False
else if [poutcome_failure]: (subscribe:yes) = False
else (subscribe:yes) = True",0.892896174863388,0.030498212432245375
Average,0.8961100991702085,0.0023214987950689325,0.10688990082979155,0.0030168752760103045,0.895203400121433,0.0070386035318782845,938761.0,309098.0,3.0,,0.8965391621129326,0.02016562239031794
