Fold#,Training accuracy,Training Unfairness(5),Training objective function,Training Sample-Robustness,Test accuracy,Test unfairness,#Nodes explored for best solution,Cache size for best solution,Average length,RL,Validation accuracy,Validation unfairness
0,0.886581663630844,0.0,0.11341833636915599,1.0,0.8905889496053431,0.0,0,0,0,"RULELIST:
(subscribe:yes) = False",0.8863387978142077,0.0
1,0.8872697834446468,0.0,0.1127302165553532,1.0,0.8845173041894353,0.0,0,0,0,"RULELIST:
(subscribe:yes) = False",0.8903460837887067,0.0
2,0.8868650070835863,0.0,0.11313499291641371,1.0,0.8916818457802065,0.0,0,0,0,"RULELIST:
(subscribe:yes) = False",0.8843958712811172,0.0
3,0.8917223234163125,0.0021195838749619167,0.11127767658368748,0.00216998191681736,0.8859744990892532,0.0041688484311435126,1645772,496224,3,"RULELIST:
 if [not_emp_var_rate_middle]: (subscribe:yes) = False
else if [marital_single]: (subscribe:yes) = False
else if [poutcome_failure]: (subscribe:yes) = False
else (subscribe:yes) = True",0.8919247115968427,0.008320169779696296
4,0.892086622141267,0.003068252210026517,0.11091337785873301,0.0016878792025911227,0.8888888888888888,0.0059355446790126986,1709516,479851,3,"RULELIST:
 if [euribor3m_low]: (subscribe:yes) = False
else if [not_education_university.degree]: (subscribe:yes) = False
else if [poutcome_failure]: (subscribe:yes) = False
else (subscribe:yes) = True",0.8903460837887067,0.017662322684811493
Average,0.8889050799433313,0.0010375672169976868,0.11229492005666868,0.6007715722238818,0.8883302975106254,0.002020878622031242,671057.6,195215.0,1.2,,0.8886703096539161,0.005196498492901558
