Fold#,Training accuracy,Training Unfairness(3),Training objective function,Training Sample-Robustness,Test accuracy,Test unfairness,#Nodes explored for best solution,Cache size for best solution,Average length,RL,Validation accuracy,Validation unfairness
0,0.8926533090467517,0.0025755879059350508,0.10934669095324834,0.11149157649637036,0.8949605343047966,0.003025076448054337,14409,8815,2,"RULELIST:
 if [not_duration_high]: (subscribe:yes) = False
else if [poutcome_failure]: (subscribe:yes) = False
else (subscribe:yes) = True",0.8910746812386157,0.006479980433535166
1,0.8924913985023275,0.0026134127374782363,0.1105086014976725,0.11824817518248175,0.8893746205221615,0.00016605555439594974,1649756,476311,3,"RULELIST:
 if [not_duration_high]: (subscribe:yes) = False
else if [euribor3m_low]: (subscribe:yes) = False
else if [poutcome_failure]: (subscribe:yes) = False
else (subscribe:yes) = True",0.895203400121433,0.003079113784323441
2,0.8923294879579032,0.0018043777886794217,0.11067051204209677,0.1194888178913738,0.8964177292046145,0.007075880752187529,1703209,466506,3,"RULELIST:
 if [not_duration_high]: (subscribe:yes) = False
else if [month_may]: (subscribe:yes) = False
else if [poutcome_failure]: (subscribe:yes) = False
else (subscribe:yes) = True",0.8905889496053431,0.00034870796982551934
3,0.8880793361667678,0.0,0.11192066383323218,1.0,0.8825743776563448,0.0,0,0,0,"RULELIST:
(subscribe:yes) = False",0.8898603521554341,0.0
4,0.892936652499494,0.0031282135784273337,0.11006334750050595,0.11655490169244104,0.8911961141469338,0.0017647042591139592,1559934,448665,3,"RULELIST:
 if [not_duration_very_high]: (subscribe:yes) = False
else if [poutcome_failure__AND__default_no]: (subscribe:yes) = False
else if [nr_employed_very_low]: (subscribe:yes) = True
else (subscribe:yes) = False",0.8925318761384335,0.004391077504725898
Average,0.8916980368346488,0.0020243184021040083,0.11050196316535114,0.2931566942525334,0.8909046751669703,0.002406343402750355,985461.6,280059.4,2.2,,0.8918518518518519,0.002859775938482005
