Fold#,Training accuracy,Training Unfairness(5),Training objective function,Training Sample-Robustness,Test accuracy,Test unfairness,#Nodes explored for best solution,Cache size for best solution,Average length,RL,Validation accuracy,Validation unfairness
0,0.5276636104963642,0.0033632286995515697,0.47433638950363577,0.05162144275314361,0.5459715639810426,0.009584664536741214,19225,13211,2,"RULELIST:
 if [priors_1__AND__juvenile-felonies_=0]: (recidivism:yes) = False
else if [juvenile-misdemeanors_>0__AND__age_21-22]: (recidivism:yes) = True
else (recidivism:yes) = False",0.5374407582938389,0.017124468451902075
1,0.5324059437243124,0.010394663702056661,0.4695940562756876,0.03279785809906292,0.5469194312796208,0.003436426116838488,20843,13947,2,"RULELIST:
 if [gender_Male__AND__juvenile-felonies_=0]: (recidivism:yes) = False
else if [juvenile-misdemeanors_>0__AND__juvenile-crimes_>0]: (recidivism:yes) = True
else (recidivism:yes) = False",0.5175355450236967,0.0031645569620253164
2,0.5390452102434398,0.005045132473607938,0.46395478975656024,0.00835820895522388,0.5146919431279621,0.006440910799217242,1752082,814191,3,"RULELIST:
 if [gender_Male__AND__juvenile-crimes_=0]: (recidivism:yes) = False
else if [juvenile-misdemeanors_=0__AND__charge_degree_Felony]: (recidivism:yes) = True
else if [juvenile-misdemeanors_=0__AND__age_26-45]: (recidivism:yes) = False
else (recidivism:yes) = True",0.5194312796208531,0.07017045454545456
3,0.5331858407079646,0.0033149171270718232,0.4688141592920354,0.07434695244474213,0.5370018975332068,0.005556968712700727,25867,15494,2,"RULELIST:
 if [priors_2-3__AND__juvenile-crimes_=0]: (recidivism:yes) = False
else if [juvenile-misdemeanors_>0__AND__age_21-22]: (recidivism:yes) = True
else (recidivism:yes) = False",0.5289099526066351,0.008258046301524602
4,0.5670037926675094,0.002227682227682215,0.43599620733249056,0.007584597432905484,0.5294117647058824,0.03563877982482633,879223,468421,3,"RULELIST:
 if [priors_>3__AND__juvenile-misdemeanors_>0]: (recidivism:yes) = True
else if [age_26-45__AND__charge_degree_Misdemeanor]: (recidivism:yes) = False
else if [priors_2-3__AND__juvenile-felonies_=0]: (recidivism:yes) = True
else (recidivism:yes) = False",0.5687203791469194,0.06785309132161088
Average,0.5398608795679182,0.004869124845994041,0.46253912043208184,0.03494181193701561,0.5347993201255429,0.0121315499980648,539448.0,265052.8,2.4,,0.5344075829383886,0.033314123516503494
