Fold#,Training accuracy,Training Unfairness(3),Training objective function,Training Sample-Robustness,Test accuracy,Test unfairness,#Nodes explored for best solution,Cache size for best solution,Average length,RL,Validation accuracy,Validation unfairness
0,0.5222889661713563,0.0,0.47771103382864366,1.0,0.5459715639810426,0.0,0,0,0,"RULELIST:
(recidivism:yes) = False",0.5327014218009478,0.0
1,0.5276636104963642,0.0,0.47233638950363577,1.0,0.5450236966824644,0.0,0,0,0,"RULELIST:
(recidivism:yes) = False",0.5175355450236967,0.0
2,0.5295605437875435,0.0,0.47043945621245653,1.0,0.5270142180094787,0.0,0,0,0,"RULELIST:
(recidivism:yes) = False",0.5298578199052133,0.0
3,0.5325537294563844,0.0,0.46944627054361565,1.0,0.5360531309297912,0.0,16528,12060,2,"RULELIST:
 if [not_priors_2-3]: (recidivism:yes) = False
else if [age_18-20]: (recidivism:yes) = True
else (recidivism:yes) = False",0.5317535545023697,0.0
4,0.5527812895069533,0.0009937209937209937,0.44921871049304674,0.40956826137689617,0.5047438330170778,0.004198127453941408,24587,14775,2,"RULELIST:
 if [gender_Male__AND__charge_degree_Misdemeanor]: (recidivism:yes) = False
else if [juvenile-misdemeanors_>0__AND__juvenile-crimes_>0]: (recidivism:yes) = True
else (recidivism:yes) = False",0.5412322274881517,0.000882926572136419
Average,0.5329696278837203,0.00019874419874419874,0.46783037211627965,0.8819136522753792,0.5317612885239711,0.0008396254907882816,8223.0,5367.0,0.8,,0.5306161137440759,0.0001765853144272838
