Fold#,Training accuracy,Training Unfairness(5),Training objective function,Training Sample-Robustness,Test accuracy,Test unfairness,#Nodes explored for best solution,Cache size for best solution,Average length,RL,Validation accuracy,Validation unfairness
0,0.5292443882390135,0.001852725985367005,0.47275561176098646,0.04301786896095301,0.5488151658767773,0.009054796121042097,25405,15298,2,"RULELIST:
 if [juvenile-felonies_=0__AND__charge_degree_Felony]: (recidivism:yes) = False
else if [priors_>3__AND__age_23-25]: (recidivism:yes) = True
else (recidivism:yes) = False",0.5327014218009478,0.009107747333461072
1,0.5633891874802402,0.004165012308425364,0.43961081251975975,0.012717536813922356,0.5592417061611374,0.029923527418808382,1771699,819545,3,"RULELIST:
 if [juvenile-misdemeanors_>0__AND__charge_degree_Misdemeanor]: (recidivism:yes) = True
else if [gender_Male__AND__age_26-45]: (recidivism:yes) = False
else if [juvenile-crimes_=0__AND__priors_0]: (recidivism:yes) = False
else (recidivism:yes) = True",0.5374407582938389,0.052861860209135914
2,0.5422067657287385,0.0062270993909759875,0.4607932342712615,0.011343283582089553,0.5317535545023697,0.015115653577192023,1824215,832572,3,"RULELIST:
 if [age_23-25__AND__juvenile-misdemeanors_>0]: (recidivism:yes) = True
else if [gender_Male__AND__juvenile-crimes_=0]: (recidivism:yes) = False
else if [age_26-45__AND__priors_0]: (recidivism:yes) = False
else (recidivism:yes) = True",0.5317535545023697,0.028977272727272685
3,0.5353982300884956,0.004991798178630047,0.46660176991150437,0.0361687876758205,0.5360531309297912,0.014303324397831996,18310,12923,2,"RULELIST:
 if [not_priors_1]: (recidivism:yes) = False
else if [age_18-20]: (recidivism:yes) = True
else (recidivism:yes) = False",0.5317535545023697,0.018633540372670843
4,0.565739570164349,0.008252824627476674,0.43726042983565105,0.009918319719953326,0.530360531309298,0.03109332527937178,1665063,765404,3,"RULELIST:
 if [age_26-45__AND__charge_degree_Misdemeanor]: (recidivism:yes) = False
else if [priors_2-3__AND__juvenile-felonies_=0]: (recidivism:yes) = True
else if [juvenile-misdemeanors_>0]: (recidivism:yes) = True
else (recidivism:yes) = False",0.5677725118483412,0.06508791832104366
Average,0.5471956283401673,0.005097892098175015,0.45540437165983266,0.02263315935054775,0.5412448177558746,0.019898125358849255,1060938.4,489148.4,2.6,,0.5402843601895735,0.03493366779271683
