Fold#,Training accuracy,Training Unfairness(4),Training objective function,Training Sample-Robustness,Test accuracy,Test unfairness,#Nodes explored for best solution,Cache size for best solution,Average length,RL,Validation accuracy,Validation unfairness
0,0.7544351073762838,0.0007359509933212438,0.24756489262371617,0.01625693893735131,0.7514740566037735,0.0021667615613335522,25143,14047,2,"RULELIST:
 if [not_workclass_fedGov]: (income > 50K) = False
else if [capitalGain_-inf_to_5095.5]: (income > 50K) = False
else (income > 50K) = True",0.7557488207547169,0.0060254542932446364
1,0.7539436827362523,0.0,0.24605631726374766,1.0,0.7508844339622641,0.0,0,0,0,"RULELIST:
(income > 50K) = False",0.7471992924528302,0.0
2,0.7515479115479116,0.0027314617586466916,0.25045208845208844,0.0062708210856359005,0.7565973757924223,0.0005647239431986195,23864,13844,2,"RULELIST:
 if [not_workclass_fedGov]: (income > 50K) = False
else if [capitalGain_7073.5_to_inf]: (income > 50K) = True
else (income > 50K) = False",0.7589917452830188,0.007801418439716268
3,0.7520884520884521,0.0,0.2479115479115479,1.0,0.7573345127524694,0.0,0,0,0,"RULELIST:
(income > 50K) = False",0.746314858490566,0.0
4,0.8133169533169533,0.0021093154293594374,0.1906830466830467,0.0027391899823909216,0.8160106147722247,0.018831414377175948,1261377,365119,4,"RULELIST:
 if [capitalGain_7073.5_to_inf]: (income > 50K) = True
else if [education_hs_grad__AND__occupation_whiteCollar]: (income > 50K) = False
else if [age_35.5_to_61.5__AND__occupation_whiteCollar]: (income > 50K) = True
else if [capitalLoss_1881.5_to_1978.5]: (income > 50K) = True
else (income > 50K) = False",0.8225235849056604,0.023453121273824595
Average,0.7650664214131707,0.0011153456362654746,0.23653357858682938,0.40505339000107554,0.7664601987766309,0.004312579976341624,262076.8,78602.0,1.6,,0.7661556603773585,0.0074559988013571
