Fold#,Training accuracy,Training Unfairness(5),Training objective function,Training Sample-Robustness,Test accuracy,Test unfairness,#Nodes explored for best solution,Cache size for best solution,Average length,RL,Validation accuracy,Validation unfairness
0,0.5251343661081253,0.006978939295616771,0.47686563389187475,0.26935804103242883,0.5469194312796208,0.003154574132492094,21221,13960,2,"RULELIST:
 if [gender_Male__AND__juvenile-felonies_=0]: (recidivism:yes) = False
else if [gender_Male__AND__age_18-20]: (recidivism:yes) = True
else (recidivism:yes) = False",0.5364928909952607,0.00530590353599214
1,0.5311413215301929,0.006313031048995499,0.4708586784698071,0.21151271753681392,0.547867298578199,0.00017747628719610997,20735,13926,2,"RULELIST:
 if [gender_Male__AND__juvenile-misdemeanors_=0]: (recidivism:yes) = False
else if [gender_Male__AND__age_18-20]: (recidivism:yes) = True
else (recidivism:yes) = False",0.5222748815165876,0.013966480446927387
2,0.5324059437243124,0.005816521409153341,0.4695940562756876,0.28158602150537637,0.5298578199052133,0.009090909090909038,18354,12967,2,"RULELIST:
 if [not_priors_2-3]: (recidivism:yes) = False
else if [age_18-20__AND__juvenile-crimes_=0]: (recidivism:yes) = True
else (recidivism:yes) = False",0.5308056872037915,0.0031250000000000444
3,0.5312895069532237,0.004007983644840896,0.47071049304677626,0.2491627595445412,0.5360531309297912,0.008746355685131157,16682,12100,2,"RULELIST:
 if [not_priors_2-3]: (recidivism:yes) = False
else if [juvenile-felonies_=0__AND__age_18-20]: (recidivism:yes) = True
else (recidivism:yes) = False",0.5317535545023697,0.012422360248447228
4,0.5461441213653603,0.00358059057911686,0.4558558786346397,0.1310344827586207,0.5009487666034156,0.0033222591362126247,19676,13335,2,"RULELIST:
 if [not_priors_1]: (recidivism:yes) = False
else if [juvenile-felonies_=0__AND__age_18-20]: (recidivism:yes) = True
else (recidivism:yes) = False",0.5298578199052133,0.00638116846284742
Average,0.533223051936243,0.005339413195544674,0.4687769480637571,0.2285308044755562,0.5323292894592481,0.004898314866388205,19333.6,13257.6,2.0,,0.5302369668246446,0.008240182538842844
