Fold#,Training accuracy,Training Unfairness(1),Training objective function,Training Sample-Robustness,Test accuracy,Test unfairness,#Nodes explored for best solution,Cache size for best solution,Average length,RL,Validation accuracy,Validation unfairness
0,0.895203400121433,0.013343862249573199,0.10779659987856705,0.0014167172637117992,0.8973891924711597,0.013283311548990111,1189097,350892,3,"RULELIST:
 if [marital_single]: (subscribe:yes) = False
else if [not_nr_employed_very_low]: (subscribe:yes) = False
else if [poutcome_failure]: (subscribe:yes) = False
else (subscribe:yes) = True",0.893624772313297,0.019568969661528046
1,0.8932199959522363,0.014418895652931068,0.10878000404776367,0.0005262092693786683,0.8926533090467517,0.009183687712742302,20941,10873,2,"RULELIST:
 if [marital_single]: (subscribe:yes) = False
else if [poutcome_success]: (subscribe:yes) = True
else (subscribe:yes) = False",0.8975106253794778,0.011900721128851429
2,0.8949200566686906,0.01397046003331704,0.10807994333130944,0.0008905079943331309,0.8984820886460231,0.01703630831320426,987409,322691,3,"RULELIST:
 if [marital_single]: (subscribe:yes) = False
else if [not_nr_employed_very_low]: (subscribe:yes) = False
else if [poutcome_failure]: (subscribe:yes) = False
else (subscribe:yes) = True",0.8933819064966606,0.013970011081982555
3,0.8961748633879781,0.012413589261199558,0.10682513661202186,0.002226269985832827,0.8896174863387978,0.00842159162797379,426493,187118,3,"RULELIST:
 if [duration_low]: (subscribe:yes) = False
else if [marital_single]: (subscribe:yes) = False
else if [poutcome_failure]: (subscribe:yes) = False
else (subscribe:yes) = True",0.8962962962962963,0.008737588867262086
4,0.8955676988463873,0.012460275332614559,0.10743230115361269,0.002185792349726776,0.8949605343047966,0.016594504338894617,876685,321326,3,"RULELIST:
 if [not_nr_employed_very_low]: (subscribe:yes) = False
else if [marital_single]: (subscribe:yes) = False
else if [poutcome_failure]: (subscribe:yes) = False
else (subscribe:yes) = True",0.8949605343047966,0.01892678042683867
Average,0.8950172029953452,0.013321416505927084,0.10778279700465494,0.0014490993725966403,0.8946205221615056,0.012903880708361015,700125.0,238580.0,2.8,,0.8951548269581057,0.014620814233292558
