Fold#,Training accuracy,Training Unfairness(1),Training objective function,Training Sample-Robustness,Test accuracy,Test unfairness,#Nodes explored for best solution,Cache size for best solution,Average length,RL,Validation accuracy,Validation unfairness
0,0.8922080550495851,0.008904756986619583,0.11079194495041489,0.00518113742157458,0.8941105039465695,0.007041304523979807,542867,232324,3,"RULELIST:
 if [marital_single]: (subscribe:yes) = False
else if [duration_middle]: (subscribe:yes) = False
else if [poutcome_failure]: (subscribe:yes) = False
else (subscribe:yes) = True",0.8916818457802065,0.012012504436941431
1,0.8926128314106456,0.01028205824390849,0.11038716858935438,0.004007285974499089,0.891317547055252,0.010871335315438553,1057322,390803,3,"RULELIST:
 if [day_of_week_mon]: (subscribe:yes) = False
else if [marital_single]: (subscribe:yes) = False
else if [poutcome_success]: (subscribe:yes) = True
else (subscribe:yes) = False",0.8971463266545234,0.012384030655126062
2,0.8925723537745396,0.010009060326110562,0.11042764622546042,0.004007285974499089,0.8970248937462052,0.014481557822420044,650933,263139,3,"RULELIST:
 if [month_jul]: (subscribe:yes) = False
else if [marital_single]: (subscribe:yes) = False
else if [poutcome_failure]: (subscribe:yes) = False
else (subscribe:yes) = True",0.891317547055252,0.013005850356954549
3,0.8933819064966606,0.008647532849732657,0.1096180935033394,0.005343047965998785,0.8860959319975713,0.012169410199562278,518133,234901,3,"RULELIST:
 if [job_retired]: (subscribe:yes) = False
else if [not_duration_very_high]: (subscribe:yes) = False
else if [poutcome_failure]: (subscribe:yes) = False
else (subscribe:yes) = True",0.8941105039465695,0.008737032176924205
4,0.8925318761384335,0.006147273477832926,0.11046812386156646,0.013033798826148553,0.8903460837887067,0.004570746472531731,841832,343973,3,"RULELIST:
 if [duration_low]: (subscribe:yes) = False
else if [not_job_admin.]: (subscribe:yes) = False
else if [poutcome_failure]: (subscribe:yes) = False
else (subscribe:yes) = True",0.8890103217972071,0.0035740274395975862
Average,0.8926614045739729,0.008798136376840845,0.11033859542602711,0.006314511232544019,0.8917789921068608,0.00982687086678648,722217.4,293028.0,3.0,,0.8926533090467517,0.009942689013108765
