Fold#,Training accuracy,Training Unfairness(3),Training objective function,Training Sample-Robustness,Test accuracy,Test unfairness,#Nodes explored for best solution,Cache size for best solution,Average length,RL,Validation accuracy,Validation unfairness
0,0.9003845375430075,0.009547272436410174,0.10261546245699249,0.00041090261607998904,0.9038251366120219,0.013839940253476854,26891,11278,3,"RULELIST:
 if [pdays_very_low__AND__poutcome_failure]: (subscribe:yes) = False
else if [not_nr_employed_very_low]: (subscribe:yes) = False
else if [duration_low]: (subscribe:yes) = False
else (subscribe:yes) = True",0.8979963570127505,0.016582578947863524
1,0.8974296701072657,0.009155796533598992,0.1055703298927343,0.00072992700729927,0.8973891924711597,0.0019564869509556314,80014,43653,3,"RULELIST:
 if [poutcome_failure]: (subscribe:yes) = False
else if [duration_high]: (subscribe:yes) = True
else if [duration_very_high]: (subscribe:yes) = True
else (subscribe:yes) = False",0.9020036429872496,0.008259825445340057
2,0.8997773730014167,0.009774102366435396,0.10422262699858331,0.00022820629849383843,0.9044323011536126,0.01479696652872979,1378188,298236,4,"RULELIST:
 if [duration_very_low]: (subscribe:yes) = False
else if [poutcome_failure]: (subscribe:yes) = False
else if [duration_low]: (subscribe:yes) = False
else if [not_nr_employed_low]: (subscribe:yes) = True
else (subscribe:yes) = False",0.8996964177292046,0.004904092482604588
3,0.9020845982594616,0.007319496185914495,0.10091540174053837,0.002324521422060164,0.8926533090467517,0.013715327237360044,26893,11681,3,"RULELIST:
 if [poutcome_failure]: (subscribe:yes) = False
else if [duration_low]: (subscribe:yes) = False
else if [duration_very_low]: (subscribe:yes) = False
else (subscribe:yes) = True",0.9043108682452945,0.022795556860442358
4,0.9011131349929165,0.009270312358551691,0.10188686500708355,0.0006386569955750194,0.8986035215543412,0.013147820925213397,27576,11684,3,"RULELIST:
 if [poutcome_failure]: (subscribe:yes) = False
else if [duration_low]: (subscribe:yes) = False
else if [nr_employed_low]: (subscribe:yes) = False
else (subscribe:yes) = True",0.8979963570127505,0.01346359168241966
Average,0.9001578627808137,0.00901339597618215,0.1030421372191864,0.0008664428679016562,0.8993806921675775,0.011491308379147145,307912.4,75306.4,3.2,,0.9004007285974499,0.013201129083734036
