Fold#,Training accuracy,Training Unfairness(1),Training objective function,Training Sample-Robustness,Test accuracy,Test unfairness,#Nodes explored for best solution,Cache size for best solution,Average length,RL,Validation accuracy,Validation unfairness
0,0.527979766044894,0.004749329822343586,0.47402023395510595,0.31141321530192856,0.5450236966824644,0.00323062558356676,24409,15076,2,"RULELIST:
 if [priors_1__AND__charge_degree_Felony]: (recidivism:yes) = False
else if [juvenile-misdemeanors_>0__AND__age_21-22]: (recidivism:yes) = True
else (recidivism:yes) = False",0.5364928909952607,0.0004920254036500718
1,0.5346190325640215,0.0004113688912134768,0.46738096743597846,0.235852039203288,0.547867298578199,0.011400651465798045,24409,14938,2,"RULELIST:
 if [gender_Male__AND__priors_1]: (recidivism:yes) = False
else if [juvenile-misdemeanors_>0__AND__age_21-22]: (recidivism:yes) = True
else (recidivism:yes) = False",0.5156398104265403,0.005934718100890208
2,0.5295605437875435,0.0,0.47043945621245653,1.0,0.5270142180094787,0.0,0,0,0,"RULELIST:
(recidivism:yes) = False",0.5298578199052133,0.0
3,0.5281289506953224,0.0,0.4718710493046776,1.0,0.5332068311195446,0.0,0,0,0,"RULELIST:
(recidivism:yes) = False",0.5279620853080569,0.0
4,0.5448798988621998,0.003992674980246089,0.4571201011378002,0.3915929203539823,0.4981024667931689,0.008316688542677244,22506,14224,2,"RULELIST:
 if [gender_Male__AND__juvenile-felonies_=0]: (recidivism:yes) = False
else if [juvenile-misdemeanors_>0__AND__juvenile-crimes_>0]: (recidivism:yes) = True
else (recidivism:yes) = False",0.5289099526066351,0.0038559347538220778
Average,0.5330336383907962,0.0018306747387606304,0.4681663616092037,0.5877716349718398,0.5302429022365711,0.004589593118408409,14264.8,8847.6,1.2,,0.5277725118483412,0.0020565356516724716
