Fold#,Training accuracy,Training Unfairness(3),Training objective function,Training Sample-Robustness,Test accuracy,Test unfairness,#Nodes explored for best solution,Cache size for best solution,Average length,RL,Validation accuracy,Validation unfairness
0,0.8997773730014167,0.008640750813203223,0.10322262699858331,0.020042916495457242,0.9033394049787492,0.013041090596982207,27910,11971,3,"RULELIST:
 if [duration_low]: (subscribe:yes) = False
else if [poutcome_failure]: (subscribe:yes) = False
else if [nr_employed_low]: (subscribe:yes) = False
else (subscribe:yes) = True",0.8972677595628415,0.01562777309172094
1,0.8997368953653107,0.012049139644917896,0.10426310463468935,0.0025547445255474453,0.9016393442622951,0.004042849754511447,1403858,297743,4,"RULELIST:
 if [poutcome_failure]: (subscribe:yes) = False
else if [duration_low]: (subscribe:yes) = False
else if [duration_very_low]: (subscribe:yes) = False
else if [nr_employed_very_low]: (subscribe:yes) = True
else (subscribe:yes) = False",0.9044323011536126,0.011473240348716843
2,0.9001821493624772,0.010359987852454039,0.1038178506375228,0.012368781378366042,0.9045537340619307,0.014955595970354157,1326161,284465,4,"RULELIST:
 if [duration_very_low]: (subscribe:yes) = False
else if [poutcome_failure]: (subscribe:yes) = False
else if [duration_low]: (subscribe:yes) = False
else if [nr_employed_very_low]: (subscribe:yes) = True
else (subscribe:yes) = False",0.9001821493624772,0.0058691881879286995
3,0.9020845982594616,0.007319496185914495,0.10091540174053837,0.0211485870556062,0.8926533090467517,0.013715327237360044,24555,8491,3,"RULELIST:
 if [pdays_very_low__AND__poutcome_failure]: (subscribe:yes) = False
else if [duration_low]: (subscribe:yes) = False
else if [duration_very_low]: (subscribe:yes) = False
else (subscribe:yes) = True",0.9043108682452945,0.022795556860442358
4,0.9017607771706132,0.010175530675910583,0.1012392228293868,0.015555859677934401,0.8989678202792957,0.013945778154705895,24218,8451,3,"RULELIST:
 if [poutcome_failure]: (subscribe:yes) = False
else if [not_nr_employed_very_low]: (subscribe:yes) = False
else if [duration_low]: (subscribe:yes) = False
else (subscribe:yes) = True",0.8987249544626594,0.01442359168241966
Average,0.9007083586318559,0.009708981034480046,0.10269164136814413,0.014334177826582268,0.9002307225258045,0.01194012834278275,561340.4,122224.2,3.4,,0.9009836065573771,0.014037870034245701
