Fold#,Training accuracy,Training Unfairness(4),Training objective function,Training Sample-Robustness,Test accuracy,Test unfairness,#Nodes explored for best solution,Cache size for best solution,Average length,RL,Validation accuracy,Validation unfairness
0,0.7521254115681361,0.0,0.24787458843186394,1.0,0.7492629716981132,0.0,0,0,0,"RULELIST:
(income > 50K) = False",0.7542747641509434,0.0
1,0.7539436827362523,0.0,0.24605631726374766,1.0,0.7508844339622641,0.0,0,0,0,"RULELIST:
(income > 50K) = False",0.7471992924528302,0.0
2,0.7492383292383292,0.0,0.2507616707616708,1.0,0.754828247088309,0.0,0,0,0,"RULELIST:
(income > 50K) = False",0.7573702830188679,0.0
3,0.7520884520884521,0.0,0.2479115479115479,1.0,0.7573345127524694,0.0,0,0,0,"RULELIST:
(income > 50K) = False",0.746314858490566,0.0
4,0.7509090909090909,0.003780475460003263,0.25109090909090914,0.08002347877127763,0.7502579979360166,0.008665945156537291,15707,11092,2,"RULELIST:
 if [not_occupation_sales]: (income > 50K) = False
else if [capitalLoss_1881.5_to_1978.5]: (income > 50K) = True
else (income > 50K) = False",0.7682783018867925,0.007771846470872368
Average,0.7516609933080521,0.0007560950920006526,0.24873900669194787,0.8160046957542555,0.7525136326874344,0.0017331890313074584,3141.4,2218.4,0.4,,0.7546875,0.0015543692941744735
