Fold#,Training accuracy,Training Unfairness(3),Training objective function,Training Sample-Robustness,Test accuracy,Test unfairness,#Nodes explored for best solution,Cache size for best solution,Average length,RL,Validation accuracy,Validation unfairness
0,0.5295605437875435,0.002242152466367713,0.47243945621245653,0.4194915254237288,0.5459715639810426,0.0012147863798151097,25379,15302,2,"RULELIST:
 if [juvenile-felonies_=0__AND__charge_degree_Felony]: (recidivism:yes) = False
else if [juvenile-misdemeanors_>0__AND__juvenile-crimes_>0]: (recidivism:yes) = True
else (recidivism:yes) = False",0.5374407582938389,0.006514657980456026
1,0.5377805880493203,0.0011049723756906078,0.46521941195067973,0.4829239065308568,0.5469194312796208,0.006872852233676976,2097748,893430,3,"RULELIST:
 if [priors_2-3__AND__age_26-45]: (recidivism:yes) = False
else if [juvenile-misdemeanors_=0__AND__age_26-45]: (recidivism:yes) = False
else if [age_26-45__AND__juvenile-crimes_>0]: (recidivism:yes) = True
else (recidivism:yes) = False",0.5232227488151658,0.004347826086956522
2,0.5399936768890294,0.0006823242117359766,0.46300632311097056,0.3397014925373134,0.533649289099526,0.003745318352059925,2067304,882491,3,"RULELIST:
 if [charge_degree_Felony__AND__juvenile-crimes_=0]: (recidivism:yes) = False
else if [gender_Male__AND__charge_degree_Misdemeanor]: (recidivism:yes) = False
else if [priors_>3__AND__juvenile-misdemeanors_>0]: (recidivism:yes) = True
else (recidivism:yes) = False",0.5355450236966824,0.0
3,0.5436156763590392,0.0006015319590900563,0.4583843236409608,0.2812687013764213,0.5398481973434535,0.001907413135374781,23170,14705,2,"RULELIST:
 if [charge_degree_Felony__AND__priors_0]: (recidivism:yes) = False
else if [age_18-20]: (recidivism:yes) = True
else (recidivism:yes) = False",0.5393364928909953,0.010380622837370242
4,0.5603666245259166,0.0029811629811629815,0.44163337547408343,0.17736289381563594,0.5104364326375711,0.0029749320446994885,17365,12259,2,"RULELIST:
 if [charge_degree_Felony__AND__juvenile-crimes_=0]: (recidivism:yes) = False
else if [priors_>3__AND__charge_degree_Felony]: (recidivism:yes) = True
else (recidivism:yes) = False",0.5497630331753555,0.012861736334405145
Average,0.5422634219221697,0.001522428798809467,0.4601365780778302,0.3401497039367912,0.5353649828682427,0.003343060429125256,846193.2,363637.4,2.4,,0.5370616113744076,0.006820968647837586
