Fold#,Training accuracy,Training Unfairness(1),Training objective function,Training Sample-Robustness,Test accuracy,Test unfairness,#Nodes explored for best solution,Cache size for best solution,Average length,RL,Validation accuracy,Validation unfairness
0,0.528295921593424,0.00501373666411004,0.473704078406576,0.2861207714195384,0.5412322274881517,0.0038842203548085904,21458,14029,2,"RULELIST:
 if [gender_Male__AND__juvenile-misdemeanors_=0]: (recidivism:yes) = False
else if [juvenile-crimes_>0__AND__charge_degree_Misdemeanor]: (recidivism:yes) = True
else (recidivism:yes) = False",0.5327014218009478,0.004485000794810268
1,0.535883654758141,0.004655400721452204,0.46711634524185897,0.2045526398988302,0.5526066350710901,0.009133077769652921,2057851,887590,3,"RULELIST:
 if [age_26-45__AND__juvenile-felonies_=0]: (recidivism:yes) = False
else if [gender_Male__AND__charge_degree_Misdemeanor]: (recidivism:yes) = False
else if [juvenile-misdemeanors_>0__AND__juvenile-crimes_>0]: (recidivism:yes) = True
else (recidivism:yes) = False",0.5213270142180095,0.010728443810992468
2,0.5295605437875435,0.0,0.47043945621245653,1.0,0.5270142180094787,0.0,0,0,0,"RULELIST:
(recidivism:yes) = False",0.5298578199052133,0.0
3,0.5281289506953224,0.0,0.4718710493046776,1.0,0.5332068311195446,0.0,0,0,0,"RULELIST:
(recidivism:yes) = False",0.5279620853080569,0.0
4,0.5461441213653603,0.004802326087813133,0.4568558786346397,0.37673830594184576,0.4990512333965844,0.01386748844375963,1907658,838381,3,"RULELIST:
 if [charge_degree_Felony__AND__juvenile-crimes_=0]: (recidivism:yes) = False
else if [priors_2-3__AND__juvenile-misdemeanors_=0]: (recidivism:yes) = False
else if [charge_degree_Felony__AND__juvenile-felonies_>0]: (recidivism:yes) = True
else (recidivism:yes) = False",0.5317535545023697,0.0077118695076441555
Average,0.5336026384399583,0.002894292694675075,0.46799736156004174,0.5734823434520429,0.5306222290169699,0.0053769573136442286,797393.4,348000.0,1.6,,0.5287203791469194,0.004585062822689378
