Fold#,Training accuracy,Training Unfairness(4),Training objective function,Training Sample-Robustness,Test accuracy,Test unfairness,#Nodes explored for best solution,Cache size for best solution,Average length,RL,Validation accuracy,Validation unfairness
0,0.8103100889478598,0.0012938395250046142,0.19368991105214017,0.0015860428231562252,0.8108785377358491,0.06632346428797364,5722951,1682790,4,"RULELIST:
 if [capitalLoss_1881.5_to_1978.5]: (income > 50K) = True
else if [capitalGain_-inf_to_5095.5__AND__age_61.5_to_inf]: (income > 50K) = False
else if [education_masters_doctorate]: (income > 50K) = True
else if [capitalGain_-inf_to_5095.5]: (income > 50K) = False
else (income > 50K) = True",0.8119103773584906,0.06400853100291304
1,0.7539436827362523,0.0,0.24605631726374766,1.0,0.7508844339622641,0.0,0,0,0,"RULELIST:
(income > 50K) = False",0.7471992924528302,0.0
2,0.7492383292383292,0.0,0.2507616707616708,1.0,0.754828247088309,0.0,0,0,0,"RULELIST:
(income > 50K) = False",0.7573702830188679,0.0
3,0.7520884520884521,0.0,0.2479115479115479,1.0,0.7573345127524694,0.0,0,0,0,"RULELIST:
(income > 50K) = False",0.746314858490566,0.0
4,0.8133169533169533,0.0021093154293594374,0.1906830466830467,0.0013695949911954608,0.8160106147722247,0.018831414377175948,1310713,389696,4,"RULELIST:
 if [capitalGain_7073.5_to_inf]: (income > 50K) = True
else if [education_hs_grad__AND__occupation_whiteCollar]: (income > 50K) = False
else if [age_35.5_to_61.5__AND__occupation_whiteCollar]: (income > 50K) = True
else if [capitalLoss_1881.5_to_1978.5]: (income > 50K) = True
else (income > 50K) = False",0.8225235849056604,0.023453121273824595
Average,0.7757795012655693,0.0006806309908728103,0.22582049873443064,0.6005911275628704,0.7779872692622233,0.01703097573302992,1406732.8,414497.2,1.6,,0.777063679245283,0.017492330455347527
