Fold#,Training accuracy,Training Unfairness(1),Training objective function,Training Sample-Robustness,Test accuracy,Test unfairness,#Nodes explored for best solution,Cache size for best solution,Average length,RL,Validation accuracy,Validation unfairness
0,0.764312742640916,0.00601341216870457,0.23768725735908403,0.03258145363408521,0.7622346698113207,0.00703928849074544,11224,8243,2,"RULELIST:
 if [not_occupation_professional]: (income > 50K) = False
else if [capitalGain_7073.5_to_inf]: (income > 50K) = True
else (income > 50K) = False",0.7660672169811321,0.0059549927913245156
1,0.7650990220649664,0.005983713755701315,0.23790097793503362,0.07469654528478058,0.7647405660377359,0.0059052965981599564,909049,446865,3,"RULELIST:
 if [not_occupation_professional]: (income > 50K) = False
else if [education_hs_grad__AND__hoursPerWeek_40.5_to_inf]: (income > 50K) = False
else if [not_capitalGain_7073.5_to_inf]: (income > 50K) = False
else (income > 50K) = True",0.7600235849056604,0.005451820222128128
2,0.7594103194103194,0.0066504880031335225,0.24258968058968056,0.11277641277641277,0.7617573345127525,0.0012884993860283606,11985,8800,2,"RULELIST:
 if [age_35.5_to_61.5__AND__capitalGain_-inf_to_5095.5]: (income > 50K) = False
else if [age_35.5_to_61.5__AND__occupation_professional]: (income > 50K) = True
else (income > 50K) = False",0.7640035377358491,0.0041152443392151175
3,0.7670270270270271,0.004989534052664724,0.23597297297297293,0.007272727272727273,0.7654430193129883,0.013056320964093107,346568,180770,3,"RULELIST:
 if [age_35.5_to_61.5__AND__occupation_professional]: (income > 50K) = True
else if [occupation_blueCollar__AND__capitalGain_-inf_to_5095.5]: (income > 50K) = False
else if [education_masters_doctorate__AND__capitalLoss_-inf_to_1534.0]: (income > 50K) = True
else (income > 50K) = False",0.7673938679245284,0.00779668076380878
4,0.757985257985258,0.005052140766893625,0.24401474201474205,0.15685503685503685,0.7564499484004128,0.005033231778024012,12945,9416,2,"RULELIST:
 if [age_35.5_to_61.5__AND__capitalGain_-inf_to_5095.5]: (income > 50K) = False
else if [age_35.5_to_61.5__AND__occupation_professional]: (income > 50K) = True
else (income > 50K) = False",0.7735849056603774,0.005132801750144325
Average,0.7627668738256974,0.0057378577494195514,0.23963312617430263,0.07683643516460854,0.762125107615042,0.006464527443410176,258354.2,130818.8,2.4,,0.7662146226415094,0.005690307973324173
