Fold#,Training accuracy,Training Unfairness(1),Training objective function,Training Sample-Robustness,Test accuracy,Test unfairness,#Nodes explored for best solution,Cache size for best solution,Average length,RL,Validation accuracy,Validation unfairness
0,0.886581663630844,0.0,0.11341833636915599,1.0,0.8905889496053431,0.0,0,0,0,"RULELIST:
(subscribe:yes) = False",0.8863387978142077,0.0
1,0.8872697834446468,0.0,0.1127302165553532,1.0,0.8845173041894353,0.0,0,0,0,"RULELIST:
(subscribe:yes) = False",0.8903460837887067,0.0
2,0.8915199352357822,0.005174296570596213,0.11148006476421779,0.004088241246711192,0.8933819064966606,0.008128530686603136,1404076,443496,3,"RULELIST:
 if [duration_low]: (subscribe:yes) = False
else if [not_job_admin.]: (subscribe:yes) = False
else if [poutcome_failure]: (subscribe:yes) = False
else (subscribe:yes) = True",0.8890103217972071,0.0029847052998641967
3,0.8921675774134791,0.0034863022868275775,0.11083242258652093,0.026067597652297107,0.8859744990892532,0.003382117237096761,1764150,486150,3,"RULELIST:
 if [not_duration_very_high]: (subscribe:yes) = False
else if [marital_single]: (subscribe:yes) = False
else if [poutcome_success]: (subscribe:yes) = True
else (subscribe:yes) = False",0.8926533090467517,0.001139879135847362
4,0.892046144505161,0.005954558118418782,0.11095385549483905,0.0034405990690143697,0.8899817850637523,0.005334688412944261,848474,357462,3,"RULELIST:
 if [nr_employed_low]: (subscribe:yes) = False
else if [not_job_admin.]: (subscribe:yes) = False
else if [poutcome_failure]: (subscribe:yes) = False
else (subscribe:yes) = True",0.8890103217972071,0.0029598734441304148
Average,0.8899170208459827,0.0029230313951685146,0.11188297915401739,0.4067192875936046,0.8888888888888887,0.0033690672673288317,803340.0,257421.6,1.8,,0.8894717668488161,0.0014168915759683947
