Fold#,Training accuracy,Training Unfairness(5),Training objective function,Training Sample-Robustness,Test accuracy,Test unfairness,#Nodes explored for best solution,Cache size for best solution,Average length,RL,Validation accuracy,Validation unfairness
0,0.8065261192196177,0.003714024660698187,0.1974738807803823,0.0031720856463124504,0.8030660377358491,0.040187891440501056,4112705,1467560,4,"RULELIST:
 if [not_capitalGain_-inf_to_5095.5]: (income > 50K) = True
else if [age_35.5_to_61.5__AND__education_bachelors]: (income > 50K) = True
else if [workclass_private__AND__hoursPerWeek_40.5_to_inf]: (income > 50K) = False
else if [not_capitalLoss_1881.5_to_1978.5]: (income > 50K) = False
else (income > 50K) = True",0.8029186320754716,0.027884704304804164
1,0.7539436827362523,0.0,0.24605631726374766,1.0,0.7508844339622641,0.0,0,0,0,"RULELIST:
(income > 50K) = False",0.7471992924528302,0.0
2,0.7492383292383292,0.0,0.2507616707616708,1.0,0.754828247088309,0.0,0,0,0,"RULELIST:
(income > 50K) = False",0.7573702830188679,0.0
3,0.7520884520884521,0.0,0.2479115479115479,1.0,0.7573345127524694,0.0,0,0,0,"RULELIST:
(income > 50K) = False",0.746314858490566,0.0
4,0.7488452088452089,0.0,0.2511547911547911,1.0,0.7476043048798466,0.0,0,0,0,"RULELIST:
(income > 50K) = False",0.7657724056603774,0.0
Average,0.762128358425572,0.0007428049321396374,0.23867164157442797,0.8006344171292625,0.7627435072837476,0.00803757828810021,822541.0,293512.0,0.8,,0.7639150943396227,0.005576940860960833
