Fold#,Training accuracy,Training Unfairness(4),Training objective function,Training Sample-Robustness,Test accuracy,Test unfairness,#Nodes explored for best solution,Cache size for best solution,Average length,RL,Validation accuracy,Validation unfairness
0,0.5276636104963642,0.002072640748824961,0.47433638950363577,0.05162144275314361,0.5459715639810426,0.00013630875881132098,19225,13211,2,"RULELIST:
 if [priors_1__AND__juvenile-felonies_=0]: (recidivism:yes) = False
else if [juvenile-misdemeanors_>0__AND__age_21-22]: (recidivism:yes) = True
else (recidivism:yes) = False",0.5374407582938389,0.017124468451902075
1,0.5314574770787227,0.00047645517350913824,0.4705425229212773,0.1278447121820616,0.5497630331753555,0.018398375105992737,21221,14072,2,"RULELIST:
 if [gender_Male__AND__juvenile-crimes_=0]: (recidivism:yes) = False
else if [gender_Male__AND__age_18-20]: (recidivism:yes) = True
else (recidivism:yes) = False",0.524170616113744,0.010137259980021462
2,0.5336705659184319,0.005580128025679754,0.46832943408156813,0.14448924731182797,0.5279620853080569,0.0060606060606061,20684,13964,2,"RULELIST:
 if [age_26-45__AND__juvenile-felonies_=0]: (recidivism:yes) = False
else if [age_26-45__AND__juvenile-crimes_>0]: (recidivism:yes) = True
else (recidivism:yes) = False",0.5327014218009478,0.009375000000000022
3,0.5335018963337548,0.001983790291952503,0.4684981036662452,0.046215673141326186,0.5341555977229602,0.0008805056058857064,18465,12959,2,"RULELIST:
 if [not_priors_1]: (recidivism:yes) = False
else if [juvenile-misdemeanors_=0__AND__age_18-20]: (recidivism:yes) = True
else (recidivism:yes) = False",0.5317535545023697,0.018633540372670843
4,0.5464601769911505,0.004595819005512869,0.45553982300884954,0.08482758620689655,0.5,0.025862068965517238,22855,14280,2,"RULELIST:
 if [gender_Male__AND__juvenile-crimes_=0]: (recidivism:yes) = False
else if [priors_>3__AND__juvenile-felonies_>0]: (recidivism:yes) = True
else (recidivism:yes) = False",0.5279620853080569,0.00638116846284742
Average,0.5345507453636849,0.002941766649095845,0.4674492546363152,0.09099973231905119,0.531570456037483,0.01026757289936262,20490.0,13697.2,2.0,,0.5308056872037914,0.012330287453488364
