Fold#,Training accuracy,Training Unfairness(3),Training objective function,Training Sample-Robustness,Test accuracy,Test unfairness,#Nodes explored for best solution,Cache size for best solution,Average length,RL,Validation accuracy,Validation unfairness
0,0.5222889661713563,0.0,0.47771103382864366,1.0,0.5459715639810426,0.0,0,0,0,"RULELIST:
(recidivism:yes) = False",0.5327014218009478,0.0
1,0.5276636104963642,0.0,0.47233638950363577,1.0,0.5450236966824644,0.0,0,0,0,"RULELIST:
(recidivism:yes) = False",0.5175355450236967,0.0
2,0.5295605437875435,0.0,0.47043945621245653,1.0,0.5270142180094787,0.0,0,0,0,"RULELIST:
(recidivism:yes) = False",0.5298578199052133,0.0
3,0.5366624525916561,0.0022099447513812156,0.4663375474083439,0.4823459006582885,0.540796963946869,0.0009537065676873905,2025973,888663,3,"RULELIST:
 if [age_23-25__AND__charge_degree_Misdemeanor]: (recidivism:yes) = False
else if [gender_Male__AND__age_26-45]: (recidivism:yes) = False
else if [juvenile-misdemeanors_>0__AND__juvenile-crimes_>0]: (recidivism:yes) = True
else (recidivism:yes) = False",0.5298578199052133,0.0029179362702060627
4,0.5537294563843237,0.0008763308763308766,0.4482705436156763,0.41890315052508753,0.5094876660341556,0.0008758683177287827,16427,11878,2,"RULELIST:
 if [gender_Male__AND__priors_1]: (recidivism:yes) = False
else if [juvenile-misdemeanors_>0__AND__juvenile-crimes_>0]: (recidivism:yes) = True
else (recidivism:yes) = False",0.5450236966824644,0.006430868167202572
Average,0.5339810058862489,0.0006172551255424184,0.46701899411375125,0.7802498102366752,0.5336588217308021,0.00036591497708323464,408480.0,180108.2,1.0,,0.530995260663507,0.0018697608874817273
