Fold#,Training accuracy,Training Unfairness(5),Training objective function,Training Sample-Robustness,Test accuracy,Test unfairness,#Nodes explored for best solution,Cache size for best solution,Average length,RL,Validation accuracy,Validation unfairness
0,0.886581663630844,0.0,0.11341833636915599,1.0,0.8905889496053431,0.0,0,0,0,"RULELIST:
(subscribe:yes) = False",0.8863387978142077,0.0
1,0.8872697834446468,0.0,0.1127302165553532,1.0,0.8845173041894353,0.0,0,0,0,"RULELIST:
(subscribe:yes) = False",0.8903460837887067,0.0
2,0.8868650070835863,0.0,0.11313499291641371,1.0,0.8916818457802065,0.0,0,0,0,"RULELIST:
(subscribe:yes) = False",0.8843958712811172,0.0
3,0.8880793361667678,0.0,0.11192066383323218,1.0,0.8825743776563448,0.0,0,0,0,"RULELIST:
(subscribe:yes) = False",0.8898603521554341,0.0
4,0.895284355393645,0.007041722737411927,0.10771564460635497,0.004669540229885058,0.8950819672131147,0.010741684764428616,945027,353265,3,"RULELIST:
 if [not_nr_employed_very_low]: (subscribe:yes) = False
else if [marital_single]: (subscribe:yes) = False
else if [poutcome_failure__AND__default_no]: (subscribe:yes) = False
else (subscribe:yes) = True",0.8941105039465695,0.028168608003690476
Average,0.888816029143898,0.0014083445474823853,0.111783970856102,0.800933908045977,0.888888888888889,0.0021483369528857233,189005.4,70653.0,0.6,,0.8890103217972071,0.005633721600738095
