Fold#,Training accuracy,Training Unfairness(1),Training objective function,Training Sample-Robustness,Test accuracy,Test unfairness,#Nodes explored for best solution,Cache size for best solution,Average length,RL,Validation accuracy,Validation unfairness
0,0.7810016119170696,0.0,0.21899838808293037,1.0,0.782427475825275,0.0,0,0,0,"RULELIST:
(default_payment:yes) = False",0.768050692012673,0.0
1,0.779500861541882,0.0,0.22049913845811797,1.0,0.7822244455561114,0.0,0,0,0,"RULELIST:
(default_payment:yes) = False",0.772757585861954,0.0
2,0.7762770274025902,0.0,0.2237229725974098,1.0,0.7807236951809238,0.0,0,0,0,"RULELIST:
(default_payment:yes) = False",0.7839279759919974,0.0
3,0.7853926963481741,0.000677643431554395,0.2176073036518259,0.028514257128564282,0.775554443888611,0.006633008620739971,2983677,1040881,3,"RULELIST:
 if [not_BILL_AMT1_high]: (default_payment:yes) = False
else if [not_BILL_AMT6_very_high]: (default_payment:yes) = False
else if [PAY_0_Pay_duly__AND__PAY_2_Pay_duly]: (default_payment:yes) = False
else (default_payment:yes) = True",0.7797599199733244,0.0025114072940123737
4,0.7826135289867155,1.9053766708933967e-05,0.22038647101328446,0.07926185314879662,0.7767216941804236,0.0013458678586017597,1568134,769387,3,"RULELIST:
 if [not_PAY_AMT4_low]: (default_payment:yes) = False
else if [not_MARRIAGE_Married]: (default_payment:yes) = False
else if [PAY_5_Pay_delay>=1]: (default_payment:yes) = True
else (default_payment:yes) = False",0.7822607535845282,0.0019758863501516885
Average,0.7809571452392863,0.0001393394396526658,0.22024285476071367,0.6215552220554722,0.779530350926269,0.0015957752958683461,910362.2,362053.6,1.2,,0.7773513854848954,0.0008974587288328124
