Fold#,Training accuracy,Training Unfairness(4),Training objective function,Training Sample-Robustness,Test accuracy,Test unfairness,#Nodes explored for best solution,Cache size for best solution,Average length,RL,Validation accuracy,Validation unfairness
0,0.754484249840287,0.012868507253158579,0.24751575015971305,0.12053925455987312,0.7517688679245284,0.013221990257480831,9627,7747,2,"RULELIST:
 if [not_occupation_blueCollar]: (income > 50K) = False
else if [capitalLoss_1881.5_to_1978.5]: (income > 50K) = True
else (income > 50K) = False",0.7567806603773585,0.003707749572293917
1,0.7563516634724065,0.0072803988236955774,0.24564833652759355,0.1256241262232874,0.7529481132075472,0.010387811634348987,13787,10130,2,"RULELIST:
 if [not_occupation_sales]: (income > 50K) = False
else if [capitalLoss_1881.5_to_1978.5]: (income > 50K) = True
else (income > 50K) = False",0.7492629716981132,0.004491467576791863
2,0.7492383292383292,0.0,0.2507616707616708,1.0,0.754828247088309,0.0,0,0,0,"RULELIST:
(income > 50K) = False",0.7573702830188679,0.0
3,0.7520884520884521,0.0,0.2479115479115479,1.0,0.7573345127524694,0.0,0,0,0,"RULELIST:
(income > 50K) = False",0.746314858490566,0.0
4,0.8114496314496314,0.0037798764779134464,0.19255036855036856,0.00430444140090002,0.8105558012678755,0.03972565229296787,4780828,1282576,4,"RULELIST:
 if [capitalLoss_1881.5_to_1978.5]: (income > 50K) = True
else if [education_prof_school]: (income > 50K) = True
else if [education_masters_doctorate]: (income > 50K) = True
else if [capitalGain_-inf_to_5095.5]: (income > 50K) = False
else (income > 50K) = True",0.8225235849056604,0.01770525685004809
Average,0.7647224652178213,0.00478575651095352,0.23687753478217877,0.45009356443681214,0.7654871084481459,0.012667090836959539,960848.4,260090.6,1.6,,0.7664504716981131,0.005180894799826774
