Fold#,Training accuracy,Training Unfairness(5),Training objective function,Training Sample-Robustness,Test accuracy,Test unfairness,#Nodes explored for best solution,Cache size for best solution,Average length,RL,Validation accuracy,Validation unfairness
0,0.8054027013506754,0.0030729463940115664,0.19859729864932463,0.007045761867482741,0.8046015338446149,0.013138717421124824,4475724,1603060,4,"RULELIST:
 if [PAY_0_Pay_duly__AND__PAY_2_Pay_duly]: (default_payment:yes) = False
else if [PAY_5_Pay_delay>=1]: (default_payment:yes) = True
else if [PAY_AMT1_very_low]: (default_payment:yes) = False
else if [AGE_very_low]: (default_payment:yes) = True
else (default_payment:yes) = False",0.7938969484742371,0.01727032100936976
1,0.7908954477238619,0.002492827242368656,0.21210455227613811,0.007814469372321654,0.7917291979322995,0.0026683870016970517,955235,467220,3,"RULELIST:
 if [PAY_AMT6_very_low]: (default_payment:yes) = False
else if [PAY_0_Pay_duly__AND__PAY_2_Pay_duly]: (default_payment:yes) = False
else if [PAY_6_Pay_duly]: (default_payment:yes) = False
else (default_payment:yes) = True",0.7860953651217072,0.00785626779322579
2,0.7905619476404869,0.001098775685861253,0.21243805235951307,0.007950310559006211,0.7935634483908621,0.003928677227778565,860423,421271,3,"RULELIST:
 if [PAY_0_Pay_duly]: (default_payment:yes) = False
else if [not_MARRIAGE_Married]: (default_payment:yes) = False
else if [PAY_6_Pay_duly__AND__PAY_5_Pay_duly]: (default_payment:yes) = False
else (default_payment:yes) = True",0.7950983661220407,0.0025604551920341834
3,0.7815018620421321,0.0,0.21849813795786788,1.0,0.7723861930965483,0.0,0,0,0,"RULELIST:
(default_payment:yes) = False",0.7765921973991331,0.0
4,0.7792785281529654,0.0,0.2207214718470346,1.0,0.7757211939302985,0.0,0,0,0,"RULELIST:
(default_payment:yes) = False",0.7799266422140714,0.0
Average,0.7895280973820243,0.001332909864448295,0.2124719026179757,0.4045621083597622,0.7876003134389246,0.003947156330120089,1258276.4,498310.2,2.0,,0.7863219038662378,0.005537408798925947
