Fold#,Training accuracy,Training Unfairness(1),Training objective function,Training Sample-Robustness,Test accuracy,Test unfairness,#Nodes explored for best solution,Cache size for best solution,Average length,RL,Validation accuracy,Validation unfairness
0,0.5592791653493518,0.004208440865722141,0.44372083465064815,0.012646221941195067,0.5412322274881517,0.024612511671335185,823701,456121,3,"RULELIST:
 if [juvenile-misdemeanors_=0__AND__juvenile-crimes_>0]: (recidivism:yes) = True
else if [priors_2-3__AND__juvenile-felonies_=0]: (recidivism:yes) = True
else if [not_age_18-20]: (recidivism:yes) = False
else (recidivism:yes) = True",0.5649289099526066,0.022247117866577876
1,0.5754030983243756,0.0012523712863684033,0.42759690167562436,0.011697755295605438,0.581042654028436,0.04653327128897161,1116221,564735,3,"RULELIST:
 if [priors_>3__AND__gender_Female]: (recidivism:yes) = True
else if [priors_2-3]: (recidivism:yes) = True
else if [juvenile-crimes_=0]: (recidivism:yes) = False
else (recidivism:yes) = True",0.5345971563981042,0.024225643901337246
2,0.5453683212140373,0.004323767897993269,0.45763167878596267,0.013594688586784698,0.5345971563981042,0.08264291325161921,1461042,718516,3,"RULELIST:
 if [gender_Male__AND__priors_1]: (recidivism:yes) = False
else if [charge_degree_Felony__AND__priors_0]: (recidivism:yes) = False
else if [age_26-45__AND__juvenile-crimes_=0]: (recidivism:yes) = False
else (recidivism:yes) = True",0.5450236966824644,0.023696682464455
3,0.5410872313527181,0.007326643517621887,0.4609127686472819,0.05246523388116309,0.5370018975332068,0.002132631181839529,23324,14778,2,"RULELIST:
 if [charge_degree_Felony__AND__priors_0]: (recidivism:yes) = False
else if [juvenile-felonies_=0__AND__age_18-20]: (recidivism:yes) = True
else (recidivism:yes) = False",0.5374407582938389,0.011246516565665502
4,0.5527812895069533,0.0099393798620026,0.44921871049304674,0.09323640960809103,0.5047438330170778,0.01939926572694934,24427,14655,2,"RULELIST:
 if [gender_Male__AND__charge_degree_Misdemeanor]: (recidivism:yes) = False
else if [juvenile-misdemeanors_>0__AND__juvenile-crimes_>0]: (recidivism:yes) = True
else (recidivism:yes) = False",0.5412322274881517,0.015423739015288311
Average,0.5547838211494872,0.00541012068594166,0.4478161788505128,0.036728061862567864,0.5397235536929953,0.03506411862414298,689743.0,353761.0,2.6,,0.5446445497630331,0.01936793996266479
