Fold#,Training accuracy,Training Unfairness(4),Training objective function,Training Sample-Robustness,Test accuracy,Test unfairness,#Nodes explored for best solution,Cache size for best solution,Average length,RL,Validation accuracy,Validation unfairness
0,0.7810016119170696,0.0,0.21899838808293037,1.0,0.782427475825275,0.0,0,0,0,"RULELIST:
(default_payment:yes) = False",0.768050692012673,0.0
1,0.779500861541882,0.0,0.22049913845811797,1.0,0.7822244455561114,0.0,0,0,0,"RULELIST:
(default_payment:yes) = False",0.772757585861954,0.0
2,0.7868934467233617,0.0017981108398457124,0.2161065532766383,0.01639751552795031,0.7847256961814241,0.020550908227416564,517528,294165,3,"RULELIST:
 if [PAY_0_Pay_duly]: (default_payment:yes) = False
else if [LIMIT_BAL_very_high]: (default_payment:yes) = False
else if [EDUCATION_Others]: (default_payment:yes) = False
else (default_payment:yes) = True",0.7937645881960653,0.02676441623810044
3,0.7962870324050915,0.0028962585509527683,0.20671296759490854,0.016535232765199696,0.7982324495581123,0.0435781422295346,843223,413431,3,"RULELIST:
 if [PAY_4_Pay_duly__AND__PAY_0_Pay_duly]: (default_payment:yes) = False
else if [PAY_AMT3_middle]: (default_payment:yes) = True
else if [PAY_5_Pay_duly__AND__PAY_2_Pay_duly]: (default_payment:yes) = False
else (default_payment:yes) = True",0.7940980326775592,0.02024384008542779
4,0.7965093657940081,0.002612463361794326,0.2064906342059919,0.01662049861495845,0.7905619476404869,0.022663327389539467,536207,294538,3,"RULELIST:
 if [PAY_0_Pay_duly]: (default_payment:yes) = False
else if [EDUCATION_University]: (default_payment:yes) = True
else if [PAY_2_Pay_delay>=1]: (default_payment:yes) = True
else (default_payment:yes) = False",0.7950983661220407,0.004434401119473463
Average,0.7880384636762825,0.0014613665505185613,0.2137615363237174,0.40991064938162164,0.7876344029522818,0.017358475569298128,379391.6,200426.8,1.8,,0.7847538529740584,0.010288531488600339
