Fold#,Training accuracy,Training Unfairness(3),Training objective function,Training Sample-Robustness,Test accuracy,Test unfairness,#Nodes explored for best solution,Cache size for best solution,Average length,RL,Validation accuracy,Validation unfairness
0,0.5222889661713563,0.0,0.47771103382864366,1.0,0.5459715639810426,0.0,0,0,0,"RULELIST:
(recidivism:yes) = False",0.5327014218009478,0.0
1,0.5276636104963642,0.0,0.47233638950363577,1.0,0.5450236966824644,0.0,0,0,0,"RULELIST:
(recidivism:yes) = False",0.5175355450236967,0.0
2,0.5295605437875435,0.0,0.47043945621245653,1.0,0.5270142180094787,0.0,0,0,0,"RULELIST:
(recidivism:yes) = False",0.5298578199052133,0.0
3,0.5325537294563844,0.0,0.46944627054361565,1.0,0.5360531309297912,0.0,16528,12060,2,"RULELIST:
 if [not_priors_2-3]: (recidivism:yes) = False
else if [age_18-20]: (recidivism:yes) = True
else (recidivism:yes) = False",0.5317535545023697,0.0
4,0.5540455120101138,0.002104832104832105,0.44895448798988624,0.4387397899649942,0.5094876660341556,0.0008758683177287827,1953425,839850,3,"RULELIST:
 if [gender_Male__AND__priors_1]: (recidivism:yes) = False
else if [priors_2-3__AND__age_26-45]: (recidivism:yes) = False
else if [juvenile-misdemeanors_>0__AND__juvenile-crimes_>0]: (recidivism:yes) = True
else (recidivism:yes) = False",0.5450236966824644,0.006430868167202572
Average,0.5332224723843524,0.00042096642096642095,0.4677775276156476,0.8877479579929988,0.5327100551273866,0.00017517366354575652,393990.6,170382.0,1.0,,0.5313744075829383,0.0012861736334405145
