Fold#,Training accuracy,Training Unfairness(3),Training objective function,Training Sample-Robustness,Test accuracy,Test unfairness,#Nodes explored for best solution,Cache size for best solution,Average length,RL,Validation accuracy,Validation unfairness
0,0.8939081157660392,0.00335804049129917,0.10909188423396077,0.04652330730950098,0.8966605950212507,0.006238309857061644,497213,210752,3,"RULELIST:
 if [marital_single]: (subscribe:yes) = False
else if [euribor3m_low]: (subscribe:yes) = False
else if [poutcome_failure]: (subscribe:yes) = False
else (subscribe:yes) = True",0.8921675774134791,0.0010085822779253278
1,0.8872697834446468,0.0,0.1127302165553532,1.0,0.8845173041894353,0.0,0,0,0,"RULELIST:
(subscribe:yes) = False",0.8903460837887067,0.0
2,0.8868650070835863,0.0,0.11313499291641371,1.0,0.8916818457802065,0.0,0,0,0,"RULELIST:
(subscribe:yes) = False",0.8843958712811172,0.0
3,0.8880793361667678,0.0,0.11192066383323218,1.0,0.8825743776563448,0.0,0,0,0,"RULELIST:
(subscribe:yes) = False",0.8898603521554341,0.0
4,0.8923699655940093,0.0014808779686980296,0.11063003440599073,0.10346243328315315,0.893624772313297,0.004806140085415917,1681461,468844,3,"RULELIST:
 if [euribor3m_low]: (subscribe:yes) = False
else if [not_duration_high]: (subscribe:yes) = False
else if [poutcome_failure]: (subscribe:yes) = False
else (subscribe:yes) = True",0.891317547055252,0.0018755387523629492
Average,0.8896984416110099,0.0009677836919994399,0.11150155838899012,0.6299971481185309,0.8898117789921068,0.0022088899884955123,435734.8,135919.2,1.2,,0.8896174863387978,0.0005768242060576554
