Fold#,Training accuracy,Training Unfairness(5),Training objective function,Training Sample-Robustness,Test accuracy,Test unfairness,#Nodes explored for best solution,Cache size for best solution,Average length,RL,Validation accuracy,Validation unfairness
0,0.8066811183369462,0.00539618013831239,0.19731888166305378,0.009252010533058146,0.8069356452150717,0.006280416811531471,3553441,1194202,4,"RULELIST:
 if [BILL_AMT1_very_low]: (default_payment:yes) = False
else if [PAY_0_Pay_duly__AND__PAY_2_Pay_duly]: (default_payment:yes) = False
else if [AGE_very_low]: (default_payment:yes) = True
else if [PAY_4_Pay_duly__AND__PAY_5_Pay_duly]: (default_payment:yes) = False
else (default_payment:yes) = True",0.7977321994330498,0.007954818769092889
1,0.8032905341559669,0.007315670078475223,0.19970946584403315,0.009768967484312607,0.8005669501417375,0.004442962220429565,809549,346428,3,"RULELIST:
 if [PAY_0_Pay_duly__AND__PAY_2_Pay_duly]: (default_payment:yes) = False
else if [PAY_AMT3_high]: (default_payment:yes) = True
else if [PAY_6_Pay_duly__AND__PAY_5_Pay_duly]: (default_payment:yes) = False
else (default_payment:yes) = True",0.7955985328442814,0.011381124902450579
2,0.8038463676282586,0.009293968121176555,0.19915363237174144,0.007589861091221538,0.8054027013506754,0.025231935373142056,727237,262166,3,"RULELIST:
 if [PAY_0_Pay_duly]: (default_payment:yes) = False
else if [PAY_AMT3_high]: (default_payment:yes) = True
else if [PAY_4_Pay_duly__AND__PAY_6_Pay_duly]: (default_payment:yes) = False
else (default_payment:yes) = True",0.8064354784928309,0.012182222708538526
3,0.7815018620421321,0.0,0.21849813795786788,1.0,0.7723861930965483,0.0,0,0,0,"RULELIST:
(default_payment:yes) = False",0.7765921973991331,0.0
4,0.803679617586571,0.004680238390356653,0.20032038241342898,0.00962910128388017,0.7982324495581123,0.042678829042750444,3969769,1460252,4,"RULELIST:
 if [PAY_0_Pay_duly]: (default_payment:yes) = False
else if [PAY_6_Pay_delay>=1]: (default_payment:yes) = True
else if [not_BILL_AMT1_middle]: (default_payment:yes) = False
else if [MARRIAGE_Single]: (default_payment:yes) = False
else (default_payment:yes) = True",0.8041013671223741,0.014191974584924938
Average,0.7997998999499749,0.005337211345664164,0.20300010005002506,0.20724798807849448,0.796704787872429,0.015726828689570708,1811999.2,652609.6,2.8,,0.7960919550583337,0.009142028193001386
