Fold#,Training accuracy,Training Unfairness(5),Training objective function,Training Sample-Robustness,Test accuracy,Test unfairness,#Nodes explored for best solution,Cache size for best solution,Average length,RL,Validation accuracy,Validation unfairness
0,0.7552705292643374,0.0006451975240945333,0.24672947073566265,0.019230769230769232,0.7522110849056604,0.0018583538938444777,17246,11487,2,"RULELIST:
 if [capitalGain_-inf_to_5095.5__AND__occupation_whiteCollar]: (income > 50K) = False
else if [education_hs_grad__AND__occupation_whiteCollar]: (income > 50K) = True
else (income > 50K) = False",0.7566332547169812,0.017668886114578952
1,0.7571379428964569,0.0026741354204475876,0.24486205710354314,0.04713401238266427,0.7551591981132075,0.01056797964101519,19315,12483,2,"RULELIST:
 if [capitalGain_-inf_to_5095.5__AND__age_29.5_to_35.5]: (income > 50K) = False
else if [hoursPerWeek_40.5_to_inf__AND__age_29.5_to_35.5]: (income > 50K) = True
else (income > 50K) = False",0.7516214622641509,0.011617747440273107
2,0.7513022113022113,0.005645119719198677,0.2506977886977887,0.12208504801097393,0.7567448031844317,0.004706946652777044,13947,10221,2,"RULELIST:
 if [not_occupation_sales]: (income > 50K) = False
else if [capitalLoss_1881.5_to_1978.5]: (income > 50K) = True
else (income > 50K) = False",0.7606132075471698,0.00570982089193417
3,0.7520884520884521,0.0,0.2479115479115479,1.0,0.7573345127524694,0.0,0,0,0,"RULELIST:
(income > 50K) = False",0.746314858490566,0.0
4,0.8123341523341523,0.004214912338418975,0.1916658476658477,0.004108784973586382,0.8120300751879699,0.006337119088289378,1258853,363806,4,"RULELIST:
 if [capitalGain_7073.5_to_inf]: (income > 50K) = True
else if [education_hs_grad__AND__hoursPerWeek_40.5_to_inf]: (income > 50K) = False
else if [occupation_whiteCollar__AND__hoursPerWeek_40.5_to_inf]: (income > 50K) = True
else if [capitalLoss_1881.5_to_1978.5]: (income > 50K) = True
else (income > 50K) = False",0.8245872641509434,0.019854591259577226
Average,0.765626657577122,0.0026358730004319543,0.236373342422878,0.23851172291959877,0.7666959348287478,0.004694079855185218,261872.2,79599.4,2.0,,0.7679540094339623,0.010970209141272691
