Fold#,Training accuracy,Training Unfairness(5),Training objective function,Training Sample-Robustness,Test accuracy,Test unfairness,#Nodes explored for best solution,Cache size for best solution,Average length,RL,Validation accuracy,Validation unfairness
0,0.8970653713823112,0.013532667703389012,0.10593462861768876,0.0014275517487508922,0.900789313904068,0.025106756138477904,636491,257381,3,"RULELIST:
 if [duration_low]: (subscribe:yes) = False
else if [job_retired]: (subscribe:yes) = False
else if [poutcome_failure]: (subscribe:yes) = False
else (subscribe:yes) = True",0.8949605343047966,0.030010236697516013
1,0.8963367739324023,0.013047458316695182,0.1066632260675977,0.0017953321364452424,0.8978749241044323,0.018775872264932048,817118,304285,3,"RULELIST:
 if [job_retired]: (subscribe:yes) = False
else if [duration_low]: (subscribe:yes) = False
else if [poutcome_success]: (subscribe:yes) = True
else (subscribe:yes) = False",0.9000607164541591,0.010575501271662624
2,0.8963772515685084,0.010831023813012739,0.10662274843149155,0.0036056595162026472,0.9016393442622951,0.017240531700238905,1159226,359509,3,"RULELIST:
 if [job_retired]: (subscribe:yes) = False
else if [duration_low]: (subscribe:yes) = False
else if [poutcome_failure]: (subscribe:yes) = False
else (subscribe:yes) = True",0.8961748633879781,0.02998167059439638
3,0.8986035215543412,0.00810664233761626,0.1043964784456588,0.005786618444846293,0.8898603521554341,0.01601079469931932,990556,304139,3,"RULELIST:
 if [job_retired]: (subscribe:yes) = False
else if [duration_low]: (subscribe:yes) = False
else if [poutcome_failure]: (subscribe:yes) = False
else (subscribe:yes) = True",0.9012750455373406,0.017200039146604035
4,0.898360655737705,0.012391269491321633,0.10463934426229504,0.002514367816091954,0.896782027929569,0.011148801447308898,341005,158079,3,"RULELIST:
 if [job_retired]: (subscribe:yes) = False
else if [duration_low]: (subscribe:yes) = False
else if [poutcome_failure]: (subscribe:yes) = False
else (subscribe:yes) = True",0.8950819672131147,0.018959750893783878
Average,0.8973487148350536,0.011581812332406963,0.10565128516494637,0.0030259059324674055,0.8973891924711598,0.017656551250055413,788879.2,276678.6,3.0,,0.8975106253794778,0.021345439720792586
