Fold#,Training accuracy,Training Unfairness(5),Training objective function,Training Sample-Robustness,Test accuracy,Test unfairness,#Nodes explored for best solution,Cache size for best solution,Average length,RL,Validation accuracy,Validation unfairness
0,0.7844477794452782,0.002232691623925087,0.2185522205547218,0.005408867696249377,0.7784261420473492,0.019075788751714673,1023051,525832,3,"RULELIST:
 if [PAY_0_Pay_duly__AND__PAY_2_Pay_duly]: (default_payment:yes) = False
else if [PAY_AMT3_very_high]: (default_payment:yes) = False
else if [PAY_4_Pay_duly__AND__PAY_0_Pay_duly]: (default_payment:yes) = False
else (default_payment:yes) = True",0.7773886943471736,0.00972107036962741
1,0.779500861541882,0.0,0.22049913845811797,1.0,0.7822244455561114,0.0,0,0,0,"RULELIST:
(default_payment:yes) = False",0.772757585861954,0.0
2,0.7762770274025902,0.0,0.2237229725974098,1.0,0.7807236951809238,0.0,0,0,0,"RULELIST:
(default_payment:yes) = False",0.7839279759919974,0.0
3,0.7815018620421321,0.0,0.21849813795786788,1.0,0.7723861930965483,0.0,0,0,0,"RULELIST:
(default_payment:yes) = False",0.7765921973991331,0.0
4,0.7792785281529654,0.0,0.2207214718470346,1.0,0.7757211939302985,0.0,0,0,0,"RULELIST:
(default_payment:yes) = False",0.7799266422140714,0.0
Average,0.7802012117169695,0.0004465383247850174,0.22039878828303042,0.8010817735392498,0.7778963339622462,0.0038151577503429345,204610.2,105166.4,0.6,,0.7781186191628658,0.0019442140739254822
