Fold#,Training accuracy,Training Unfairness(1),Training objective function,Training Sample-Robustness,Test accuracy,Test unfairness,#Nodes explored for best solution,Cache size for best solution,Average length,RL,Validation accuracy,Validation unfairness
0,0.5422067657287385,0.0019366239701665844,0.4607932342712615,0.007903888713246918,0.5289099526066351,0.019589169000933715,1499154,731717,3,"RULELIST:
 if [priors_0__AND__gender_Female]: (recidivism:yes) = False
else if [age_23-25__AND__priors_0]: (recidivism:yes) = False
else if [age_26-45__AND__juvenile-crimes_=0]: (recidivism:yes) = False
else (recidivism:yes) = True",0.5687203791469194,0.0318340436161596
1,0.5346190325640215,0.0004113688912134768,0.46738096743597846,0.061966487511855836,0.547867298578199,0.011400651465798045,24409,14943,2,"RULELIST:
 if [gender_Male__AND__priors_1]: (recidivism:yes) = False
else if [juvenile-misdemeanors_>0__AND__age_21-22]: (recidivism:yes) = True
else (recidivism:yes) = False",0.5156398104265403,0.005934718100890208
2,0.5355674992096111,0.004018639647727759,0.4674325007903889,0.07208346506481189,0.5298578199052133,0.004168457559544101,2059839,882833,3,"RULELIST:
 if [gender_Male__AND__juvenile-crimes_=0]: (recidivism:yes) = False
else if [charge_degree_Felony__AND__priors_0]: (recidivism:yes) = False
else if [juvenile-felonies_=0__AND__age_18-20]: (recidivism:yes) = True
else (recidivism:yes) = False",0.5355450236966824,0.002369668246445497
3,0.5338179519595448,0.002082497731118722,0.46818204804045516,0.0979772439949431,0.5370018975332068,6.92912658359409e-05,25377,15365,2,"RULELIST:
 if [charge_degree_Felony__AND__juvenile-crimes_=0]: (recidivism:yes) = False
else if [priors_2-3__AND__juvenile-misdemeanors_>0]: (recidivism:yes) = True
else (recidivism:yes) = False",0.5289099526066351,0.002867843293375208
4,0.5474083438685209,0.0006694553727526684,0.4545916561314791,0.09355246523388117,0.49620493358633777,0.003675169776864693,25668,15013,2,"RULELIST:
 if [priors_1]: (recidivism:yes) = False
else if [age_21-22__AND__juvenile-crimes_>0]: (recidivism:yes) = True
else (recidivism:yes) = False",0.5355450236966824,0.0019035151077404604
Average,0.5387239186660875,0.0018237171225958422,0.46367608133391264,0.06669671010374778,0.5279683804419184,0.007780547813795299,726889.4,331974.2,2.4,,0.5368720379146918,0.008981957672922194
