Fold#,Training accuracy,Training Unfairness(5),Training objective function,Training Sample-Robustness,Test accuracy,Test unfairness,#Nodes explored for best solution,Cache size for best solution,Average length,RL,Validation accuracy,Validation unfairness
0,0.7544351073762838,0.0007359509933212438,0.24756489262371617,0.01625693893735131,0.7514740566037735,0.0021667615613335522,25143,14047,2,"RULELIST:
 if [not_workclass_fedGov]: (income > 50K) = False
else if [capitalGain_-inf_to_5095.5]: (income > 50K) = False
else (income > 50K) = True",0.7557488207547169,0.0060254542932446364
1,0.7539436827362523,0.0,0.24605631726374766,1.0,0.7508844339622641,0.0,0,0,0,"RULELIST:
(income > 50K) = False",0.7471992924528302,0.0
2,0.7492383292383292,0.0,0.2507616707616708,1.0,0.754828247088309,0.0,0,0,0,"RULELIST:
(income > 50K) = False",0.7573702830188679,0.0
3,0.7520884520884521,0.0,0.2479115479115479,1.0,0.7573345127524694,0.0,0,0,0,"RULELIST:
(income > 50K) = False",0.746314858490566,0.0
4,0.7488452088452089,0.0,0.2511547911547911,1.0,0.7476043048798466,0.0,0,0,0,"RULELIST:
(income > 50K) = False",0.7657724056603774,0.0
Average,0.7517101560569053,0.00014719019866424877,0.24868984394309473,0.8032513877874703,0.7524251110573326,0.00043335231226671045,5028.6,2809.4,0.4,,0.7544811320754717,0.0012050908586489274
