Fold#,Training accuracy,Training Unfairness(3),Training objective function,Training Sample-Robustness,Test accuracy,Test unfairness,#Nodes explored for best solution,Cache size for best solution,Average length,RL,Validation accuracy,Validation unfairness
0,0.7865599466399866,0.0017652440936296978,0.21644005336001337,0.2343605437335421,0.7847615871957319,0.004577535863152458,600399,351688,3,"RULELIST:
 if [PAY_0_Pay_duly]: (default_payment:yes) = False
else if [not_PAY_AMT2_middle]: (default_payment:yes) = False
else if [PAY_5_Pay_delay>=1]: (default_payment:yes) = True
else (default_payment:yes) = False",0.7737201934300484,5.469012753378435e-05
1,0.7845033627925073,0.000500694388121507,0.21849663720749268,0.23909013120365089,0.785059196264799,0.0019265500860807137,940067,505426,3,"RULELIST:
 if [PAY_4_Pay_duly__AND__PAY_5_Pay_duly]: (default_payment:yes) = False
else if [not_BILL_AMT4_low]: (default_payment:yes) = False
else if [PAY_6_Pay_duly]: (default_payment:yes) = False
else (default_payment:yes) = True",0.7739246415471824,0.003542662581079362
2,0.7834472791951531,0.0005517182552432481,0.2195527208048469,0.20979521695546327,0.7860596965149241,0.00023832836067356512,715839,393386,3,"RULELIST:
 if [not_PAY_AMT4_low]: (default_payment:yes) = False
else if [PAY_0_Pay_duly]: (default_payment:yes) = False
else if [PAY_5_Pay_delay>=1]: (default_payment:yes) = True
else (default_payment:yes) = False",0.7874291430476825,0.0047332762966217305
3,0.7851703629592575,0.000748257482574826,0.21782963704074254,0.30903271692745377,0.775887943971986,0.0011044055092021916,1112479,571019,3,"RULELIST:
 if [not_BILL_AMT5_low]: (default_payment:yes) = False
else if [not_PAY_AMT1_very_low]: (default_payment:yes) = False
else if [PAY_5_Pay_delay>=1]: (default_payment:yes) = True
else (default_payment:yes) = False",0.7797599199733244,0.001159590363108328
4,0.7847812795286532,0.0003229290627911512,0.21821872047134683,0.21754636233951496,0.7815574453893613,0.0006066320029093379,880497,473368,3,"RULELIST:
 if [not_PAY_AMT2_high]: (default_payment:yes) = False
else if [PAY_0_Pay_duly__AND__PAY_2_Pay_duly]: (default_payment:yes) = False
else if [PAY_6_Pay_duly]: (default_payment:yes) = False
else (default_payment:yes) = True",0.7857619206402134,0.0006719776820087427
Average,0.7848924462231116,0.000777768656472086,0.21810755377688845,0.241964994231925,0.7826651738673605,0.0016906903644036534,849856.2,458977.4,3.0,,0.7801191637276903,0.00203243941007039
