Fold#,Training accuracy,Training Unfairness(5),Training objective function,Training Sample-Robustness,Test accuracy,Test unfairness,#Nodes explored for best solution,Cache size for best solution,Average length,RL,Validation accuracy,Validation unfairness
0,0.7873936968484242,0.0011507147683809116,0.2156063031515758,0.00532994923857868,0.7880960320106702,0.01952589163237317,809562,439665,3,"RULELIST:
 if [PAY_0_Pay_duly__AND__PAY_2_Pay_duly]: (default_payment:yes) = False
else if [not_PAY_AMT6_low]: (default_payment:yes) = False
else if [PAY_4_Pay_duly__AND__PAY_5_Pay_duly]: (default_payment:yes) = False
else (default_payment:yes) = True",0.7747206936801734,0.010152048168318495
1,0.779500861541882,0.0,0.22049913845811797,1.0,0.7822244455561114,0.0,0,0,0,"RULELIST:
(default_payment:yes) = False",0.772757585861954,0.0
2,0.7762770274025902,0.0,0.2237229725974098,1.0,0.7807236951809238,0.0,0,0,0,"RULELIST:
(default_payment:yes) = False",0.7839279759919974,0.0
3,0.7815018620421321,0.0,0.21849813795786788,1.0,0.7723861930965483,0.0,0,0,0,"RULELIST:
(default_payment:yes) = False",0.7765921973991331,0.0
4,0.7792785281529654,0.0,0.2207214718470346,1.0,0.7757211939302985,0.0,0,0,0,"RULELIST:
(default_payment:yes) = False",0.7799266422140714,0.0
Average,0.7807903951975987,0.00023014295367618232,0.2198096048024012,0.8010659898477158,0.7798303119549104,0.0039051783264746343,161912.4,87933.0,0.6,,0.7775850190294659,0.002030409633663699
