Fold#,Training accuracy,Training Unfairness(4),Training objective function,Training Sample-Robustness,Test accuracy,Test unfairness,#Nodes explored for best solution,Cache size for best solution,Average length,RL,Validation accuracy,Validation unfairness
0,0.5260828327537148,6.882583131762043e-05,0.4759171672462852,0.00727994705493051,0.5526066350710901,0.025236593059936863,23974,14930,2,"RULELIST:
 if [not_priors_1]: (recidivism:yes) = False
else if [age_18-20__AND__charge_degree_Felony]: (recidivism:yes) = True
else (recidivism:yes) = False",0.5374407582938389,0.007681109451020851
1,0.5311413215301929,0.0005439529897561801,0.4708586784698071,0.01606425702811245,0.5497630331753555,0.01530239987379467,25108,15120,2,"RULELIST:
 if [charge_degree_Felony__AND__juvenile-crimes_=0]: (recidivism:yes) = False
else if [age_18-20__AND__charge_degree_Felony]: (recidivism:yes) = True
else (recidivism:yes) = False",0.5232227488151658,0.007343963890635963
2,0.5693961429023079,0.0009642361694318646,0.4336038570976921,0.006720430107526882,0.5601895734597157,0.09345526268603188,981136,522743,3,"RULELIST:
 if [juvenile-felonies_=0__AND__charge_degree_Misdemeanor]: (recidivism:yes) = False
else if [age_26-45__AND__juvenile-felonies_=0]: (recidivism:yes) = True
else if [juvenile-crimes_=0]: (recidivism:yes) = False
else (recidivism:yes) = True",0.5364928909952607,0.030113636363636398
3,0.5312895069532237,0.002999927274490277,0.47071049304677626,0.06697923643670463,0.5341555977229602,0.0037959575009294255,24097,14972,2,"RULELIST:
 if [priors_2-3__AND__juvenile-misdemeanors_=0]: (recidivism:yes) = False
else if [priors_2-3__AND__charge_degree_Misdemeanor]: (recidivism:yes) = True
else (recidivism:yes) = False",0.5279620853080569,0.0031055900621117516
4,0.5448798988621998,0.004835980568746234,0.4571201011378002,0.060689655172413794,0.49620493358633777,0.005747126436781658,22719,14258,2,"RULELIST:
 if [gender_Male__AND__juvenile-misdemeanors_=0]: (recidivism:yes) = False
else if [gender_Male__AND__age_18-20]: (recidivism:yes) = True
else (recidivism:yes) = False",0.5327014218009478,0.012478729438457181
Average,0.5405579406003278,0.0018825845667484354,0.4616420593996722,0.031546705159937655,0.5385839546030918,0.0287074679114949,215406.8,116404.6,2.2,,0.531563981042654,0.01214460584117243
