Fold#,Training accuracy,Training Unfairness(3),Training objective function,Training Sample-Robustness,Test accuracy,Test unfairness,#Nodes explored for best solution,Cache size for best solution,Average length,RL,Validation accuracy,Validation unfairness
0,0.8925318761384335,0.0013640484189196395,0.11046812386156646,0.11774642743003241,0.895203400121433,0.00273392361511052,1022775,360304,3,"RULELIST:
 if [not_duration_high]: (subscribe:yes) = False
else if [month_may]: (subscribe:yes) = False
else if [poutcome_failure]: (subscribe:yes) = False
else (subscribe:yes) = True",0.8911961141469338,0.005305208630566957
1,0.8872697834446468,0.0,0.1127302165553532,1.0,0.8845173041894353,0.0,0,0,0,"RULELIST:
(subscribe:yes) = False",0.8903460837887067,0.0
2,0.8918032786885246,0.0019114970576180191,0.1111967213114754,0.11378366042902784,0.8964177292046145,0.0056268412618536955,514814,229991,3,"RULELIST:
 if [euribor3m_low]: (subscribe:yes) = False
else if [not_duration_high]: (subscribe:yes) = False
else if [poutcome_failure]: (subscribe:yes) = False
else (subscribe:yes) = True",0.8902246508803886,0.00018785868560483414
3,0.8880793361667678,0.0,0.11192066383323218,1.0,0.8825743776563448,0.0,0,0,0,"RULELIST:
(subscribe:yes) = False",0.8898603521554341,0.0
4,0.8924104432301153,0.00201112158782179,0.11058955676988469,0.11112631723005337,0.894474802671524,0.0038455252919480983,1016464,389849,3,"RULELIST:
 if [cons_conf_idx_very_high]: (subscribe:yes) = False
else if [not_duration_high]: (subscribe:yes) = False
else if [poutcome_failure]: (subscribe:yes) = False
else (subscribe:yes) = True",0.891317547055252,0.0017155387523629492
Average,0.8904189435336975,0.0010573334128718896,0.11138105646630239,0.4685312810178227,0.8906375227686704,0.002441258033782463,510810.6,196028.8,1.8,,0.890588949605343,0.001441721213706948
