Fold#,Training accuracy,Training Unfairness(3),Training objective function,Training Sample-Robustness,Test accuracy,Test unfairness,#Nodes explored for best solution,Cache size for best solution,Average length,RL,Validation accuracy,Validation unfairness
0,0.527979766044894,0.0,0.47502023395510595,1.0,0.5450236966824644,0.0076045627376425855,2093236,892411,3,"RULELIST:
 if [gender_Male__AND__juvenile-misdemeanors_=0]: (recidivism:yes) = False
else if [age_26-45__AND__juvenile-felonies_=0]: (recidivism:yes) = False
else if [priors_2-3__AND__juvenile-crimes_>0]: (recidivism:yes) = True
else (recidivism:yes) = False",0.5345971563981042,0.003257328990228013
1,0.5276636104963642,0.0,0.47233638950363577,1.0,0.5450236966824644,0.0,0,0,0,"RULELIST:
(recidivism:yes) = False",0.5175355450236967,0.0
2,0.5295605437875435,0.0,0.47043945621245653,1.0,0.5270142180094787,0.0,0,0,0,"RULELIST:
(recidivism:yes) = False",0.5298578199052133,0.0
3,0.5423514538558787,0.001808923445321178,0.4606485461441213,0.40155595451825254,0.5512333965844403,0.009433962264150943,2021110,885501,3,"RULELIST:
 if [age_23-25__AND__charge_degree_Misdemeanor]: (recidivism:yes) = False
else if [juvenile-misdemeanors_=0__AND__age_26-45]: (recidivism:yes) = False
else if [priors_>3__AND__juvenile-crimes_>0]: (recidivism:yes) = True
else (recidivism:yes) = False",0.5459715639810426,0.0040024789547074315
4,0.5572060682680152,0.003215943215943216,0.4457939317319848,0.40956826137689617,0.5066413662239089,0.0029749320446994885,1779444,802319,3,"RULELIST:
 if [juvenile-misdemeanors_=0__AND__age_23-25]: (recidivism:yes) = False
else if [charge_degree_Misdemeanor]: (recidivism:yes) = False
else if [priors_>3__AND__juvenile-crimes_>0]: (recidivism:yes) = True
else (recidivism:yes) = False",0.5459715639810426,0.012861736334405145
Average,0.5369522884905391,0.0010049733322528788,0.4648477115094609,0.7622248431790297,0.5349872748365513,0.004002691409298603,1178758.0,516046.2,1.8,,0.5347867298578198,0.0040243088558681184
