Fold#,Training accuracy,Training Unfairness(5),Training objective function,Training Sample-Robustness,Test accuracy,Test unfairness,#Nodes explored for best solution,Cache size for best solution,Average length,RL,Validation accuracy,Validation unfairness
0,0.886581663630844,0.0,0.11341833636915599,1.0,0.8905889496053431,0.0,0,0,0,"RULELIST:
(subscribe:yes) = False",0.8863387978142077,0.0
1,0.8922890103217972,0.012107114884660656,0.11071098967820281,0.00933572710951526,0.892046144505161,0.012550101846376283,1839826,505020,3,"RULELIST:
 if [job_retired]: (subscribe:yes) = False
else if [campaign_low]: (subscribe:yes) = False
else if [poutcome_failure]: (subscribe:yes) = False
else (subscribe:yes) = True",0.8977534911961141,0.02996392026971073
2,0.8912365917830398,0.010941710892653493,0.11176340821696018,0.008944543828264758,0.8969034608378871,0.040853425181783365,1810112,498857,3,"RULELIST:
 if [day_of_week_tue]: (subscribe:yes) = False
else if [cons_conf_idx_very_low]: (subscribe:yes) = False
else if [poutcome_failure]: (subscribe:yes) = False
else (subscribe:yes) = True",0.8896174863387978,0.03380029676180496
3,0.8880793361667678,0.0,0.11192066383323218,1.0,0.8825743776563448,0.0,0,0,0,"RULELIST:
(subscribe:yes) = False",0.8898603521554341,0.0
4,0.8873102610807528,0.0,0.11268973891924716,1.0,0.8873102610807528,0.0,0,0,0,"RULELIST:
(subscribe:yes) = False",0.8874316939890711,0.0
Average,0.8890993725966403,0.00460976515546283,0.11210062740335966,0.603656054187556,0.8898846387370977,0.01068070540563193,729987.6,200775.4,1.2,,0.890200364298725,0.012752843406303139
