Fold#,Training accuracy,Training Unfairness(3),Training objective function,Training Sample-Robustness,Test accuracy,Test unfairness,#Nodes explored for best solution,Cache size for best solution,Average length,RL,Validation accuracy,Validation unfairness
0,0.5380967435978501,0.000584139721501062,0.4639032564021499,0.09927360774818401,0.5554502369668246,0.0012147863798151097,24246,15042,2,"RULELIST:
 if [priors_1__AND__charge_degree_Felony]: (recidivism:yes) = False
else if [juvenile-misdemeanors_>0__AND__juvenile-crimes_>0]: (recidivism:yes) = True
else (recidivism:yes) = False",0.5469194312796208,0.009771986970684038
1,0.5447360101169776,0.0006117844436088048,0.4572639898830224,0.1006590772917915,0.5554502369668246,0.006872852233676976,18576,12951,2,"RULELIST:
 if [priors_1__AND__juvenile-felonies_=0]: (recidivism:yes) = False
else if [juvenile-misdemeanors_>0__AND__juvenile-crimes_>0]: (recidivism:yes) = True
else (recidivism:yes) = False",0.5260663507109005,0.005145844799119428
2,0.5810938981979133,0.00020110608345902392,0.42190610180208665,0.004776119402985075,0.5933649289099526,0.005922527636302299,477906,274408,3,"RULELIST:
 if [charge_degree_Felony__AND__priors_0]: (recidivism:yes) = False
else if [age_26-45__AND__charge_degree_Misdemeanor]: (recidivism:yes) = False
else if [priors_1__AND__gender_Female]: (recidivism:yes) = False
else (recidivism:yes) = True",0.571563981042654,0.02103950751967587
3,0.577433628318584,0.0002711942645298171,0.425566371681416,0.0047875523638539795,0.5872865275142315,0.01837818331786778,458247,266535,3,"RULELIST:
 if [priors_1__AND__juvenile-crimes_=0]: (recidivism:yes) = False
else if [charge_degree_Felony__AND__priors_0]: (recidivism:yes) = False
else if [gender_Male__AND__juvenile-felonies_=0]: (recidivism:yes) = True
else (recidivism:yes) = False",0.5857819905213271,0.028998605587977067
4,0.5900758533501896,8.736008736009993e-05,0.41292414664981036,0.004084014002333722,0.6005692599620494,0.025626698882512844,895920,474952,3,"RULELIST:
 if [priors_1__AND__juvenile-crimes_=0]: (recidivism:yes) = False
else if [charge_degree_Felony__AND__priors_0]: (recidivism:yes) = False
else if [age_26-45__AND__charge_degree_Misdemeanor]: (recidivism:yes) = False
else (recidivism:yes) = True",0.6293838862559241,0.026962205471509126
Average,0.5662872267163029,0.0003511169200917616,0.436312773283697,0.04271607416182966,0.5784242380639766,0.011603009690035002,374979.0,208777.6,2.6,,0.5719431279620852,0.018383630069793107
