Fold#,Training accuracy,Training Unfairness(3),Training objective function,Training Sample-Robustness,Test accuracy,Test unfairness,#Nodes explored for best solution,Cache size for best solution,Average length,RL,Validation accuracy,Validation unfairness
0,0.9002631046346893,0.008701541086759452,0.10373689536531072,0.05798292471350956,0.9045537340619307,0.011688322304253968,1356365,293787,4,"RULELIST:
 if [duration_low]: (subscribe:yes) = False
else if [poutcome_failure]: (subscribe:yes) = False
else if [duration_very_low]: (subscribe:yes) = False
else if [nr_employed_low]: (subscribe:yes) = False
else (subscribe:yes) = True",0.8981177899210686,0.011179067645407994
1,0.8978344464683262,0.01146693024168405,0.10516555353167378,0.03827554744525547,0.8995749848208865,0.004682952170898069,152927,56666,3,"RULELIST:
 if [duration_low]: (subscribe:yes) = False
else if [not_euribor3m_very_low]: (subscribe:yes) = False
else if [poutcome_failure]: (subscribe:yes) = False
else (subscribe:yes) = True",0.9022465088038859,0.009701569422026856
2,0.8990892531876138,0.008603520664632165,0.10491074681238621,0.05139205842081242,0.9035822707953856,0.014479707645481059,1444317,325585,4,"RULELIST:
 if [poutcome_failure]: (subscribe:yes) = False
else if [duration_low]: (subscribe:yes) = False
else if [month_may]: (subscribe:yes) = False
else if [duration_very_low]: (subscribe:yes) = False
else (subscribe:yes) = True",0.8978749241044323,0.005359630933882495
3,0.8998583282736288,0.0054883972393285855,0.10414167172637123,0.08874202370100273,0.892896174863388,0.008533749942563066,2495076,769208,4,"RULELIST:
 if [poutcome_failure]: (subscribe:yes) = False
else if [duration_very_high]: (subscribe:yes) = True
else if [not_duration_high]: (subscribe:yes) = False
else if [nr_employed_very_low]: (subscribe:yes) = True
else (subscribe:yes) = False",0.9010321797207043,0.01140144842434919
4,0.901558388990083,0.008902050892402147,0.102441611009917,0.05738789288809817,0.899939283545841,0.010582093318530114,1325154,288840,4,"RULELIST:
 if [poutcome_failure]: (subscribe:yes) = False
else if [duration_low]: (subscribe:yes) = False
else if [duration_very_low]: (subscribe:yes) = False
else if [nr_employed_low]: (subscribe:yes) = False
else (subscribe:yes) = True",0.8988463873709776,0.011588052930056712
Average,0.8997207043108683,0.00863248802496128,0.1040792956891318,0.05875608943373567,0.9001092896174864,0.009993365076345255,1354767.8,346817.2,3.8,,0.8996235579842138,0.00984595387114465
