Fold#,Training accuracy,Training Unfairness(1),Training objective function,Training Sample-Robustness,Test accuracy,Test unfairness,#Nodes explored for best solution,Cache size for best solution,Average length,RL,Validation accuracy,Validation unfairness
0,0.7917847812795287,0.0042261581974819,0.21121521872047133,0.010672002668000667,0.7854284761587196,0.008880898959915631,2246900,796494,3,"RULELIST:
 if [BILL_AMT5_middle]: (default_payment:yes) = False
else if [BILL_AMT6_very_low]: (default_payment:yes) = False
else if [PAY_0_Pay_duly]: (default_payment:yes) = False
else (default_payment:yes) = True",0.7817241954310489,0.028169774625008692
1,0.7866155299872158,0.005867258798856479,0.21638447001278416,0.030237340892668555,0.7908954477238619,0.0048297862899553245,836643,435412,3,"RULELIST:
 if [PAY_0_Pay_duly]: (default_payment:yes) = False
else if [not_AGE_very_high]: (default_payment:yes) = False
else if [PAY_5_Pay_delay>=1]: (default_payment:yes) = True
else (default_payment:yes) = False",0.7794264754918306,0.004900084682359893
2,0.7834472791951531,0.0018095175815103885,0.2195527208048469,0.15268745483853038,0.7860596965149241,0.0008146439443143666,715653,393017,3,"RULELIST:
 if [not_PAY_AMT4_low]: (default_payment:yes) = False
else if [PAY_0_Pay_duly]: (default_payment:yes) = False
else if [PAY_5_Pay_delay>=1]: (default_payment:yes) = True
else (default_payment:yes) = False",0.7874291430476825,0.0007689943177327137
3,0.7887276971819243,0.0021087537917240176,0.21427230281807574,0.06297593241064976,0.7810571952642988,0.007057216732523594,1174457,556150,3,"RULELIST:
 if [PAY_4_Pay_duly__AND__PAY_6_Pay_duly]: (default_payment:yes) = False
else if [not_PAY_AMT1_high]: (default_payment:yes) = False
else if [PAY_0_Pay_duly]: (default_payment:yes) = False
else (default_payment:yes) = True",0.7834278092697566,0.0026643981496888396
4,0.789617030737591,0.004138501365481231,0.21338296926240896,0.010338502584625646,0.7818909454727364,0.008198381200717336,576161,314234,3,"RULELIST:
 if [PAY_6_Pay_duly__AND__PAY_0_Pay_duly]: (default_payment:yes) = False
else if [BILL_AMT2_very_low]: (default_payment:yes) = False
else if [MARRIAGE_Single]: (default_payment:yes) = False
else (default_payment:yes) = True",0.7819273091030343,0.009876866270369919
Average,0.7880384636762826,0.003630037947010803,0.21496153632371745,0.053382246678895004,0.7850663522269082,0.0059561854254852505,1109962.8,499061.4,3.0,,0.7827869864686706,0.00927602360903201
