Fold#,Training accuracy,Training Unfairness(5),Training objective function,Training Sample-Robustness,Test accuracy,Test unfairness,#Nodes explored for best solution,Cache size for best solution,Average length,RL,Validation accuracy,Validation unfairness
0,0.8973891924711597,0.018309934073223455,0.10561080752884033,0.0017844396859386152,0.9006678809957499,0.04168573026282352,530904,203061,3,"RULELIST:
 if [duration_low]: (subscribe:yes) = False
else if [job_student]: (subscribe:yes) = False
else if [poutcome_failure]: (subscribe:yes) = False
else (subscribe:yes) = True",0.8964177292046145,0.012732939704558924
1,0.8963367739324023,0.013047458316695182,0.1066632260675977,0.006104129263913824,0.8978749241044323,0.018775872264932048,775938,273140,3,"RULELIST:
 if [job_retired]: (subscribe:yes) = False
else if [duration_low]: (subscribe:yes) = False
else if [poutcome_success]: (subscribe:yes) = True
else (subscribe:yes) = False",0.9000607164541591,0.010575501271662624
2,0.8963772515685084,0.010831023813012739,0.10662274843149155,0.006797853309481216,0.9016393442622951,0.017240531700238905,1083684,318580,3,"RULELIST:
 if [job_retired]: (subscribe:yes) = False
else if [duration_low]: (subscribe:yes) = False
else if [poutcome_failure]: (subscribe:yes) = False
else (subscribe:yes) = True",0.8961748633879781,0.02998167059439638
3,0.8986035215543412,0.00810664233761626,0.1043964784456588,0.007594936708860759,0.8898603521554341,0.01601079469931932,990556,304139,3,"RULELIST:
 if [job_retired]: (subscribe:yes) = False
else if [duration_low]: (subscribe:yes) = False
else if [poutcome_failure]: (subscribe:yes) = False
else (subscribe:yes) = True",0.9012750455373406,0.017200039146604035
4,0.8988059097348715,0.01751212570649785,0.10419409026512849,0.0021551724137931034,0.8969034608378871,0.029805517865219344,589172,224016,3,"RULELIST:
 if [duration_low]: (subscribe:yes) = False
else if [job_student]: (subscribe:yes) = False
else if [poutcome_failure]: (subscribe:yes) = False
else (subscribe:yes) = True",0.8959319975713418,0.017154884096413414
Average,0.8975025298522565,0.013561436849409098,0.10549747014774338,0.004887306276397504,0.8973891924711598,0.024703689358506625,794050.8,264587.2,3.0,,0.8979720704310867,0.017529006962727075
