Fold#,Training accuracy,Training Unfairness(1),Training objective function,Training Sample-Robustness,Test accuracy,Test unfairness,#Nodes explored for best solution,Cache size for best solution,Average length,RL,Validation accuracy,Validation unfairness
0,0.530825165981663,0.006334105318033547,0.47117483401833704,0.03414479924122668,0.5488151658767773,0.0056395891690009334,25865,15364,2,"RULELIST:
 if [age_26-45]: (recidivism:yes) = False
else if [juvenile-misdemeanors_>0__AND__juvenile-crimes_>0]: (recidivism:yes) = True
else (recidivism:yes) = False",0.5393364928909953,0.004151937444647142
1,0.535883654758141,0.00046450231005840635,0.46711634524185897,0.09547897565602276,0.5507109004739337,0.016286644951140065,2057365,887524,3,"RULELIST:
 if [age_26-45__AND__juvenile-felonies_=0]: (recidivism:yes) = False
else if [charge_degree_Felony__AND__gender_Female]: (recidivism:yes) = False
else if [priors_2-3__AND__juvenile-misdemeanors_>0]: (recidivism:yes) = True
else (recidivism:yes) = False",0.5222748815165876,0.009244764285769917
2,0.5361998103066709,0.0036368102026839554,0.46580018969332915,0.10527979766044894,0.5355450236966824,0.009274354908034563,24579,15039,2,"RULELIST:
 if [age_26-45]: (recidivism:yes) = False
else if [juvenile-misdemeanors_>0__AND__juvenile-crimes_>0]: (recidivism:yes) = True
else (recidivism:yes) = False",0.5364928909952607,0.008688783570300156
3,0.5350821744627055,0.004186653438641079,0.46691782553729455,0.1820480404551201,0.5370018975332068,0.005158349790008968,22028,14355,2,"RULELIST:
 if [juvenile-misdemeanors_=0__AND__charge_degree_Felony]: (recidivism:yes) = False
else if [juvenile-felonies_=0__AND__age_18-20]: (recidivism:yes) = True
else (recidivism:yes) = False",0.533649289099526,0.0014265492988897246
4,0.547724399494311,0.00142477026357213,0.45427560050568905,0.15644753476611883,0.4990512333965844,0.007704160246533128,17279,12282,2,"RULELIST:
 if [juvenile-misdemeanors_=0__AND__charge_degree_Felony]: (recidivism:yes) = False
else if [gender_Male__AND__age_18-20]: (recidivism:yes) = True
else (recidivism:yes) = False",0.5327014218009478,0.009276814734561213
Average,0.5371430410006983,0.0032093683065978233,0.4650569589993018,0.11467982955578745,0.5342248441954369,0.008812619812943531,429423.2,188912.8,2.2,,0.5328909952606635,0.006557769866833631
