Fold#,Training accuracy,Training Unfairness(5),Training objective function,Training Sample-Robustness,Test accuracy,Test unfairness,#Nodes explored for best solution,Cache size for best solution,Average length,RL,Validation accuracy,Validation unfairness
0,0.886581663630844,0.0,0.11341833636915599,1.0,0.8905889496053431,0.0,0,0,0,"RULELIST:
(subscribe:yes) = False",0.8863387978142077,0.0
1,0.8872697834446468,0.0,0.1127302165553532,1.0,0.8845173041894353,0.0,0,0,0,"RULELIST:
(subscribe:yes) = False",0.8903460837887067,0.0
2,0.8868650070835863,0.0,0.11313499291641371,1.0,0.8916818457802065,0.0,0,0,0,"RULELIST:
(subscribe:yes) = False",0.8843958712811172,0.0
3,0.8880793361667678,0.0,0.11192066383323218,1.0,0.8825743776563448,0.0,0,0,0,"RULELIST:
(subscribe:yes) = False",0.8898603521554341,0.0
4,0.8946367132159482,0.006563608382589132,0.10836328678405183,0.00646551724137931,0.8945962355798421,0.04052464947987333,742219,310823,3,"RULELIST:
 if [not_duration_very_high]: (subscribe:yes) = False
else if [marital_single]: (subscribe:yes) = False
else if [nr_employed_very_low]: (subscribe:yes) = True
else (subscribe:yes) = False",0.8931390406800243,0.013095375389228447
Average,0.8886865007083585,0.0013127216765178263,0.11191349929164138,0.8012931034482758,0.8887917425622345,0.008104929895974666,148443.8,62164.6,0.6,,0.888816029143898,0.0026190750778456893
