Fold#,Training accuracy,Training Unfairness(4),Training objective function,Training Sample-Robustness,Test accuracy,Test unfairness,#Nodes explored for best solution,Cache size for best solution,Average length,RL,Validation accuracy,Validation unfairness
0,0.7810016119170696,0.0,0.21899838808293037,1.0,0.782427475825275,0.0,0,0,0,"RULELIST:
(default_payment:yes) = False",0.768050692012673,0.0
1,0.779500861541882,0.0,0.22049913845811797,1.0,0.7822244455561114,0.0,0,0,0,"RULELIST:
(default_payment:yes) = False",0.772757585861954,0.0
2,0.7836140292368406,0.0013212457114818443,0.21938597076315935,0.008695652173913044,0.785059196264799,0.02565513220198723,740941,409565,3,"RULELIST:
 if [PAY_0_Pay_duly]: (default_payment:yes) = False
else if [not_AGE_middle]: (default_payment:yes) = True
else if [BILL_AMT1_middle]: (default_payment:yes) = True
else (default_payment:yes) = False",0.7907635878626209,0.007812670970565705
3,0.7815018620421321,0.0,0.21849813795786788,1.0,0.7723861930965483,0.0,0,0,0,"RULELIST:
(default_payment:yes) = False",0.7765921973991331,0.0
4,0.7792785281529654,0.0,0.2207214718470346,1.0,0.7757211939302985,0.0,0,0,0,"RULELIST:
(default_payment:yes) = False",0.7799266422140714,0.0
Average,0.780979378578178,0.00026424914229636884,0.219620621421822,0.8017391304347825,0.7795637009346065,0.005131026440397446,148188.2,81913.0,0.6,,0.7776181410700904,0.001562534194113141
