Fold#,Training accuracy,Training Unfairness(3),Training objective function,Training Sample-Robustness,Test accuracy,Test unfairness,#Nodes explored for best solution,Cache size for best solution,Average length,RL,Validation accuracy,Validation unfairness
0,0.5222889661713563,0.0,0.47771103382864366,1.0,0.5459715639810426,0.0,0,0,0,"RULELIST:
(recidivism:yes) = False",0.5327014218009478,0.0
1,0.5276636104963642,0.0,0.47233638950363577,1.0,0.5450236966824644,0.0,0,0,0,"RULELIST:
(recidivism:yes) = False",0.5175355450236967,0.0
2,0.5295605437875435,0.0,0.47043945621245653,1.0,0.5270142180094787,0.0,0,0,0,"RULELIST:
(recidivism:yes) = False",0.5298578199052133,0.0
3,0.5410872313527181,0.0020094340983511966,0.4619127686472819,0.42070616397366845,0.538899430740038,0.012578616352201259,2057174,892509,3,"RULELIST:
 if [age_26-45__AND__juvenile-felonies_=0]: (recidivism:yes) = False
else if [age_23-25__AND__charge_degree_Misdemeanor]: (recidivism:yes) = False
else if [priors_>3__AND__juvenile-crimes_>0]: (recidivism:yes) = True
else (recidivism:yes) = False",0.5402843601895735,0.0040024789547074315
4,0.5556257901390644,0.00023478023478023472,0.44737420986093557,0.3984830805134189,0.5066413662239089,0.0008758683177287827,1917934,834159,3,"RULELIST:
 if [gender_Male__AND__charge_degree_Misdemeanor]: (recidivism:yes) = False
else if [juvenile-misdemeanors_=0__AND__age_26-45]: (recidivism:yes) = False
else if [priors_>3__AND__juvenile-crimes_>0]: (recidivism:yes) = True
else (recidivism:yes) = False",0.5421800947867299,0.003215434083601286
Average,0.5352452283894092,0.0004488428666262863,0.4659547716105907,0.7638378488974175,0.5327100551273866,0.0026908969339860082,795021.6,345333.6,1.2,,0.5325118483412321,0.0014435826076617435
