Fold#,Training accuracy,Training Unfairness(3),Training objective function,Training Sample-Robustness,Test accuracy,Test unfairness,#Nodes explored for best solution,Cache size for best solution,Average length,RL,Validation accuracy,Validation unfairness
0,0.5320897881757825,0.000194713240500354,0.47091021182421755,0.42070217917675545,0.5516587677725119,0.0012147863798151097,2118548,895066,3,"RULELIST:
 if [priors_1__AND__charge_degree_Felony]: (recidivism:yes) = False
else if [age_26-45__AND__juvenile-felonies_=0]: (recidivism:yes) = False
else if [juvenile-misdemeanors_>0__AND__juvenile-crimes_>0]: (recidivism:yes) = True
else (recidivism:yes) = False",0.5393364928909953,0.009771986970684038
1,0.5276636104963642,0.0,0.47233638950363577,1.0,0.5450236966824644,0.0,0,0,0,"RULELIST:
(recidivism:yes) = False",0.5175355450236967,0.0
2,0.5343028770154916,0.0,0.4676971229845084,1.0,0.5298578199052133,0.0,18197,12926,2,"RULELIST:
 if [not_priors_2-3]: (recidivism:yes) = False
else if [age_18-20]: (recidivism:yes) = True
else (recidivism:yes) = False",0.5327014218009478,0.0
3,0.5467762326169405,0.004018868196702393,0.4562237673830595,0.3040095751047277,0.5569259962049335,0.015723270440251572,1876532,843551,3,"RULELIST:
 if [gender_Male__AND__charge_degree_Misdemeanor]: (recidivism:yes) = False
else if [age_26-45__AND__gender_Female]: (recidivism:yes) = False
else if [priors_>3__AND__juvenile-crimes_>0]: (recidivism:yes) = True
else (recidivism:yes) = False",0.5459715639810426,0.0029179362702060627
4,0.561314791403287,0.003098553098553099,0.441685208596713,0.33197199533255545,0.5094876660341556,0.007520386590154034,1794547,796685,3,"RULELIST:
 if [gender_Male__AND__charge_degree_Misdemeanor]: (recidivism:yes) = False
else if [age_26-45__AND__gender_Female]: (recidivism:yes) = False
else if [priors_>3__AND__juvenile-crimes_>0]: (recidivism:yes) = True
else (recidivism:yes) = False",0.5497630331753555,0.012861736334405145
Average,0.5404294599415731,0.001462426907151169,0.46177054005842677,0.6113367499228077,0.5385907893198558,0.004891688682044143,1161564.8,509645.6,2.2,,0.5370616113744076,0.0051103319150590494
