Fold#,Training accuracy,Training Unfairness(4),Training objective function,Training Sample-Robustness,Test accuracy,Test unfairness,#Nodes explored for best solution,Cache size for best solution,Average length,RL,Validation accuracy,Validation unfairness
0,0.576983876067025,0.0020569091302381493,0.42601612393297505,0.009927200529450696,0.5639810426540285,0.003505082369435697,524453,291920,3,"RULELIST:
 if [gender_Male__AND__juvenile-crimes_>0]: (recidivism:yes) = True
else if [priors_2-3__AND__gender_Male]: (recidivism:yes) = True
else if [age_26-45__AND__charge_degree_Felony]: (recidivism:yes) = True
else (recidivism:yes) = False",0.5649289099526066,0.13364364249320004
1,0.5317736326272526,0.002517271500039775,0.47022636737274737,0.12449799196787148,0.5488151658767773,0.002918498945002068,23972,14818,2,"RULELIST:
 if [not_priors_1]: (recidivism:yes) = False
else if [juvenile-felonies_=0__AND__age_18-20]: (recidivism:yes) = True
else (recidivism:yes) = False",0.5251184834123223,0.003514743423730149
2,0.5343028770154916,0.008665683767861698,0.4676971229845084,0.09879032258064516,0.5298578199052133,0.009090909090909038,18197,12926,2,"RULELIST:
 if [not_priors_2-3]: (recidivism:yes) = False
else if [age_18-20]: (recidivism:yes) = True
else (recidivism:yes) = False",0.5327014218009478,0.009375000000000022
3,0.5609987357774968,0.004678674456376819,0.4420012642225032,0.010046885465505693,0.5635673624288425,0.0093137926311464,1381072,683246,3,"RULELIST:
 if [priors_>3__AND__gender_Female]: (recidivism:yes) = True
else if [priors_2-3__AND__juvenile-felonies_=0]: (recidivism:yes) = True
else if [juvenile-misdemeanors_=0]: (recidivism:yes) = False
else (recidivism:yes) = True",0.5450236966824644,0.020574534161490687
4,0.5470922882427307,0.0013099721630914773,0.4549077117572693,0.04,0.4990512333965844,0.011835973904939512,23039,14311,2,"RULELIST:
 if [juvenile-felonies_=0__AND__charge_degree_Felony]: (recidivism:yes) = False
else if [gender_Male__AND__age_18-20]: (recidivism:yes) = True
else (recidivism:yes) = False",0.5308056872037915,0.003615995462280197
Average,0.5502302819459993,0.0038457022035215836,0.45216971805400075,0.0566524801086946,0.5410545248522892,0.007332851388286543,394146.6,203444.2,2.4,,0.5397156398104265,0.03414478310814022
