Fold#,Training accuracy,Training Unfairness(4),Training objective function,Training Sample-Robustness,Test accuracy,Test unfairness,#Nodes explored for best solution,Cache size for best solution,Average length,RL,Validation accuracy,Validation unfairness
0,0.5222889661713563,0.0,0.47771103382864366,1.0,0.5459715639810426,0.0,0,0,0,"RULELIST:
(recidivism:yes) = False",0.5327014218009478,0.0
1,0.5276636104963642,0.0,0.47233638950363577,1.0,0.5450236966824644,0.0,0,0,0,"RULELIST:
(recidivism:yes) = False",0.5175355450236967,0.0
2,0.5295605437875435,0.0,0.47043945621245653,1.0,0.5270142180094787,0.0,0,0,0,"RULELIST:
(recidivism:yes) = False",0.5298578199052133,0.0
3,0.5281289506953224,0.0,0.4718710493046776,1.0,0.5332068311195446,0.0,0,0,0,"RULELIST:
(recidivism:yes) = False",0.5279620853080569,0.0
4,0.5417193426042983,0.0,0.4582806573957017,1.0,0.49430740037950666,0.0,0,0,0,"RULELIST:
(recidivism:yes) = False",0.5260663507109005,0.0
Average,0.5298722827509769,0.0,0.47012771724902314,1.0,0.5291047420344074,0.0,0.0,0.0,0.0,,0.5268246445497631,0.0
