Fold#,Training accuracy,Training Unfairness(3),Training objective function,Training Sample-Robustness,Test accuracy,Test unfairness,#Nodes explored for best solution,Cache size for best solution,Average length,RL,Validation accuracy,Validation unfairness
0,0.8925318761384335,0.0013640484189196395,0.11046812386156646,0.06295941195270055,0.895203400121433,0.00273392361511052,1022775,360304,3,"RULELIST:
 if [not_duration_high]: (subscribe:yes) = False
else if [month_may]: (subscribe:yes) = False
else if [poutcome_failure]: (subscribe:yes) = False
else (subscribe:yes) = True",0.8911961141469338,0.005305208630566957
1,0.8872697834446468,0.0,0.1127302165553532,1.0,0.8845173041894353,0.0,0,0,0,"RULELIST:
(subscribe:yes) = False",0.8903460837887067,0.0
2,0.8918032786885246,0.0019114970576180191,0.1111967213114754,0.05294386125057052,0.8964177292046145,0.0056268412618536955,514814,229991,3,"RULELIST:
 if [euribor3m_low]: (subscribe:yes) = False
else if [not_duration_high]: (subscribe:yes) = False
else if [poutcome_failure]: (subscribe:yes) = False
else (subscribe:yes) = True",0.8902246508803886,0.00018785868560483414
3,0.8923699655940093,0.000682565025300523,0.11063003440599073,0.09881494986326345,0.8854887674559806,0.0064932837078221445,269799,130161,3,"RULELIST:
 if [job_admin.]: (subscribe:yes) = False
else if [not_duration_very_high]: (subscribe:yes) = False
else if [poutcome_failure]: (subscribe:yes) = False
else (subscribe:yes) = True",0.8933819064966606,0.0024148561362301825
4,0.8926937866828577,0.0029163399051806826,0.1103062133171423,0.043474294055928106,0.891317547055252,0.00015652532782167944,1526250,447469,3,"RULELIST:
 if [not_duration_very_high]: (subscribe:yes) = False
else if [nr_employed_low]: (subscribe:yes) = False
else if [poutcome_failure]: (subscribe:yes) = False
else (subscribe:yes) = True",0.8922890103217972,0.004231077504725898
Average,0.8913337381096943,0.0013748900814037728,0.11106626189030562,0.2516385034244925,0.8905889496053432,0.0030021147825216076,666727.6,233585.0,2.4,,0.8914875531268974,0.0024278001914255745
