Fold#,Training accuracy,Training Unfairness(3),Training objective function,Training Sample-Robustness,Test accuracy,Test unfairness,#Nodes explored for best solution,Cache size for best solution,Average length,RL,Validation accuracy,Validation unfairness
0,0.8926533090467517,0.0025755879059350508,0.10934669095324834,0.1000776149385929,0.8949605343047966,0.003025076448054337,14409,8815,2,"RULELIST:
 if [not_duration_high]: (subscribe:yes) = False
else if [poutcome_failure]: (subscribe:yes) = False
else (subscribe:yes) = True",0.8910746812386157,0.006479980433535166
1,0.891317547055252,0.0024045167575284803,0.11168245294474799,0.11204379562043795,0.8911961141469338,0.0011322391292751767,1197738,430526,3,"RULELIST:
 if [nr_employed_low]: (subscribe:yes) = False
else if [not_duration_very_high]: (subscribe:yes) = False
else if [poutcome_failure]: (subscribe:yes) = False
else (subscribe:yes) = True",0.8965391621129326,0.004508592818630938
2,0.892046144505161,0.003291560216362235,0.10995385549483905,0.09046097672295755,0.8969034608378871,0.006441362985690067,11236,7670,2,"RULELIST:
 if [not_duration_high]: (subscribe:yes) = False
else if [poutcome_failure]: (subscribe:yes) = False
else (subscribe:yes) = True",0.8909532483302975,0.0008840675011716648
3,0.8921675774134791,0.0006937158400702839,0.11083242258652093,0.14074749316317228,0.8859744990892532,0.00205302577769609,1801002,505257,3,"RULELIST:
 if [not_duration_very_high]: (subscribe:yes) = False
else if [marital_single]: (subscribe:yes) = False
else if [poutcome_success]: (subscribe:yes) = True
else (subscribe:yes) = False",0.8926533090467517,0.001771383832452535
4,0.8930176077717061,0.00307384657009784,0.10998239222829387,0.1046941289174764,0.892046144505161,0.00031611677372017936,744058,312052,3,"RULELIST:
 if [not_duration_very_high]: (subscribe:yes) = False
else if [education_basic.9y]: (subscribe:yes) = False
else if [poutcome_failure]: (subscribe:yes) = False
else (subscribe:yes) = True",0.8925318761384335,0.006586616257088847
Average,0.8922404371584699,0.002407845457998778,0.11035956284153003,0.10960480187252741,0.8922161505768063,0.00259356422288717,753688.6,252864.0,2.6,,0.8927504553734062,0.00404612816857583
