Fold#,Training accuracy,Training Unfairness(3),Training objective function,Training Sample-Robustness,Test accuracy,Test unfairness,#Nodes explored for best solution,Cache size for best solution,Average length,RL,Validation accuracy,Validation unfairness
0,0.7955644488911122,0.002566991314312617,0.20743555110888778,0.13394064479396484,0.7959319773257753,0.002964835652321406,390611,232063,3,"RULELIST:
 if [not_PAY_4_Pay_delay>=1]: (default_payment:yes) = False
else if [MARRIAGE_Single]: (default_payment:yes) = False
else if [PAY_0_Pay_duly]: (default_payment:yes) = False
else (default_payment:yes) = True",0.7822244455561114,0.0012185519291742879
1,0.7976766160858206,0.003749890954147829,0.20532338391417937,0.010054192812321734,0.7982324495581123,0.007426044654514307,695491,317887,3,"RULELIST:
 if [PAY_6_Pay_duly]: (default_payment:yes) = False
else if [LIMIT_BAL_middle]: (default_payment:yes) = False
else if [PAY_0_Pay_duly]: (default_payment:yes) = False
else (default_payment:yes) = True",0.7942647549183061,0.007662642119013142
2,0.7939525318214663,0.0012338505080998555,0.2090474681785337,0.011599599026206501,0.7977321994330498,0.0038820574675232193,1024792,421591,3,"RULELIST:
 if [BILL_AMT6_middle]: (default_payment:yes) = False
else if [PAY_6_Pay_duly__AND__PAY_5_Pay_duly]: (default_payment:yes) = False
else if [PAY_2_Pay_delay>=1]: (default_payment:yes) = True
else (default_payment:yes) = False",0.8017672557519173,0.0020074610184906867
3,0.7957311989327998,0.0002891383080497467,0.20726880106720025,0.09274537695590328,0.7885609471402368,0.013767067815248396,744887,369194,3,"RULELIST:
 if [PAY_6_Pay_duly]: (default_payment:yes) = False
else if [BILL_AMT6_high]: (default_payment:yes) = False
else if [PAY_2_Pay_delay>=1]: (default_payment:yes) = True
else (default_payment:yes) = False",0.7920973657885962,0.00268271230505112
4,0.7905619476404869,0.00015382073177099866,0.21243805235951307,0.168188302425107,0.7875604468901117,0.002079825439739953,892157,441379,3,"RULELIST:
 if [not_MARRIAGE_Married]: (default_payment:yes) = False
else if [PAY_0_Pay_duly__AND__PAY_2_Pay_duly]: (default_payment:yes) = False
else if [PAY_6_Pay_delay>=1]: (default_payment:yes) = True
else (default_payment:yes) = False",0.7927642547515839,0.0004297262558884841
Average,0.7946973486743372,0.0015987383632762094,0.20830265132566286,0.08330562320270067,0.7936036040694572,0.006023966205869456,749587.6,356422.8,3.0,,0.7926236153533031,0.002800218725523544
