Fold#,Training accuracy,Training Unfairness(4),Training objective function,Training Sample-Robustness,Test accuracy,Test unfairness,#Nodes explored for best solution,Cache size for best solution,Average length,RL,Validation accuracy,Validation unfairness
0,0.8946367132159482,0.0002296642333938781,0.10836328678405183,0.0035688793718772305,0.8989678202792957,0.00040033551929230526,1221144,372866,3,"RULELIST:
 if [job_student]: (subscribe:yes) = False
else if [education_basic.4y]: (subscribe:yes) = False
else if [poutcome_failure]: (subscribe:yes) = False
else (subscribe:yes) = True",0.8919247115968427,0.04341195395575237
1,0.8938271604938272,0.0036227243389312935,0.10917283950617285,0.00466786355475763,0.8937462052216151,0.009642552073066635,959362,367752,3,"RULELIST:
 if [job_retired]: (subscribe:yes) = False
else if [campaign_middle]: (subscribe:yes) = False
else if [poutcome_failure]: (subscribe:yes) = False
else (subscribe:yes) = True",0.8977534911961141,0.00045543266102798796
2,0.8954867435741752,0.0035964912280702643,0.10751325642582477,0.004651162790697674,0.9016393442622951,0.006027554535017132,1109414,327290,3,"RULELIST:
 if [job_retired]: (subscribe:yes) = False
else if [duration_very_low]: (subscribe:yes) = False
else if [poutcome_failure]: (subscribe:yes) = False
else (subscribe:yes) = True",0.8964177292046145,0.035327747228768525
3,0.8964986844768266,0.004391530922009279,0.10650131552317343,0.005063291139240506,0.8875531268973892,0.012929471945865356,1441095,420261,3,"RULELIST:
 if [month_nov]: (subscribe:yes) = False
else if [job_retired]: (subscribe:yes) = False
else if [poutcome_failure]: (subscribe:yes) = False
else (subscribe:yes) = True",0.8995749848208865,0.0008380460865057282
4,0.89605343047966,0.00591754519581511,0.10694656952033998,0.0035919540229885057,0.8954462659380692,0.008932609678878323,365414,171589,3,"RULELIST:
 if [job_retired]: (subscribe:yes) = False
else if [month_nov]: (subscribe:yes) = False
else if [poutcome_failure]: (subscribe:yes) = False
else (subscribe:yes) = True",0.8930176077717061,0.0022719409526006373
Average,0.8953005464480874,0.0035515911836439653,0.10769945355191257,0.004308630175912309,0.8954705525197328,0.00758650475042395,1019285.8,331951.6,3.0,,0.8957377049180328,0.01646102417693105
