Fold#,Training accuracy,Training Unfairness(3),Training objective function,Training Sample-Robustness,Test accuracy,Test unfairness,#Nodes explored for best solution,Cache size for best solution,Average length,RL,Validation accuracy,Validation unfairness
0,0.8928152195911758,0.0022122682593007344,0.11018478040882418,0.04451445007533215,0.8953248330297511,0.003053463477708379,974633,349145,3,"RULELIST:
 if [not_duration_high]: (subscribe:yes) = False
else if [nr_employed_low]: (subscribe:yes) = False
else if [poutcome_failure]: (subscribe:yes) = False
else (subscribe:yes) = True",0.8911961141469338,0.004986940011852762
1,0.8872697834446468,0.0,0.1127302165553532,1.0,0.8845173041894353,0.0,0,0,0,"RULELIST:
(subscribe:yes) = False",0.8903460837887067,0.0
2,0.8923294879579032,0.0018043777886794217,0.11067051204209677,0.04418073938840712,0.8964177292046145,0.007075880752187529,1703209,466506,3,"RULELIST:
 if [not_duration_high]: (subscribe:yes) = False
else if [month_may]: (subscribe:yes) = False
else if [poutcome_failure]: (subscribe:yes) = False
else (subscribe:yes) = True",0.8905889496053431,0.00034870796982551934
3,0.892896174863388,0.0010000253427608404,0.11010382513661199,0.08969917958067457,0.8852459016393442,0.006023373003109253,473148,220378,3,"RULELIST:
 if [cons_conf_idx_very_low]: (subscribe:yes) = False
else if [not_duration_very_high]: (subscribe:yes) = False
else if [poutcome_failure]: (subscribe:yes) = False
else (subscribe:yes) = True",0.8927747419550698,0.0044969661381875125
4,0.892936652499494,0.0031282135784273337,0.11006334750050595,0.034441859404224257,0.8911961141469338,0.0017647042591139592,1559934,448665,3,"RULELIST:
 if [not_duration_very_high]: (subscribe:yes) = False
else if [poutcome_failure__AND__default_no]: (subscribe:yes) = False
else if [nr_employed_very_low]: (subscribe:yes) = True
else (subscribe:yes) = False",0.8925318761384335,0.004391077504725898
Average,0.8916494636713216,0.001628976993833666,0.11075053632867841,0.24256724568972757,0.8905403764420159,0.003583484298423824,942184.8,296938.8,2.4,,0.8914875531268974,0.0028447383249183386
