Fold#,Training accuracy,Training Unfairness(4),Training objective function,Training Sample-Robustness,Test accuracy,Test unfairness,#Nodes explored for best solution,Cache size for best solution,Average length,RL,Validation accuracy,Validation unfairness
0,0.7552705292643374,0.00024734273681392693,0.24672947073566265,0.019230769230769232,0.7522110849056604,0.0018583538938444777,17246,11487,2,"RULELIST:
 if [capitalGain_-inf_to_5095.5__AND__occupation_whiteCollar]: (income > 50K) = False
else if [education_hs_grad__AND__occupation_whiteCollar]: (income > 50K) = True
else (income > 50K) = False",0.7566332547169812,0.017668886114578952
1,0.7571379428964569,0.0026741354204475876,0.24486205710354314,0.04713401238266427,0.7551591981132075,0.01056797964101519,19315,12483,2,"RULELIST:
 if [capitalGain_-inf_to_5095.5__AND__age_29.5_to_35.5]: (income > 50K) = False
else if [hoursPerWeek_40.5_to_inf__AND__age_29.5_to_35.5]: (income > 50K) = True
else (income > 50K) = False",0.7516214622641509,0.011617747440273107
2,0.7515970515970516,0.012956964368348034,0.2504029484029484,0.11542230060748579,0.7573345127524694,0.01282965074839626,11227,8782,2,"RULELIST:
 if [not_occupation_blueCollar]: (income > 50K) = False
else if [capitalLoss_1881.5_to_1978.5]: (income > 50K) = True
else (income > 50K) = False",0.7598761792452831,0.003582161317466026
3,0.7545945945945945,0.011655505207886607,0.24740540540540545,0.11714568880079286,0.7593984962406015,0.007263779991052766,12982,9716,2,"RULELIST:
 if [not_occupation_blueCollar]: (income > 50K) = False
else if [capitalLoss_1881.5_to_1978.5]: (income > 50K) = True
else (income > 50K) = False",0.7488207547169812,0.013559322033898313
4,0.8133169533169533,0.0021093154293594374,0.1906830466830467,0.003913128546272745,0.8160106147722247,0.018831414377175948,1259169,363869,4,"RULELIST:
 if [capitalGain_7073.5_to_inf]: (income > 50K) = True
else if [education_hs_grad__AND__occupation_whiteCollar]: (income > 50K) = False
else if [age_35.5_to_61.5__AND__occupation_whiteCollar]: (income > 50K) = True
else if [capitalLoss_1881.5_to_1978.5]: (income > 50K) = True
else (income > 50K) = False",0.8225235849056604,0.023453121273824595
Average,0.7663834143338788,0.005928652632571118,0.23601658566612124,0.060569179913596984,0.7680227813568327,0.010270235730296928,263987.8,81267.4,2.4,,0.7678950471698113,0.013976247636008198
