Fold#,Training accuracy,Training Unfairness(5),Training objective function,Training Sample-Robustness,Test accuracy,Test unfairness,#Nodes explored for best solution,Cache size for best solution,Average length,RL,Validation accuracy,Validation unfairness
0,0.5222889661713563,0.0,0.47771103382864366,1.0,0.5459715639810426,0.0,0,0,0,"RULELIST:
(recidivism:yes) = False",0.5327014218009478,0.0
1,0.5276636104963642,0.0,0.47233638950363577,1.0,0.5450236966824644,0.0,0,0,0,"RULELIST:
(recidivism:yes) = False",0.5175355450236967,0.0
2,0.5295605437875435,0.0,0.47043945621245653,1.0,0.5270142180094787,0.0,0,0,0,"RULELIST:
(recidivism:yes) = False",0.5298578199052133,0.0
3,0.5281289506953224,0.0,0.4718710493046776,1.0,0.5332068311195446,0.0,0,0,0,"RULELIST:
(recidivism:yes) = False",0.5279620853080569,0.0
4,0.5439317319848294,0.007106598984771617,0.45806826801517064,0.19724137931034483,0.49620493358633777,0.006644518272425249,22559,14239,2,"RULELIST:
 if [gender_Male__AND__juvenile-felonies_=0]: (recidivism:yes) = False
else if [gender_Male__AND__age_18-20]: (recidivism:yes) = True
else (recidivism:yes) = False",0.5308056872037915,0.00638116846284742
Average,0.530314760627083,0.0014213197969543234,0.47008523937291685,0.8394482758620689,0.5294842486757736,0.00132890365448505,4511.8,2847.8,0.4,,0.5277725118483413,0.0012762336925694838
