Fold#,Training accuracy,Training Unfairness(5),Training objective function,Training Sample-Robustness,Test accuracy,Test unfairness,#Nodes explored for best solution,Cache size for best solution,Average length,RL,Validation accuracy,Validation unfairness
0,0.5289282326904837,0.006052740251312527,0.4730717673095163,0.07412309728656519,0.5516587677725119,0.0038022813688212928,21869,14127,2,"RULELIST:
 if [juvenile-misdemeanors_=0__AND__charge_degree_Felony]: (recidivism:yes) = False
else if [gender_Male__AND__age_18-20]: (recidivism:yes) = True
else (recidivism:yes) = False",0.5364928909952607,0.001187602957514411
1,0.5343028770154916,0.0010879059795124713,0.4676971229845084,0.02208835341365462,0.5469194312796208,0.002918498945002068,20597,13890,2,"RULELIST:
 if [gender_Male__AND__juvenile-misdemeanors_=0]: (recidivism:yes) = False
else if [not_age_18-20]: (recidivism:yes) = False
else (recidivism:yes) = True",0.5222748815165876,0.012930556069406851
2,0.5412582990831489,0.00761435529925536,0.46174170091685107,0.0114247311827957,0.5118483412322274,0.014035224135920066,1867155,843509,3,"RULELIST:
 if [age_18-20__AND__priors_0]: (recidivism:yes) = True
else if [gender_Male__AND__juvenile-crimes_=0]: (recidivism:yes) = False
else if [age_26-45__AND__charge_degree_Misdemeanor]: (recidivism:yes) = False
else (recidivism:yes) = True",0.5232227488151658,0.06335227272727273
3,0.5350821744627055,0.002979725744022388,0.46691782553729455,0.036838580040187544,0.5379506641366224,0.010781301974289281,15949,11760,2,"RULELIST:
 if [not_age_23-25]: (recidivism:yes) = False
else if [priors_>3__AND__juvenile-crimes_>0]: (recidivism:yes) = True
else (recidivism:yes) = False",0.5374407582938389,0.014010446075663374
4,0.5651074589127687,0.004726816221821917,0.4378925410872313,0.010344827586206896,0.5275142314990512,0.03441558441558443,1665151,765429,3,"RULELIST:
 if [age_26-45__AND__charge_degree_Misdemeanor]: (recidivism:yes) = False
else if [priors_2-3__AND__juvenile-felonies_=0]: (recidivism:yes) = True
else if [charge_degree_Felony__AND__juvenile-misdemeanors_>0]: (recidivism:yes) = True
else (recidivism:yes) = False",0.5658767772511848,0.06175553034600112
Average,0.5409358084329197,0.004492308699184933,0.4614641915670803,0.030963917901881986,0.5351782871840067,0.013190578167923428,718144.2,329743.0,2.4,,0.5370616113744076,0.0306472816351717
