Fold#,Training accuracy,Training Unfairness(1),Training objective function,Training Sample-Robustness,Test accuracy,Test unfairness,#Nodes explored for best solution,Cache size for best solution,Average length,RL,Validation accuracy,Validation unfairness
0,0.5317736326272526,0.00949532853486964,0.47022636737274737,0.12835915270312995,0.5554502369668246,0.00569561157796452,25831,15336,2,"RULELIST:
 if [age_26-45]: (recidivism:yes) = False
else if [priors_>3__AND__juvenile-crimes_>0]: (recidivism:yes) = True
else (recidivism:yes) = False",0.5440758293838862,0.010994875366180445
1,0.5371482769522605,0.001578643686463016,0.4648517230477395,0.11223521972810623,0.5488151658767773,0.006577440965528449,21770,14236,2,"RULELIST:
 if [charge_degree_Felony__AND__gender_Female]: (recidivism:yes) = False
else if [priors_2-3__AND__age_21-22]: (recidivism:yes) = True
else (recidivism:yes) = False",0.5232227488151658,0.005479099978971471
2,0.5352513436610813,0.004726553953632241,0.4667486563389187,0.2469174834018337,0.5345971563981042,0.003749759155785449,23022,14633,2,"RULELIST:
 if [charge_degree_Felony__AND__juvenile-crimes_=0]: (recidivism:yes) = False
else if [gender_Male__AND__age_18-20]: (recidivism:yes) = True
else (recidivism:yes) = False",0.5374407582938389,0.00868878357030016
3,0.5325537294563844,0.004728935847824394,0.46944627054361565,0.37168141592920356,0.5360531309297912,0.0045385779122541605,16528,12060,2,"RULELIST:
 if [not_priors_2-3]: (recidivism:yes) = False
else if [age_18-20]: (recidivism:yes) = True
else (recidivism:yes) = False",0.5317535545023697,0.006546644844517185
4,0.5489886219974716,0.0028192615666665973,0.45301137800252844,0.22218710493046775,0.5018975332068312,0.0015218094314139521,18984,13093,2,"RULELIST:
 if [age_21-22__AND__gender_Female]: (recidivism:yes) = False
else if [priors_2-3__AND__juvenile-misdemeanors_>0]: (recidivism:yes) = True
else (recidivism:yes) = False",0.5308056872037915,0.016375496569158543
Average,0.53714312093889,0.004669744717891178,0.46485687906110995,0.21627607533854826,0.5353626446756656,0.004416639808589306,21227.0,13871.6,2.0,,0.5334597156398104,0.009616980065825561
