Fold#,Training accuracy,Training Unfairness(1),Training objective function,Training Sample-Robustness,Test accuracy,Test unfairness,#Nodes explored for best solution,Cache size for best solution,Average length,RL,Validation accuracy,Validation unfairness
0,0.7990661997665499,0.00498742820643186,0.2039338002334501,0.009393585681729754,0.7974324774924975,0.011261154544736633,244386,153967,3,"RULELIST:
 if [PAY_AMT1_very_low]: (default_payment:yes) = False
else if [PAY_0_Pay_duly__AND__PAY_2_Pay_duly]: (default_payment:yes) = False
else if [PAY_4_Pay_duly__AND__PAY_5_Pay_duly]: (default_payment:yes) = False
else (default_payment:yes) = True",0.7872269468067367,0.003984800215340395
1,0.7909510310710911,0.0036269102811064546,0.2120489689289089,0.010005002501250625,0.7960646990161747,0.0009730334402155982,947967,442482,3,"RULELIST:
 if [PAY_0_Pay_duly]: (default_payment:yes) = False
else if [MARRIAGE_Single]: (default_payment:yes) = False
else if [BILL_AMT3_very_low]: (default_payment:yes) = False
else (default_payment:yes) = True",0.7867622540846949,0.0017117561055168817
2,0.7864487799455283,0.004093497666683876,0.2165512200544717,0.010616419320771496,0.7797231949307988,0.013350845847500126,570004,324500,3,"RULELIST:
 if [PAY_0_Pay_duly]: (default_payment:yes) = False
else if [PAY_AMT2_very_low]: (default_payment:yes) = False
else if [BILL_AMT2_low]: (default_payment:yes) = False
else (default_payment:yes) = True",0.790430143381127,0.015816785669327746
3,0.7985103662942582,0.0050945818012391175,0.2044896337057418,0.010005002501250625,0.7923961980990495,0.01312080125604824,960592,408775,3,"RULELIST:
 if [PAY_0_Pay_duly__AND__PAY_3_Pay_duly]: (default_payment:yes) = False
else if [AGE_very_low]: (default_payment:yes) = True
else if [PAY_5_Pay_delay>=1]: (default_payment:yes) = True
else (default_payment:yes) = False",0.7914304768256085,0.01653618534171962
4,0.7950086154188205,0.005720777272852959,0.2079913845811795,0.009004502251125562,0.792562948140737,0.006694892313173842,938678,407170,3,"RULELIST:
 if [PAY_AMT3_very_low]: (default_payment:yes) = False
else if [PAY_0_Pay_duly]: (default_payment:yes) = False
else if [PAY_6_Pay_duly__AND__PAY_5_Pay_duly]: (default_payment:yes) = False
else (default_payment:yes) = True",0.7999333111037013,0.010264720260018435
Average,0.7939969984992497,0.004704639045662854,0.2090030015007504,0.009804902451225613,0.7916359035358514,0.009080145480334888,732325.4,347378.8,3.0,,0.7911566264403737,0.009662849518384616
