Fold#,Training accuracy,Training Unfairness(5),Training objective function,Training Sample-Robustness,Test accuracy,Test unfairness,#Nodes explored for best solution,Cache size for best solution,Average length,RL,Validation accuracy,Validation unfairness
0,0.7810016119170696,0.0,0.21899838808293037,1.0,0.782427475825275,0.0,0,0,0,"RULELIST:
(default_payment:yes) = False",0.768050692012673,0.0
1,0.7905063642932577,0.001100159823861229,0.2124936357067423,0.0024244152880775814,0.7940636985159246,0.027058162949194497,1946272,771264,3,"RULELIST:
 if [PAY_6_Pay_duly__AND__PAY_0_Pay_duly]: (default_payment:yes) = False
else if [MARRIAGE_Single]: (default_payment:yes) = False
else if [PAY_5_Pay_delay>=1]: (default_payment:yes) = True
else (default_payment:yes) = False",0.7840946982327442,0.010966948742430427
2,0.7865599466399866,0.001160360165829502,0.21644005336001337,0.0027208935987397967,0.7803901950975488,0.043076734989443644,705826,386799,3,"RULELIST:
 if [LIMIT_BAL_very_high]: (default_payment:yes) = False
else if [PAY_0_Pay_duly__AND__PAY_2_Pay_duly]: (default_payment:yes) = False
else if [PAY_AMT2_very_high]: (default_payment:yes) = False
else (default_payment:yes) = True",0.7934311437145716,0.03710836342415291
3,0.7858373631260075,0.001018176848435151,0.2171626368739925,0.002702702702702703,0.7793896948474237,0.014634711987817961,701204,394829,3,"RULELIST:
 if [not_PAY_0_Pay_delay>=1]: (default_payment:yes) = False
else if [not_PAY_AMT5_high]: (default_payment:yes) = True
else if [PAY_AMT3_high]: (default_payment:yes) = True
else (default_payment:yes) = False",0.7729243081027009,0.022300855333178327
4,0.7952865321549664,0.001323386693591888,0.20771346784503364,0.0019258202567760342,0.7867266966816742,0.0095698067221619,731327,367730,3,"RULELIST:
 if [PAY_0_Pay_duly]: (default_payment:yes) = False
else if [MARRIAGE_Single]: (default_payment:yes) = False
else if [BILL_AMT2_very_low]: (default_payment:yes) = False
else (default_payment:yes) = True",0.7902634211403802,0.05115162058923639
Average,0.7878383636262575,0.000920416706343554,0.21456163637374245,0.20195476636925921,0.7845995521935694,0.0188678833297236,816925.8,384124.4,2.4,,0.7817528526406139,0.024305557617799612
