Fold#,Training accuracy,Training Unfairness(1),Training objective function,Training Sample-Robustness,Test accuracy,Test unfairness,#Nodes explored for best solution,Cache size for best solution,Average length,RL,Validation accuracy,Validation unfairness
0,0.7810016119170696,0.0,0.21899838808293037,1.0,0.782427475825275,0.0,0,0,0,"RULELIST:
(default_payment:yes) = False",0.768050692012673,0.0
1,0.779500861541882,0.0,0.22049913845811797,1.0,0.7822244455561114,0.0,0,0,0,"RULELIST:
(default_payment:yes) = False",0.772757585861954,0.0
2,0.7762770274025902,0.0,0.2237229725974098,1.0,0.7807236951809238,0.0,0,0,0,"RULELIST:
(default_payment:yes) = False",0.7839279759919974,0.0
3,0.7845589461397365,0.002171940039274711,0.21844105386026347,0.07687176921794231,0.7733866933466733,0.0011856581704420104,3027049,1055796,3,"RULELIST:
 if [not_PAY_AMT1_middle]: (default_payment:yes) = False
else if [not_PAY_AMT6_very_low]: (default_payment:yes) = False
else if [PAY_2_Pay_delay>=1]: (default_payment:yes) = True
else (default_payment:yes) = False",0.7794264754918306,0.0024154991292000853
4,0.7792785281529654,0.0,0.2207214718470346,1.0,0.7757211939302985,0.0,0,0,0,"RULELIST:
(default_payment:yes) = False",0.7799266422140714,0.0
Average,0.7801233950308488,0.0004343880078549422,0.22047660496915125,0.8153743538435885,0.7788967007678564,0.00023713163408840208,605409.8,211159.2,0.6,,0.7768178743145053,0.00048309982584001705
