Fold#,Training accuracy,Training Unfairness(5),Training objective function,Training Sample-Robustness,Test accuracy,Test unfairness,#Nodes explored for best solution,Cache size for best solution,Average length,RL,Validation accuracy,Validation unfairness
0,0.784392196098049,0.0012504346342839812,0.218607803901951,0.0027044338481246885,0.7844281427142381,0.00932507201027831,896926,477163,3,"RULELIST:
 if [PAY_0_Pay_duly]: (default_payment:yes) = False
else if [not_PAY_AMT3_low]: (default_payment:yes) = True
else if [PAY_AMT1_middle]: (default_payment:yes) = True
else (default_payment:yes) = False",0.7797231949307988,0.029735226465514297
1,0.7910066144183203,0.0006307239960669092,0.21199338558167968,0.0022818026240730175,0.7927296981824246,0.04062596809169772,705215,375405,3,"RULELIST:
 if [PAY_4_Pay_duly__AND__PAY_5_Pay_duly]: (default_payment:yes) = False
else if [not_MARRIAGE_Married]: (default_payment:yes) = False
else if [PAY_6_Pay_duly__AND__PAY_2_Pay_duly]: (default_payment:yes) = False
else (default_payment:yes) = True",0.7859286428809603,0.017255886751158633
2,0.7868934467233617,0.0017981108398457124,0.2161065532766383,0.002649291135615065,0.7847256961814241,0.020550908227416564,517714,294877,3,"RULELIST:
 if [PAY_0_Pay_duly]: (default_payment:yes) = False
else if [LIMIT_BAL_very_high]: (default_payment:yes) = False
else if [EDUCATION_Others]: (default_payment:yes) = False
else (default_payment:yes) = True",0.7937645881960653,0.02676441623810044
3,0.7870601967650492,0.0018986583834024184,0.21593980323495077,0.002631578947368421,0.7875604468901117,0.02915784222778428,575766,336290,3,"RULELIST:
 if [not_PAY_0_Pay_delay>=1]: (default_payment:yes) = False
else if [not_BILL_AMT5_low]: (default_payment:yes) = True
else if [PAY_AMT1_middle]: (default_payment:yes) = True
else (default_payment:yes) = False",0.77675891963988,0.040268228618744795
4,0.7977877827802791,0.002399551884394141,0.20521221721972094,0.0017118402282453639,0.8017342004335501,0.01451375883728645,1014990,435182,3,"RULELIST:
 if [PAY_0_Pay_duly__AND__PAY_2_Pay_duly]: (default_payment:yes) = False
else if [AGE_very_low]: (default_payment:yes) = True
else if [PAY_6_Pay_duly]: (default_payment:yes) = False
else (default_payment:yes) = True",0.8037679226408803,0.010296509209182791
Average,0.7894280473570119,0.0015954959475986325,0.21357195264298814,0.0023957893566853112,0.7902356368803497,0.022834709878892665,742122.2,383783.4,3.0,,0.7879886536577169,0.02486405345654019
