Fold#,Training accuracy,Training Unfairness(4),Training objective function,Training Sample-Robustness,Test accuracy,Test unfairness,#Nodes explored for best solution,Cache size for best solution,Average length,RL,Validation accuracy,Validation unfairness
0,0.8943128921270997,0.003993779666267128,0.10868710787290026,0.00820842255531763,0.8981177899210686,0.015460576483147803,1088510,356827,3,"RULELIST:
 if [job_retired]: (subscribe:yes) = False
else if [education_unknown]: (subscribe:yes) = False
else if [poutcome_failure]: (subscribe:yes) = False
else (subscribe:yes) = True",0.892046144505161,0.0448325568763448
1,0.8939890710382513,0.01036212174865192,0.10901092896174869,0.008258527827648115,0.8932604735883425,0.0031539522964714184,957868,362658,3,"RULELIST:
 if [job_retired]: (subscribe:yes) = False
else if [month_oct]: (subscribe:yes) = False
else if [poutcome_failure]: (subscribe:yes) = False
else (subscribe:yes) = True",0.896782027929569,0.018702312651564412
2,0.8954867435741752,0.0035964912280702643,0.10751325642582477,0.007871198568872988,0.9016393442622951,0.006027554535017132,1109414,327290,3,"RULELIST:
 if [job_retired]: (subscribe:yes) = False
else if [duration_very_low]: (subscribe:yes) = False
else if [poutcome_failure]: (subscribe:yes) = False
else (subscribe:yes) = True",0.8964177292046145,0.035327747228768525
3,0.8880793361667678,0.0,0.11192066383323218,1.0,0.8825743776563448,0.0,0,0,0,"RULELIST:
(subscribe:yes) = False",0.8898603521554341,0.0
4,0.8947176684881603,0.007430753196777218,0.10828233151183975,0.009339080459770116,0.8938676381299332,0.003912256897331434,434471,208299,3,"RULELIST:
 if [day_of_week_tue]: (subscribe:yes) = False
else if [job_student]: (subscribe:yes) = False
else if [poutcome_failure]: (subscribe:yes) = False
else (subscribe:yes) = True",0.8922890103217972,0.0033329489101603382
Average,0.8933171422788908,0.005076629167953306,0.10908285772110912,0.2067354458823218,0.8938919247115968,0.0057108680423935574,718052.6,251014.8,2.4,,0.8934790528233153,0.020439113133367614
