Fold#,Training accuracy,Training Unfairness(5),Training objective function,Training Sample-Robustness,Test accuracy,Test unfairness,#Nodes explored for best solution,Cache size for best solution,Average length,RL,Validation accuracy,Validation unfairness
0,0.8970653713823112,0.013532667703389012,0.10593462861768876,0.005710206995003569,0.900789313904068,0.025106756138477904,629021,253021,3,"RULELIST:
 if [duration_low]: (subscribe:yes) = False
else if [job_retired]: (subscribe:yes) = False
else if [poutcome_failure]: (subscribe:yes) = False
else (subscribe:yes) = True",0.8949605343047966,0.030010236697516013
1,0.8942724144909937,0.006622488916926429,0.1087275855090063,0.006463195691202872,0.8943533697632058,0.008344832117747503,657076,277723,3,"RULELIST:
 if [marital_single]: (subscribe:yes) = False
else if [not_nr_employed_very_low]: (subscribe:yes) = False
else if [poutcome_failure]: (subscribe:yes) = False
else (subscribe:yes) = True",0.8994535519125683,0.003069734429526294
2,0.8963772515685084,0.010831023813012739,0.10662274843149155,0.006797853309481216,0.9016393442622951,0.017240531700238905,1196244,375396,3,"RULELIST:
 if [job_retired]: (subscribe:yes) = False
else if [duration_low]: (subscribe:yes) = False
else if [poutcome_failure]: (subscribe:yes) = False
else (subscribe:yes) = True",0.8961748633879781,0.02998167059439638
3,0.8981987451932807,0.010958209787374239,0.10480125480671931,0.00976491862567812,0.8890103217972071,0.02316530390300886,1116398,380538,3,"RULELIST:
 if [job_retired]: (subscribe:yes) = False
else if [duration_very_low]: (subscribe:yes) = False
else if [poutcome_failure]: (subscribe:yes) = False
else (subscribe:yes) = True",0.9009107468123861,0.02153063221765512
4,0.898360655737705,0.012391269491321633,0.10463934426229504,0.00646551724137931,0.896782027929569,0.011148801447308898,332373,156148,3,"RULELIST:
 if [job_retired]: (subscribe:yes) = False
else if [duration_low]: (subscribe:yes) = False
else if [poutcome_failure]: (subscribe:yes) = False
else (subscribe:yes) = True",0.8950819672131147,0.018959750893783878
Average,0.8968548876745599,0.01086713194240481,0.10614511232544019,0.007040338372549017,0.896514875531269,0.01700124506135641,786222.4,288565.2,3.0,,0.8973163327261687,0.020710404966575537
