Fold#,Training accuracy,Training Unfairness(4),Training objective function,Training Sample-Robustness,Test accuracy,Test unfairness,#Nodes explored for best solution,Cache size for best solution,Average length,RL,Validation accuracy,Validation unfairness
0,0.5273474549478343,0.003053900458183323,0.4746525450521657,0.1786896095301125,0.5421800947867299,0.0,23298,14746,2,"RULELIST:
 if [age_23-25__AND__juvenile-crimes_=0]: (recidivism:yes) = False
else if [age_23-25__AND__charge_degree_Misdemeanor]: (recidivism:yes) = True
else (recidivism:yes) = False",0.5298578199052133,0.0023560510286174674
1,0.5317736326272526,0.00548320495513388,0.47022636737274737,0.21954484605087016,0.5469194312796208,0.003273451519394177,23976,14818,2,"RULELIST:
 if [not_priors_1]: (recidivism:yes) = False
else if [age_18-20__AND__juvenile-crimes_=0]: (recidivism:yes) = True
else (recidivism:yes) = False",0.5203791469194313,0.004550667801250463
2,0.5349351881125514,0.004354614958724468,0.46706481188744864,0.16330645161290322,0.5308056872037915,0.0062040523578984486,18833,13152,2,"RULELIST:
 if [not_priors_1]: (recidivism:yes) = False
else if [juvenile-felonies_=0__AND__age_18-20]: (recidivism:yes) = True
else (recidivism:yes) = False",0.533649289099526,0.005113636363636376
3,0.5344500632111252,0.003991822420466584,0.4675499367888748,0.13596784996651037,0.5351043643263758,0.017218776292875715,18467,12958,2,"RULELIST:
 if [not_priors_1]: (recidivism:yes) = False
else if [gender_Male__AND__age_18-20]: (recidivism:yes) = True
else (recidivism:yes) = False",0.5317535545023697,0.018633540372670843
4,0.5483565107458913,0.0043556574422792815,0.4546434892541087,0.09793103448275862,0.5009487666034156,0.015051258154706426,2040556,857721,3,"RULELIST:
 if [age_26-45__AND__juvenile-felonies_=0]: (recidivism:yes) = False
else if [gender_Male__AND__charge_degree_Misdemeanor]: (recidivism:yes) = False
else if [juvenile-misdemeanors_>0__AND__juvenile-crimes_>0]: (recidivism:yes) = True
else (recidivism:yes) = False",0.5355450236966824,0.009997163925127617
Average,0.535372569928931,0.0042478400469575074,0.466827430071069,0.15908795832863099,0.5311916688399867,0.008349507664974953,425026.0,182679.0,2.2,,0.5302369668246446,0.008130211898260553
