Fold#,Training accuracy,Training Unfairness(3),Training objective function,Training Sample-Robustness,Test accuracy,Test unfairness,#Nodes explored for best solution,Cache size for best solution,Average length,RL,Validation accuracy,Validation unfairness
0,0.9003845375430075,0.009547272436410174,0.10261546245699249,0.019266767109528377,0.9038251366120219,0.013839940253476854,24220,8631,3,"RULELIST:
 if [poutcome_failure]: (subscribe:yes) = False
else if [not_nr_employed_very_low]: (subscribe:yes) = False
else if [duration_low]: (subscribe:yes) = False
else (subscribe:yes) = True",0.8979963570127505,0.016582578947863524
1,0.8995749848208865,0.01369817760345303,0.10342501517911351,0.0011405109489051094,0.9013964784456587,0.004867097576191901,25559,9460,3,"RULELIST:
 if [poutcome_failure]: (subscribe:yes) = False
else if [duration_low]: (subscribe:yes) = False
else if [duration_very_low]: (subscribe:yes) = False
else (subscribe:yes) = True",0.903096539162113,0.012316455137293764
2,0.8997773730014167,0.011634715647610733,0.10322262699858331,0.002921040620721132,0.9043108682452945,0.016246006019063626,24745,8953,3,"RULELIST:
 if [pdays_very_low__AND__poutcome_failure]: (subscribe:yes) = False
else if [duration_low]: (subscribe:yes) = False
else if [nr_employed_very_low]: (subscribe:yes) = True
else (subscribe:yes) = False",0.8993321190042501,0.00787920067864516
3,0.9035822707953856,0.012172972790322444,0.10041772920461445,0.002461257976298997,0.8945962355798421,0.018452112913354468,1235365,256053,4,"RULELIST:
 if [duration_very_low]: (subscribe:yes) = False
else if [duration_low]: (subscribe:yes) = False
else if [poutcome_success]: (subscribe:yes) = True
else if [month_mar]: (subscribe:yes) = True
else (subscribe:yes) = False",0.9054037644201579,0.0322665883734586
4,0.9032584497065371,0.014564916445689444,0.10074155029346288,0.0004105652114410839,0.9005464480874317,0.017963159364859774,1229208,257126,4,"RULELIST:
 if [duration_very_low]: (subscribe:yes) = False
else if [duration_low]: (subscribe:yes) = False
else if [poutcome_success]: (subscribe:yes) = True
else if [month_mar]: (subscribe:yes) = True
else (subscribe:yes) = False",0.9004250151791136,0.025386465028355384
Average,0.9013155231734465,0.012323610984697165,0.10208447682655333,0.00524002837337894,0.9009350333940498,0.014273663225389324,507819.4,108044.6,3.4,,0.9012507589556771,0.018886257633123286
