Fold#,Training accuracy,Training Unfairness(3),Training objective function,Training Sample-Robustness,Test accuracy,Test unfairness,#Nodes explored for best solution,Cache size for best solution,Average length,RL,Validation accuracy,Validation unfairness
0,0.8928152195911758,0.0022122682593007344,0.11018478040882418,0.11984659635666348,0.8953248330297511,0.003053463477708379,974633,349145,3,"RULELIST:
 if [not_duration_high]: (subscribe:yes) = False
else if [nr_employed_low]: (subscribe:yes) = False
else if [poutcome_failure]: (subscribe:yes) = False
else (subscribe:yes) = True",0.8911961141469338,0.004986940011852762
1,0.8910746812386157,0.0016178373505574602,0.11192531876138434,0.1271441605839416,0.8904675166970248,0.0012922647333718322,1738068,494743,3,"RULELIST:
 if [cons_price_idx_low]: (subscribe:yes) = False
else if [not_duration_very_high]: (subscribe:yes) = False
else if [poutcome_failure]: (subscribe:yes) = False
else (subscribe:yes) = True",0.8961748633879781,0.003543341853379973
2,0.8907103825136612,0.0014865877925657868,0.11228961748633881,0.12578731172980373,0.895203400121433,0.0057854707034780605,928984,357635,3,"RULELIST:
 if [not_cons_price_idx_high]: (subscribe:yes) = False
else if [marital_single]: (subscribe:yes) = False
else if [poutcome_failure]: (subscribe:yes) = False
else (subscribe:yes) = True",0.8882817243472981,0.0016084928422068522
3,0.8880793361667678,0.0,0.11192066383323218,1.0,0.8825743776563448,0.0,0,0,0,"RULELIST:
(subscribe:yes) = False",0.8898603521554341,0.0
4,0.8924104432301153,0.00201112158782179,0.11058955676988469,0.1195200948861822,0.894474802671524,0.0038455252919480983,1016464,389849,3,"RULELIST:
 if [cons_conf_idx_very_high]: (subscribe:yes) = False
else if [not_duration_high]: (subscribe:yes) = False
else if [poutcome_failure]: (subscribe:yes) = False
else (subscribe:yes) = True",0.891317547055252,0.0017155387523629492
Average,0.8910180125480671,0.0014655629980491543,0.11138198745193284,0.29845963271131815,0.8916089860352155,0.0027953448413012743,931629.8,318274.4,2.4,,0.8913661202185793,0.002370862691960507
