Fold#,Training accuracy,Training Unfairness(3),Training objective function,Training Sample-Robustness,Test accuracy,Test unfairness,#Nodes explored for best solution,Cache size for best solution,Average length,RL,Validation accuracy,Validation unfairness
0,0.5222889661713563,0.0,0.47771103382864366,1.0,0.5459715639810426,0.0,0,0,0,"RULELIST:
(recidivism:yes) = False",0.5327014218009478,0.0
1,0.5330382548213721,0.0,0.4699617451786279,1.0,0.5488151658767773,0.0,2093917,892933,3,"RULELIST:
 if [priors_2-3__AND__juvenile-crimes_=0]: (recidivism:yes) = False
else if [gender_Male__AND__priors_1]: (recidivism:yes) = False
else if [juvenile-misdemeanors_>0__AND__age_21-22]: (recidivism:yes) = True
else (recidivism:yes) = False",0.5175355450236967,0.0031645569620253164
2,0.5295605437875435,0.0,0.47043945621245653,1.0,0.5270142180094787,0.0,0,0,0,"RULELIST:
(recidivism:yes) = False",0.5298578199052133,0.0
3,0.5281289506953224,0.0,0.4718710493046776,1.0,0.5332068311195446,0.0,0,0,0,"RULELIST:
(recidivism:yes) = False",0.5279620853080569,0.0
4,0.5530973451327433,0.00011739011739011736,0.44990265486725667,0.35939323220536756,0.5037950664136622,0.004198127453941408,1708883,786390,3,"RULELIST:
 if [age_23-25__AND__priors_1]: (recidivism:yes) = False
else if [juvenile-felonies_=0__AND__charge_degree_Misdemeanor]: (recidivism:yes) = False
else if [juvenile-misdemeanors_>0__AND__juvenile-crimes_>0]: (recidivism:yes) = True
else (recidivism:yes) = False",0.5393364928909953,0.002332507511464867
Average,0.5332228121216676,2.347802347802347e-05,0.4679771878783324,0.8718786464410735,0.5317605690801012,0.0008396254907882816,760560.0,335864.6,1.2,,0.529478672985782,0.0010994128946980367
