Fold#,Training accuracy,Training Unfairness(1),Training objective function,Training Sample-Robustness,Test accuracy,Test unfairness,#Nodes explored for best solution,Cache size for best solution,Average length,RL,Validation accuracy,Validation unfairness
0,0.5276636104963642,0.0029051441496134667,0.47433638950363577,0.09642744230161239,0.5535545023696683,0.015873015873015872,23818,14917,2,"RULELIST:
 if [not_priors_1]: (recidivism:yes) = False
else if [age_18-20]: (recidivism:yes) = True
else (recidivism:yes) = False",0.5374407582938389,0.001055962212449
1,0.5324059437243124,0.0006367708164696992,0.4695940562756876,0.15554852987669934,0.5450236966824644,0.006514657980456026,22904,14558,2,"RULELIST:
 if [priors_2-3__AND__juvenile-misdemeanors_=0]: (recidivism:yes) = False
else if [priors_2-3__AND__age_21-22]: (recidivism:yes) = True
else (recidivism:yes) = False",0.5156398104265403,0.005934718100890208
2,0.5333544103699019,0.0035953161137055392,0.46864558963009806,0.2921277268416061,0.5298578199052133,0.004846526655896607,18350,12967,2,"RULELIST:
 if [not_priors_2-3]: (recidivism:yes) = False
else if [juvenile-felonies_=0__AND__age_18-20]: (recidivism:yes) = True
else (recidivism:yes) = False",0.5317535545023697,0.00315955766192733
3,0.5328697850821744,0.0013015610819492015,0.4701302149178256,0.24462705436156765,0.5370018975332068,0.0009623786921658523,2050286,893322,3,"RULELIST:
 if [gender_Male__AND__priors_1]: (recidivism:yes) = False
else if [priors_2-3__AND__juvenile-crimes_=0]: (recidivism:yes) = False
else if [juvenile-misdemeanors_>0__AND__age_21-22]: (recidivism:yes) = True
else (recidivism:yes) = False",0.5298578199052133,0.0045045045045045045
4,0.5461441213653603,0.0029872475802755387,0.4558558786346397,0.18678887484197218,0.5009487666034156,0.0018375848884323465,19676,13335,2,"RULELIST:
 if [not_priors_1]: (recidivism:yes) = False
else if [juvenile-felonies_=0__AND__age_18-20]: (recidivism:yes) = True
else (recidivism:yes) = False",0.5298578199052133,0.005420879980739136
Average,0.5344875742076226,0.0022852079484026893,0.4677124257923774,0.19510392564469153,0.5332773366187937,0.006006832817993341,427006.8,189819.8,2.2,,0.5289099526066351,0.0040151244921020355
