Fold#,Training accuracy,Training Unfairness(5),Training objective function,Training Sample-Robustness,Test accuracy,Test unfairness,#Nodes explored for best solution,Cache size for best solution,Average length,RL,Validation accuracy,Validation unfairness
0,0.886581663630844,0.0,0.11341833636915599,1.0,0.8905889496053431,0.0,0,0,0,"RULELIST:
(subscribe:yes) = False",0.8863387978142077,0.0
1,0.893705727585509,0.006422330548167876,0.10929427241449097,0.006822262118491921,0.893624772313297,0.0049609041329916614,1481100,452157,3,"RULELIST:
 if [not_euribor3m_very_low]: (subscribe:yes) = False
else if [marital_single]: (subscribe:yes) = False
else if [poutcome_failure]: (subscribe:yes) = False
else (subscribe:yes) = True",0.898360655737705,0.018873839238185308
2,0.8903460837887067,0.009348598466266136,0.11265391621129328,0.006797853309481216,0.8962962962962963,0.027028319938767753,824073,331413,3,"RULELIST:
 if [pdays_very_low__AND__housing_yes]: (subscribe:yes) = False
else if [education_basic.4y]: (subscribe:yes) = False
else if [poutcome_failure]: (subscribe:yes) = False
else (subscribe:yes) = True",0.8898603521554341,0.008335515405428984
3,0.8880793361667678,0.0,0.11192066383323218,1.0,0.8825743776563448,0.0,0,0,0,"RULELIST:
(subscribe:yes) = False",0.8898603521554341,0.0
4,0.89605343047966,0.010268600484369866,0.10694656952033998,0.004105652114410839,0.8941105039465695,0.04052464947987333,573852,246679,3,"RULELIST:
 if [poutcome_failure__AND__default_no]: (subscribe:yes) = False
else if [job_student]: (subscribe:yes) = False
else if [loan_no__AND__default_no]: (subscribe:yes) = True
else (subscribe:yes) = False",0.8932604735883425,0.01687984877126654
Average,0.8909532483302975,0.005207905899760776,0.11084675166970248,0.40354515350847686,0.8914389799635701,0.014502774710326549,575805.0,206049.8,1.8,,0.8915361262902248,0.008817840682976166
