Fold#,Training accuracy,Training Unfairness(4),Training objective function,Training Sample-Robustness,Test accuracy,Test unfairness,#Nodes explored for best solution,Cache size for best solution,Average length,RL,Validation accuracy,Validation unfairness
0,0.7563516634724065,0.011393566657955989,0.24564833652759355,0.03588421887390959,0.7525058962264151,0.006342126905801271,20557,12808,2,"RULELIST:
 if [capitalGain_-inf_to_5095.5__AND__occupation_sales]: (income > 50K) = False
else if [age_35.5_to_61.5__AND__occupation_sales]: (income > 50K) = True
else (income > 50K) = False",0.7585495283018868,0.005912747953946362
1,0.7579242223205072,0.006933482320589546,0.24407577767949284,0.06710605152786099,0.7551591981132075,0.01532554106704509,6155,5203,2,"RULELIST:
 if [capitalGain_-inf_to_5095.5__AND__occupation_sales]: (income > 50K) = False
else if [workclass_private__AND__occupation_sales]: (income > 50K) = True
else (income > 50K) = False",0.7508844339622641,0.006348122866894235
2,0.7535626535626536,0.00848649170696214,0.24843734643734638,0.009994121105232217,0.7588087866725638,0.00212456823290752,19154,12387,2,"RULELIST:
 if [capitalGain_-inf_to_5095.5__AND__age_29.5_to_35.5]: (income > 50K) = False
else if [workclass_private__AND__age_29.5_to_35.5]: (income > 50K) = True
else (income > 50K) = False",0.761497641509434,0.002746724365909392
3,0.757002457002457,0.004344273230605045,0.24499754299754295,0.013280475718533202,0.7620521892967713,0.0014303877940241572,11402,8719,2,"RULELIST:
 if [not_occupation_professional]: (income > 50K) = False
else if [capitalLoss_1881.5_to_1978.5]: (income > 50K) = True
else (income > 50K) = False",0.75,0.0006669422626429666
4,0.8136609336609336,0.006361489285108934,0.1903390663390664,0.005869692819409118,0.8146837682441398,0.017094574330755896,1183693,330706,4,"RULELIST:
 if [not_capitalGain_-inf_to_5095.5]: (income > 50K) = True
else if [capitalLoss_1881.5_to_1978.5]: (income > 50K) = True
else if [not_education_masters_doctorate]: (income > 50K) = False
else if [age_35.5_to_61.5__AND__capitalLoss_-inf_to_1534.0]: (income > 50K) = True
else (income > 50K) = False",0.8234080188679245,0.0038094888680987316
Average,0.7677003860037916,0.007503860640244331,0.23469961399620845,0.02642691200898902,0.7686419677106195,0.008463439666106787,248192.2,73964.6,2.4,,0.7688679245283019,0.0038968052634983374
