Fold#,Training accuracy,Training Unfairness(3),Training objective function,Training Sample-Robustness,Test accuracy,Test unfairness,#Nodes explored for best solution,Cache size for best solution,Average length,RL,Validation accuracy,Validation unfairness
0,0.7879495303207159,0.00026655181544881206,0.2150504696792841,0.0029179417835029533,0.7894298099366456,0.0025684241549297398,530282,304390,3,"RULELIST:
 if [PAY_0_Pay_duly__AND__PAY_2_Pay_duly]: (default_payment:yes) = False
else if [not_PAY_AMT1_high]: (default_payment:yes) = False
else if [PAY_4_Pay_duly]: (default_payment:yes) = False
else (default_payment:yes) = True",0.775220943805236,0.0009740431473170396
1,0.7857817797787783,0.0009176252678765357,0.21721822022122173,0.07494295493439818,0.7873936968484242,0.0022067057758892636,705294,391683,3,"RULELIST:
 if [PAY_0_Pay_duly]: (default_payment:yes) = False
else if [not_BILL_AMT1_low]: (default_payment:yes) = False
else if [PAY_5_Pay_delay>=1]: (default_payment:yes) = True
else (default_payment:yes) = False",0.7752584194731578,0.000822263169107793
2,0.7816130287365906,0.00011851885686918863,0.22138697126340945,0.14470857797508235,0.7827246956811739,0.003369469926764199,2676288,1025124,3,"RULELIST:
 if [not_PAY_AMT1_high]: (default_payment:yes) = False
else if [not_BILL_AMT2_high]: (default_payment:yes) = False
else if [PAY_0_Pay_duly]: (default_payment:yes) = False
else (default_payment:yes) = True",0.7862620873624542,0.00019269159325116959
3,0.7815018620421321,0.0,0.21849813795786788,1.0,0.7723861930965483,0.0,0,0,0,"RULELIST:
(default_payment:yes) = False",0.7765921973991331,0.0
4,0.7837807792785282,0.00014591927597929974,0.21921922072147182,0.11683309557774607,0.7787226946806737,0.00039954643971752907,2309064,977376,3,"RULELIST:
 if [not_PAY_AMT3_very_low]: (default_payment:yes) = False
else if [not_BILL_AMT5_low]: (default_payment:yes) = False
else if [PAY_2_Pay_delay>=1]: (default_payment:yes) = True
else (default_payment:yes) = False",0.7835945315105035,0.0008494229941350463
Average,0.7841253960313489,0.0002897230432347672,0.218274603968651,0.2678805140541459,0.782131418048693,0.001708829259460146,1244185.6,539714.6,2.4,,0.7793856359100969,0.0005676841807622097
