Fold#,Training accuracy,Training Unfairness(4),Training objective function,Training Sample-Robustness,Test accuracy,Test unfairness,#Nodes explored for best solution,Cache size for best solution,Average length,RL,Validation accuracy,Validation unfairness
0,0.5263989883022447,0.0069927044618803835,0.47560101169775526,0.1813368630046327,0.5497630331753555,0.012618296529968487,21545,14055,2,"RULELIST:
 if [gender_Male__AND__juvenile-misdemeanors_=0]: (recidivism:yes) = False
else if [gender_Male__AND__age_18-20]: (recidivism:yes) = True
else (recidivism:yes) = False",0.5345971563981042,0.0005938014787572055
1,0.530825165981663,0.0052926228857301805,0.47117483401833704,0.2563587684069612,0.547867298578199,0.00017747628719610997,21382,14113,2,"RULELIST:
 if [juvenile-misdemeanors_=0__AND__charge_degree_Felony]: (recidivism:yes) = False
else if [age_18-20__AND__charge_degree_Felony]: (recidivism:yes) = True
else (recidivism:yes) = False",0.5222748815165876,0.013966480446927387
2,0.5295605437875435,0.0,0.47043945621245653,1.0,0.5270142180094787,0.0,0,0,0,"RULELIST:
(recidivism:yes) = False",0.5298578199052133,0.0
3,0.5325537294563844,0.008024047901869058,0.46944627054361565,0.1332886805090422,0.5360531309297912,0.008746355685131157,16528,12060,2,"RULELIST:
 if [not_priors_2-3]: (recidivism:yes) = False
else if [age_18-20]: (recidivism:yes) = True
else (recidivism:yes) = False",0.5317535545023697,0.012422360248447228
4,0.5448798988621998,0.006986518203154768,0.4571201011378002,0.26689655172413795,0.4981024667931689,0.008962410686548683,22506,14224,2,"RULELIST:
 if [gender_Male__AND__juvenile-felonies_=0]: (recidivism:yes) = False
else if [juvenile-misdemeanors_>0__AND__juvenile-crimes_>0]: (recidivism:yes) = True
else (recidivism:yes) = False",0.5289099526066351,0.003332387975042539
Average,0.532843665278007,0.005459178690526878,0.4687563347219929,0.3675761727289548,0.5317600294971987,0.006100907837768887,16392.2,10890.4,1.6,,0.529478672985782,0.006063006029834872
