Fold#,Training accuracy,Training Unfairness(3),Training objective function,Training Sample-Robustness,Test accuracy,Test unfairness,#Nodes explored for best solution,Cache size for best solution,Average length,RL,Validation accuracy,Validation unfairness
0,0.8943533697632058,0.003997938107680549,0.10864663023679422,0.07944117244213121,0.8970248937462052,0.006877389582257362,1217986,365369,3,"RULELIST:
 if [marital_single]: (subscribe:yes) = False
else if [not_euribor3m_very_low]: (subscribe:yes) = False
else if [poutcome_failure]: (subscribe:yes) = False
else (subscribe:yes) = True",0.8930176077717061,0.0021225224434250093
1,0.8930580854078122,0.004444572044198034,0.10994191459218783,0.0853558394160584,0.8890103217972071,0.00030799130759472256,794687,305511,3,"RULELIST:
 if [not_duration_high]: (subscribe:yes) = False
else if [job_self-employed]: (subscribe:yes) = False
else if [poutcome_failure]: (subscribe:yes) = False
else (subscribe:yes) = True",0.8956891317547055,0.0035801366805178754
2,0.8943128921270997,0.004086927159321862,0.10868710787290026,0.0731629392971246,0.8979963570127505,0.006938625826277706,1031899,338803,3,"RULELIST:
 if [marital_single]: (subscribe:yes) = False
else if [cons_price_idx_low]: (subscribe:yes) = False
else if [poutcome_failure]: (subscribe:yes) = False
else (subscribe:yes) = True",0.892896174863388,0.0033496184431660333
3,0.8939485934021453,0.0013156271910928644,0.10905140659785473,0.1203281677301732,0.8869459623557984,0.005540902755441193,911574,357523,3,"RULELIST:
 if [not_duration_very_high]: (subscribe:yes) = False
else if [education_basic.9y]: (subscribe:yes) = False
else if [poutcome_success]: (subscribe:yes) = True
else (subscribe:yes) = False",0.8948391013964785,0.006101976903503621
4,0.8945962355798421,0.0038624987666978933,0.10840376442015787,0.07910223073764883,0.894474802671524,0.0044961555478493795,1416849,403846,3,"RULELIST:
 if [not_euribor3m_very_low]: (subscribe:yes) = False
else if [marital_single]: (subscribe:yes) = False
else if [poutcome_failure]: (subscribe:yes) = False
else (subscribe:yes) = True",0.8948391013964785,0.004986616257088846
Average,0.8940538352560209,0.00354151265379824,0.10894616474397897,0.08747806992462724,0.893090467516697,0.004832213003884073,1074599.0,354210.4,3.0,,0.8942562234365514,0.004028174145540277
