Fold#,Training accuracy,Training Unfairness(1),Training objective function,Training Sample-Robustness,Test accuracy,Test unfairness,#Nodes explored for best solution,Cache size for best solution,Average length,RL,Validation accuracy,Validation unfairness
0,0.5333544103699019,0.000247751292678804,0.46964558963009806,0.10907366424280746,0.5402843601895735,0.0062371615312791775,2075688,888022,3,"RULELIST:
 if [priors_1__AND__gender_Female]: (recidivism:yes) = False
else if [age_26-45]: (recidivism:yes) = False
else if [juvenile-crimes_>0__AND__charge_degree_Misdemeanor]: (recidivism:yes) = True
else (recidivism:yes) = False",0.5327014218009478,0.0022860257215741777
1,0.5377805880493203,0.008899432551690931,0.46421941195067973,0.07809042048687954,0.5582938388625592,0.011112588357818698,22429,14400,2,"RULELIST:
 if [age_26-45]: (recidivism:yes) = False
else if [priors_>3__AND__juvenile-crimes_>0]: (recidivism:yes) = True
else (recidivism:yes) = False",0.5232227488151658,0.007305466638628629
2,0.5361998103066709,0.0036368102026839554,0.46580018969332915,0.2266835282959216,0.5355450236966824,0.009274354908034563,24579,15043,2,"RULELIST:
 if [age_26-45]: (recidivism:yes) = False
else if [juvenile-misdemeanors_>0__AND__juvenile-crimes_>0]: (recidivism:yes) = True
else (recidivism:yes) = False",0.5364928909952607,0.008688783570300156
3,0.5350821744627055,0.004186653438641079,0.46691782553729455,0.27939317319848295,0.5370018975332068,0.005158349790008968,22028,14355,2,"RULELIST:
 if [juvenile-misdemeanors_=0__AND__charge_degree_Felony]: (recidivism:yes) = False
else if [juvenile-felonies_=0__AND__age_18-20]: (recidivism:yes) = True
else (recidivism:yes) = False",0.533649289099526,0.0014265492988897246
4,0.549936788874842,0.00910193847564099,0.452063211125158,0.18710493046776233,0.5037950664136622,0.012623409233578724,23839,14463,2,"RULELIST:
 if [gender_Male__AND__priors_0]: (recidivism:yes) = False
else if [gender_Male__AND__age_18-20]: (recidivism:yes) = True
else (recidivism:yes) = False",0.5374407582938389,0.013971650415312387
Average,0.5384707544126882,0.005214517192267151,0.46372924558731193,0.17606914333837076,0.5349840373391369,0.008881172764144027,433712.6,189256.6,2.2,,0.5327014218009479,0.006735695128941016
