Fold#,Training accuracy,Training Unfairness,Training objective function,Test accuracy,Test unfairness,#Nodes explored for best solution,Cache size for best solution,RL length,RL
0,0.7526628091254193,0.0,0.24733719087458073,0.7492629716981132,0.0,0,0,0,"RULELIST:
[income:>50K] = False"
1,0.7556112482954336,0.0009140302016847901,0.24738875170456642,0.7539799528301887,0.010539828389973693,1078302,548100,3,"RULELIST:
 if [occupation_other__AND__hoursPerWeek_-inf_to_34.5]: [income:>50K] = False
else if [age_35.5_to_61.5__AND__capitalGain_-inf_to_5095.5]: [income:>50K] = False
else if [capitalLoss_1881.5_to_1978.5]: [income:>50K] = True
else [income:>50K] = False"
2,0.7512714675315103,0.0,0.2487285324684897,0.754828247088309,0.0,0,0,0,"RULELIST:
[income:>50K] = False"
3,0.7506449472985922,0.0,0.2493550527014078,0.7573345127524694,0.0,0,0,0,"RULELIST:
[income:>50K] = False"
4,0.7530773199675683,0.0,0.24692268003243167,0.7476043048798466,0.0,0,0,0,"RULELIST:
[income:>50K] = False"
Average,0.7526535584437047,0.00018280604033695801,0.24794644155629525,0.7526019978497854,0.0021079656779947387,,,,
