Fold#,Training accuracy,Training Unfairness,Training objective function,Test accuracy,Test unfairness,#Nodes explored for best solution,Cache size for best solution,RL length,RL
0,0.7526628091254193,0.19671254479167488,0.24733719087458073,0.7492629716981132,0.1926206659612678,0,0,0,"RULELIST:
[income:>50K] = False"
1,0.7522573987395422,0.19332522472247227,0.24774260126045777,0.7508844339622641,0.2061743285906874,0,0,0,"RULELIST:
[income:>50K] = False"
2,0.7512714675315103,0.19758798504942898,0.2487285324684897,0.754828247088309,0.18915372840586042,0,0,0,"RULELIST:
[income:>50K] = False"
3,0.7506449472985922,0.19591729806155078,0.2493550527014078,0.7573345127524694,0.19588204250310637,0,0,0,"RULELIST:
[income:>50K] = False"
4,0.7869462666764945,0.1389639419791891,0.21605373332350553,0.7803331859059414,0.18665330174351497,363479,195268,3,"RULELIST:
 if [capitalGain_-inf_to_5095.5__AND__occupation_other]: [income:>50K] = False
else if [age_35.5_to_61.5__AND__hoursPerWeek_40.5_to_inf]: [income:>50K] = True
else if [capitalGain_7073.5_to_inf]: [income:>50K] = True
else [income:>50K] = False"
Average,0.7587565778743117,0.1845013989208632,0.2418434221256883,0.7585286702814195,0.19409681344088742,,,,
