Fold#,Training accuracy,Training Unfairness,Training objective function,Test accuracy,Test unfairness,#Nodes explored for best solution,Cache size for best solution,RL length,RL
0,0.7526628091254193,0.19671254479167488,0.24733719087458073,0.7492629716981132,0.1926206659612678,0,0,0,"RULELIST:
[income:>50K] = False"
1,0.7522573987395422,0.19332522472247227,0.24774260126045777,0.7508844339622641,0.2061743285906874,0,0,0,"RULELIST:
[income:>50K] = False"
2,0.7976708188987985,0.1467280658761494,0.20632918110120146,0.7994987468671679,0.19740370456482992,6073056,2365648,4,"RULELIST:
 if [capitalGain_-inf_to_5095.5__AND__occupation_other]: [income:>50K] = False
else if [not_capitalGain_-inf_to_5095.5]: [income:>50K] = True
else if [education_hs_grad__AND__workclass_private]: [income:>50K] = False
else if [age_35.5_to_61.5__AND__hoursPerWeek_40.5_to_inf]: [income:>50K] = True
else [income:>50K] = False"
3,0.7506449472985922,0.19591729806155078,0.2493550527014078,0.7573345127524694,0.19588204250310637,0,0,0,"RULELIST:
[income:>50K] = False"
4,0.7530773199675683,0.19596270139577632,0.24692268003243167,0.7476043048798466,0.19564835169191674,0,0,0,"RULELIST:
[income:>50K] = False"
Average,0.7612626588059841,0.18572916696952474,0.23953734119401587,0.7609169940319723,0.19754581866236165,,,,
