Fold#,Training accuracy,Training Unfairness,Training objective function,Test accuracy,Test unfairness,#Nodes explored for best solution,Cache size for best solution,RL length,RL
0,0.5279753437648175,0.0020968614718614997,0.47402465623518253,0.5497630331753555,0.012209370253534302,23325,14740,2,"RULELIST:
 if [juvenile-misdemeanors_=0__AND__charge_degree_Felony]: [two_year_recid] = False
else if [juvenile-misdemeanors_=0__AND__age_18-20]: [two_year_recid] = True
else [two_year_recid] = False"
1,0.5251303935514462,0.0,0.4748696064485538,0.5450236966824644,0.0,0,0,0,"RULELIST:
[two_year_recid] = False"
2,0.5296348980559507,0.0,0.47036510194404935,0.5270142180094787,0.0,0,0,0,"RULELIST:
[two_year_recid] = False"
3,0.5280872244607727,0.0,0.4719127755392273,0.5332068311195446,0.0,0,0,0,"RULELIST:
[two_year_recid] = False"
4,0.5378051671012088,0.0,0.46219483289879115,0.49430740037950666,0.0,0,0,0,"RULELIST:
[two_year_recid] = False"
Average,0.5297266053868392,0.00041937229437229997,0.47067339461316077,0.52986303587327,0.0024418740507068603,,,,
