Fold#,Training accuracy,Training Unfairness,Training objective function,Test accuracy,Test unfairness,#Nodes explored for best solution,Cache size for best solution,RL length,RL
0,0.5248933143669986,0.0,0.4751066856330014,0.5459715639810426,0.0,0,0,0,"RULELIST:
[two_year_recid] = False"
1,0.5251303935514462,0.0,0.4748696064485538,0.5450236966824644,0.0,0,0,0,"RULELIST:
[two_year_recid] = False"
2,0.6050260787102892,0.019860471282272307,0.39797392128971076,0.6,0.16648148148148156,1681086,780324,3,"RULELIST:
 if [juvenile-crimes_=0__AND__age_21-22]: [two_year_recid] = True
else if [not_age_26-45]: [two_year_recid] = False
else if [priors_>3__AND__juvenile-felonies_=0]: [two_year_recid] = True
else [two_year_recid] = False"
3,0.5280872244607727,0.0,0.4719127755392273,0.5332068311195446,0.0,0,0,0,"RULELIST:
[two_year_recid] = False"
4,0.5378051671012088,0.0,0.46219483289879115,0.49430740037950666,0.0,0,0,0,"RULELIST:
[two_year_recid] = False"
Average,0.5441884356381431,0.003972094256454462,0.4564115643618568,0.5437018984325117,0.03329629629629631,,,,
