Fold#,Training accuracy,Training Unfairness,Training objective function,Test accuracy,Test unfairness,#Nodes explored for best solution,Cache size for best solution,RL length,RL
0,0.5248933143669986,0.0,0.4751066856330014,0.5459715639810426,0.0,0,0,0,"RULELIST:
[two_year_recid] = False"
1,0.5251303935514462,0.0,0.4748696064485538,0.5450236966824644,0.0,0,0,0,"RULELIST:
[two_year_recid] = False"
2,0.5346135609293504,0.0012725178710523144,0.4683864390706496,0.5270142180094787,0.00288685673301059,2077221,893866,3,"RULELIST:
 if [gender_Male__AND__charge_degree_Misdemeanor]: [two_year_recid] = False
else if [charge_degree_Felony__AND__juvenile-crimes_=0]: [two_year_recid] = False
else if [juvenile-felonies_=0__AND__age_18-20]: [two_year_recid] = True
else [two_year_recid] = False"
3,0.5280872244607727,0.0,0.4719127755392273,0.5332068311195446,0.0,0,0,0,"RULELIST:
[two_year_recid] = False"
4,0.5378051671012088,0.0,0.46219483289879115,0.49430740037950666,0.0,0,0,0,"RULELIST:
[two_year_recid] = False"
Average,0.5301059320819553,0.00025450357421046287,0.4704940679180446,0.5291047420344074,0.000577371346602118,,,,
