Fold#,Training accuracy,Training Unfairness,Training objective function,Test accuracy,Test unfairness,#Nodes explored for best solution,Cache size for best solution,RL length,RL
0,0.6685633001422475,0.07048020352997286,0.3354366998577525,0.6635071090047393,0.08307664702891837,2148608,904326,4,"RULELIST:
 if [priors_>3]: [two_year_recid] = True
else if [age_18-20]: [two_year_recid] = True
else if [priors_2-3__AND__age_23-25]: [two_year_recid] = True
else if [priors_2-3__AND__age_21-22]: [two_year_recid] = True
else [two_year_recid] = False"
1,0.5251303935514462,0.12201661052329582,0.4748696064485538,0.5450236966824644,0.17004956162703955,0,0,0,"RULELIST:
[two_year_recid] = False"
2,0.6678520625889047,0.055779740980072434,0.3361479374110953,0.6672985781990521,0.14843081182492124,1256424,393517,4,"RULELIST:
 if [priors_>3]: [two_year_recid] = True
else if [priors_2-3__AND__age_23-25]: [two_year_recid] = True
else if [juvenile-felonies_=0__AND__age_21-22]: [two_year_recid] = True
else if [age_18-20]: [two_year_recid] = True
else [two_year_recid] = False"
3,0.5280872244607727,0.13042259486042856,0.4719127755392273,0.5332068311195446,0.13977588125016843,0,0,0,"RULELIST:
[two_year_recid] = False"
4,0.5378051671012088,0.14439481274747668,0.46219483289879115,0.49430740037950666,0.07941942970191557,0,0,0,"RULELIST:
[two_year_recid] = False"
Average,0.585487629568916,0.10461879252824927,0.41611237043108396,0.5806687230770613,0.12415046628659261,,,,
