Fold#,Training accuracy,Training Unfairness,Training objective function,Test accuracy,Test unfairness,#Nodes explored for best solution,Cache size for best solution,RL length,RL
0,0.7777638819409705,0.03237478566654073,0.22223611805902954,0.782427475825275,0.04052426940925624,0,0,0,"RULELIST:
[default_payment_next_month] = False"
1,0.7778148317979073,0.03767818040037907,0.22218516820209266,0.7822244455561114,0.019128578668229812,0,0,0,"RULELIST:
[default_payment_next_month] = False"
2,0.7781900037517195,0.034905457051659816,0.22180999624828046,0.7807236951809238,0.030501244675171013,0,0,0,"RULELIST:
[default_payment_next_month] = False"
3,0.7802742923840094,0.032961790723639584,0.21972570761599064,0.7723861930965483,0.038355930917347125,0,0,0,"RULELIST:
[default_payment_next_month] = False"
4,0.7794405769310934,0.032099992368659125,0.22055942306890663,0.7757211939302985,0.04155871539905254,0,0,0,"RULELIST:
[default_payment_next_month] = False"
Average,0.7786967173611401,0.03400404124217567,0.22130328263885998,0.7786966007178314,0.03401374781381135,,,,
