Fold#,Training accuracy,Training Unfairness,Training objective function,Test accuracy,Test unfairness,#Nodes explored for best solution,Cache size for best solution,RL length,RL
0,0.8865209471766848,0.0,0.11347905282331516,0.8905889496053431,0.0,0,0,0,"RULELIST:
[subscribed] = False"
1,0.892896174863388,0.001800535227595046,0.11010382513661199,0.8933819064966606,0.025544630807788682,210985,108707,3,"RULELIST:
 if [duration_low]: [subscribed] = False
else if [not_nr_employed_very_low]: [subscribed] = False
else if [loan_no__AND__contact_cellular]: [subscribed] = True
else [subscribed] = False"
2,0.8862477231329691,0.0,0.11375227686703093,0.8916818457802065,0.0,0,0,0,"RULELIST:
[subscribed] = False"
3,0.8885245901639345,0.0,0.11147540983606552,0.8825743776563448,0.0,0,0,0,"RULELIST:
[subscribed] = False"
4,0.8873406193078324,0.0,0.11265938069216763,0.8873102610807528,0.0,0,0,0,"RULELIST:
[subscribed] = False"
Average,0.8883060109289618,0.00036010704551900916,0.11229398907103824,0.8891074681238615,0.0051089261615577366,,,,
