Fold#,Training accuracy,Training Unfairness,Training objective function,Test accuracy,Test unfairness,#Nodes explored for best solution,Cache size for best solution,RL length,RL
0,0.8865209471766848,0.0,0.11347905282331516,0.8905889496053431,0.0,0,0,0,"RULELIST:
[subscribed] = False"
1,0.8880388585306618,0.0,0.11196114146933822,0.8845173041894353,0.0,0,0,0,"RULELIST:
[subscribed] = False"
2,0.8895871281117183,0.0005242606875783817,0.11341287188828175,0.8947176684881603,0.008634711060084288,1451054,503230,3,"RULELIST:
 if [not_emp_var_rate_middle]: [subscribed] = False
else if [marital_single]: [subscribed] = False
else if [poutcome_failure]: [subscribed] = False
else [subscribed] = True"
3,0.8885245901639345,0.0,0.11147540983606552,0.8825743776563448,0.0,0,0,0,"RULELIST:
[subscribed] = False"
4,0.8873406193078324,0.0,0.11265938069216763,0.8873102610807528,0.0,0,0,0,"RULELIST:
[subscribed] = False"
Average,0.8880024286581664,0.00010485213751567634,0.11259757134183365,0.8879417122040072,0.0017269422120168576,,,,
