acc_test,unf_test
0.8175252095624744,0.0031427985097308092
0.8180264626953064,0.003846845478695626
0.8142229837565612,0.0030127401091862857
0.8137807667754291,0.0024277210040883753
0.8135448829482141,0.0017352540869285144
0.8110091926542216,0.0015206889606439048
0.7954126002436724,0.0007830813954754133
0.7888671760908931,0.0007627579910191867
0.7836486071588518,0.0004521123431892997
0.7804053479634158,0.00045152579766897323
0.7519828940762004,0.0
