acc_test,unf_test
0.8171713838216519,0.0032778489547858045
0.817672636954484,0.003856228314576885
0.7519828940762004,0.0
