acc_test,unf_test
0.8187340055187915,0.1979667388215336
0.8181149017452066,0.19759152874616134
0.8175546776555708,0.18578884639335053
0.8172893083499536,0.18029768041540467
0.8153728565656649,0.17243079954001733
0.8143999183586045,0.1651272951983564
0.8141345490529875,0.16179705127639318
