acc_test,unf_test
0.8171713838216519,0.033128943897841844
0.8168176102367461,0.03305460974208805
0.8165227989159914,0.03232893107766917
0.817171457709201,0.03644600518692597
0.8154614825076008,0.031722101071238115
0.8145474326771425,0.03018458135190022
0.8139872911677084,0.028142764435344258
0.8133090338916104,0.025869561230864424
0.8141641127652649,0.028346545526030525
0.8081788605462046,0.02340506572926508
0.7519828940762004,0.0
