acc_test,unf_test
0.8179084121235386,0.2061004654788106
0.8177021050475801,0.1872880140428082
0.8159330806553008,0.17658483175203338
0.8158446242200951,0.17639678935395073
