acc_test,unf_test
0.8185276332479366,0.003234793852929618
0.8187340185577707,0.0032909106587717283
0.817525213908801,0.003141677090164043
0.8154614173127046,0.0025128377202764804
0.8138102305221991,0.0024302805426076315
0.8092108479439443,0.0012149721032251276
0.7990981720394215,0.0007130067042608579
0.7888673021343593,0.0006991511522433955
0.7804053479634158,0.00045152579766897323
0.7519828940762004,0.0
