acc_test,unf_test
0.8187340055187915,0.1979667388215336
0.8181149017452066,0.19759152874616134
0.8177021050475801,0.1872880140428082
0.8172893083499536,0.18029768041540467
0.7919928280398554,0.1799484581012225
0.7884254980542366,0.1718279290692008
