acc_test,unf_test
0.8171713838216519,0.033128943897841844
0.8168176102367461,0.03305460974208805
0.8165227989159914,0.03232893107766917
0.817171457709201,0.03581091875900273
0.8172303634711083,0.03683492509167887
0.8140755346329197,0.02646523806874104
0.8149306135065745,0.02894222236390713
0.7519828940762004,0.0
