acc_train,unf_train
0.8188887603445666,0.2096102007077484
0.8188224204632414,0.20278430929192945
0.818549689840015,0.1966989283205032
0.8179821253510374,0.19034641241570371
0.8179305295671501,0.1838168247414794
0.8175472466011298,0.1710210090644355
0.8170091564526022,0.16909446553351767
0.8166995749578925,0.16407045152029126
0.8162794378605239,0.1583385859647191
0.8156529073047002,0.15831059321622032
