acc_train,unf_train
0.6726718897138427,0.07228465214889415
0.6721978437313825,0.0716987055267854
0.6708705149804937,0.07088818522709699
0.6706808965875095,0.07048752605607263
0.6705386827927715,0.06831980418897066
0.6697800294025389,0.06797925744725357
0.6689265443385276,0.06731543569329974
