acc_test,unf_test
0.6726686871048678,0.07829604993161643
0.6722891804635018,0.07766380360031197
0.6698223872946214,0.0765831591562887
0.6677376188206517,0.07461853737929093
0.6620478969756378,0.07306282063677327
0.5291047420344074,0.0
