acc_test,unf_test
0.6726686871048678,0.07829604993161643
0.6700121406153045,0.0782886118363794
0.6684960925204818,0.0758926211769082
0.6533205032509869,0.0678467766020179
0.6531309297912713,0.06570356321400095
0.6548388895383868,0.07409598837906281
0.5291047420344074,0.0
