acc_test,unf_test
0.8124458305622746,0.023474458487883168
0.8107116301287245,0.02345487176030625
0.8078769517024824,0.018909941846575545
0.8062094846467359,0.01381683575303615
0.8057759734596652,0.011301059092957522
0.804508712064157,0.0098736102360488
0.8038750897066851,0.00960960909314346
0.7910023145395082,0.00836304912857545
0.7853330688907862,0.006058074427797726
0.7786966007178314,0.0
