acc_test,unf_test
0.8124458305622746,0.026720314915822118
0.8023741280443492,0.02479873213549186
