acc_test,unf_test
0.8124458305622746,0.026720314915822118
0.8125125305789496,0.02743669757553535
0.7980722104967122,0.02590258765425386
