acc_train,unf_train
0.8124458094513372,0.02387246611701737
0.8119622544886461,0.02355355189564685
0.8093777365846068,0.023380920740072208
0.8040419576859449,0.022444339337936967
