acc_test,unf_test
0.8124458305622746,0.02009356232294404
0.8119122304288744,0.017216105271668704
0.7880004523769054,0.010957769458908051
0.7882005524269303,0.013041363345121848
0.78876740804547,0.014195877636428576
0.785932790781297,0.010740522779010674
0.783264790114297,0.009889670153775796
0.7786966007178314,0.0
