acc_train,unf_train
0.8124458094513372,0.02387246611701737
0.8121956948154624,0.0238647492894569
0.8119122315614711,0.02369367586740569
0.8080854776325871,0.023572095279139303
