acc_train,unf_train
0.8124458094513372,0.02387246611701737
0.8123207521333999,0.023699028463329785
0.8122123691245209,0.023331971555298738
0.8101364106956559,0.02135570013875152
