acc_test,unf_test
0.8124458305622746,0.022043523675687227
0.8075435183413647,0.013219233423437692
0.8072100015774254,0.01248535204267365
0.8062762013439754,0.01142828299294385
0.8056759011939004,0.009376053983439705
0.8045755344049705,0.008012885259159884
0.7786966007178314,0.0
