acc_test,unf_test
0.90501517911354,0.06973191518667961
0.9046265938069216,0.06181236309752185
0.902756527018822,0.05355173568285994
0.9005707346690954,0.05298017401154971
0.9001578627808137,0.05180240232206386
