acc_test,unf_test
0.9052823315118396,0.06349606262288532
0.9036551305403766,0.05716140744010587
0.9033394049787492,0.05501219744756307
0.9022950819672132,0.0490484766111605
0.9011778992106864,0.0470740051623155
