Fold#,Training accuracy,Training Unfairness,Training objective function,Test accuracy,Test unfairness,#Nodes explored for best solution,Cache size for best solution,RL length,RL
0,0.5248933143669986,0.1344797835439398,0.4751066856330014,0.5459715639810426,0.12199813258636782,0,0,0,"RULELIST:
[two_year_recid] = False"
1,0.5251303935514462,0.12201661052329582,0.4748696064485538,0.5450236966824644,0.17004956162703955,0,0,0,"RULELIST:
[two_year_recid] = False"
2,0.6704599336178284,0.05608300410527478,0.3335400663821716,0.6729857819905213,0.13382749053202903,2146508,895254,4,"RULELIST:
 if [priors_>3]: [two_year_recid] = True
else if [priors_2-3__AND__age_23-25]: [two_year_recid] = True
else if [juvenile-felonies_=0__AND__age_18-20]: [two_year_recid] = True
else if [gender_Male__AND__age_21-22]: [two_year_recid] = True
else [two_year_recid] = False"
3,0.5280872244607727,0.13042259486042856,0.4719127755392273,0.5332068311195446,0.13977588125016843,0,0,0,"RULELIST:
[two_year_recid] = False"
4,0.5378051671012088,0.14439481274747668,0.46219483289879115,0.49430740037950666,0.07941942970191557,0,0,0,"RULELIST:
[two_year_recid] = False"
Average,0.557275206619651,0.11747936115608312,0.443524793380349,0.5582990548306159,0.12901409913950407,,,,
