Fold#,Training accuracy,Training Unfairness,Training objective function,Test accuracy,Test unfairness,#Nodes explored for best solution,Cache size for best solution,RL length,RL
0,0.5279753437648175,0.0020968614718614997,0.47402465623518253,0.5497630331753555,0.012209370253534302,23325,14740,2,"RULELIST:
 if [juvenile-misdemeanors_=0__AND__charge_degree_Felony]: [two_year_recid] = False
else if [juvenile-misdemeanors_=0__AND__age_18-20]: [two_year_recid] = True
else [two_year_recid] = False"
1,0.5251303935514462,0.0,0.4748696064485538,0.5450236966824644,0.0,0,0,0,"RULELIST:
[two_year_recid] = False"
2,0.5339023233760076,0.001332036074157287,0.4680976766239924,0.5317535545023697,0.003745318352059925,24891,15165,2,"RULELIST:
 if [charge_degree_Felony__AND__juvenile-crimes_=0]: [two_year_recid] = False
else if [priors_2-3__AND__juvenile-misdemeanors_>0]: [two_year_recid] = True
else [two_year_recid] = False"
3,0.5280872244607727,0.0,0.4719127755392273,0.5332068311195446,0.0,0,0,0,"RULELIST:
[two_year_recid] = False"
4,0.5378051671012088,0.0,0.46219483289879115,0.49430740037950666,0.0,0,0,0,"RULELIST:
[two_year_recid] = False"
Average,0.5305800904508506,0.0006857795092037574,0.4702199095491494,0.5308109031718482,0.0031909377211188452,,,,
