Fold#,Training accuracy,Training Unfairness,Training objective function,Test accuracy,Test unfairness,#Nodes explored for best solution,Cache size for best solution,RL length,RL
0,0.8865209471766848,0.0,0.11347905282331516,0.8905889496053431,0.0,0,0,0,"RULELIST:
[subscribed] = False"
1,0.8880388585306618,0.0,0.11196114146933822,0.8845173041894353,0.0,0,0,0,"RULELIST:
[subscribed] = False"
2,0.8862477231329691,0.0,0.11375227686703093,0.8916818457802065,0.0,0,0,0,"RULELIST:
[subscribed] = False"
3,0.8885245901639345,0.0,0.11147540983606552,0.8825743776563448,0.0,0,0,0,"RULELIST:
[subscribed] = False"
4,0.8903460837887067,0.0006268451891211458,0.11265391621129328,0.8890103217972071,0.003187246074236273,348150,156962,3,"RULELIST:
 if [not_education_university.degree]: [subscribed] = False
else if [marital_single]: [subscribed] = False
else if [poutcome_failure]: [subscribed] = False
else [subscribed] = True"
Average,0.8879356405585913,0.00012536903782422917,0.11266435944140862,0.8876745598057074,0.0006374492148472546,,,,
