Fold#,Training accuracy,Training Unfairness,Training objective function,Test accuracy,Test unfairness,#Nodes explored for best solution,Cache size for best solution,RL length,RL
0,0.8865209471766848,0.0,0.11347905282331516,0.8905889496053431,0.0,0,0,0,"RULELIST:
[subscribed] = False"
1,0.8880388585306618,0.0,0.11196114146933822,0.8845173041894353,0.0,0,0,0,"RULELIST:
[subscribed] = False"
2,0.8895871281117183,0.0024421376244758188,0.11341287188828175,0.894474802671524,0.006944530340271164,571420,252606,3,"RULELIST:
 if [not_duration_high]: [subscribed] = False
else if [marital_single]: [subscribed] = False
else if [poutcome_failure]: [subscribed] = False
else [subscribed] = True"
3,0.8885245901639345,0.0,0.11147540983606552,0.8825743776563448,0.0,0,0,0,"RULELIST:
[subscribed] = False"
4,0.8903460837887067,0.0006268451891211458,0.11265391621129328,0.8890103217972071,0.003187246074236273,348150,156962,3,"RULELIST:
 if [not_education_university.degree]: [subscribed] = False
else if [marital_single]: [subscribed] = False
else if [poutcome_failure]: [subscribed] = False
else [subscribed] = True"
Average,0.8886035215543412,0.0006137965627193929,0.11259647844565879,0.888233151183971,0.0020263552829014875,,,,
