Training error,Training violation,Test error,Test violation
0.25858732462506046,-0.01368454350788395,0.33316977428851813,0.020177552230437157
,,,
0.25858732462506046,-0.01368454350788395,0.33316977428851813,0.020177552230437157
