Training error,Training violation,Test error,Test violation
0.2660861151427189,0.04197732139380961,0.331207065750736,0.06011600659972227
,,,
0.2660861151427189,0.04197732139380961,0.331207065750736,0.06011600659972227
