Training error,Training violation,Test error,Test violation
0.24230581338544205,-0.0025376932680303273,0.3724239450441609,-0.0001960029495327031
,,,
0.24230581338544205,-0.0025376932680303273,0.3724239450441609,-0.0001960029495327031
