Training error,Training violation,Test error,Test violation
0.26294146105466853,-0.005064332814384564,0.3370951913640824,0.009089298940521016
,,,
0.26294146105466853,-0.005064332814384564,0.3370951913640824,0.009089298940521016
