Training error,Training violation,Test error,Test violation
0.2640190459505963,-3.7947076036992655e-18,0.34017313129335575,0.03328000485237931
,,,
0.2640190459505963,-3.7947076036992655e-18,0.34017313129335575,0.03328000485237931
