Training error,Training violation,Test error,Test violation
0.2653604257377842,-0.0016975866228128298,0.3370951913640824,0.020521271980920682
,,,
0.2653604257377842,-0.0016975866228128298,0.3370951913640824,0.020521271980920682
