Training error,Training violation,Test error,Test violation
0.2965650701499761,-0.006406979771627081,0.3223748773307167,-0.0013023487822333435
,,,
0.2965650701499761,-0.006406979771627081,0.3223748773307167,-0.0013023487822333435
