Training error,Training violation,Test error,Test violation
0.260522496371553,0.03116556355849709,0.3282630029440628,0.051175315068545
,,,
0.260522496371553,0.03116556355849709,0.3282630029440628,0.051175315068545
