Training error,Training violation,Test error,Test violation
0.25955491049830687,-0.00858835766016131,0.33709519136408267,0.01953889081475503
,,,
0.25955491049830687,-0.00858835766016131,0.33709519136408267,0.01953889081475503
