Training error,Training violation,Test error,Test violation
0.25834542815674894,0.04543313217831413,0.3228655544651619,0.06479690320723008
,,,
0.25834542815674894,0.04543313217831413,0.3228655544651619,0.06479690320723008
