Training error,Training violation,Test error,Test violation
0.2726173197871311,0.04813217831419114,0.33316977428851813,0.05970892269573269
,,,
0.2726173197871311,0.04813217831419114,0.33316977428851813,0.05970892269573269
