Training error,Training violation,Test error,Test violation
0.26076439283986447,-0.0062671691436284585,0.3420019627085377,0.021363475348597612
,,,
0.26076439283986447,-0.0062671691436284585,0.3420019627085377,0.021363475348597612
