Training error,Training violation,Test error,Test violation
0.26245766811804555,-0.007269023543976962,0.3316977428851816,0.021496928401347985
,,,
0.26245766811804555,-0.007269023543976962,0.3316977428851816,0.021496928401347985
