Training error,Training violation,Test error,Test violation
0.26003870343492974,-0.013629550321199163,0.3400392541707555,0.01843707437568786
,,,
0.26003870343492974,-0.013629550321199163,0.3400392541707555,0.01843707437568786
