Training error,Training violation,Test error,Test violation
0.2597968069666183,-0.010216404269903001,0.33464180569185475,0.01281584994156093
,,,
0.2597968069666183,-0.010216404269903001,0.33464180569185475,0.01281584994156093
