Training error,Training violation,Test error,Test violation
0.2740686985970005,0.048028518590616964,0.3209028459273798,0.07010244345057126
,,,
0.2740686985970005,0.048028518590616964,0.3209028459273798,0.07010244345057126
