Training error,Training violation,Test error,Test violation
0.2885824866956943,-0.008862663032898623,0.3248282630029441,-0.003697488559717189
,,,
0.2885824866956943,-0.008862663032898623,0.3248282630029441,-0.003697488559717189
