Training error,Training violation,Test error,Test violation
0.22433063745438256,2.371692252312041e-19,0.3500317662903712,-0.0056723477601568284
,,,
0.22433063745438256,2.371692252312041e-19,0.3500317662903712,-0.0056723477601568284
