Training error,Training violation,Test error,Test violation
0.3130140299951591,-0.00796223186911852,0.32384690873404987,-0.009753789932551066
,,,
0.3130140299951591,-0.00796223186911852,0.32384690873404987,-0.009753789932551066
