Training error,Training violation,Test error,Test violation
0.3021286889211418,-0.012322131657111272,0.3263002944062807,-0.005771378689626739
,,,
0.3021286889211418,-0.012322131657111272,0.3263002944062807,-0.005771378689626739
