Training error,Training violation,Test error,Test violation
0.25931301402999535,-0.010335824464269623,0.342001962708538,0.0039732828693258586
,,,
0.25931301402999535,-0.010335824464269623,0.342001962708538,0.0039732828693258586
