Training error,Training violation,Test error,Test violation
0.3006773101112724,-0.008280124586334427,0.32384690873405303,-0.005130777071721272
,,,
0.3006773101112724,-0.008280124586334427,0.32384690873405303,-0.005130777071721272
