Training error,Training violation,Test error,Test violation
0.2549588776003871,-0.0075049415252842495,0.3326790971540727,0.019784486106296354
,,,
0.2549588776003871,-0.0075049415252842495,0.3326790971540727,0.019784486106296354
