Training error,Training violation,Test error,Test violation
0.26826318335752447,-0.005043942380752592,0.32679097154072806,0.022858357911805478
,,,
0.26826318335752447,-0.005043942380752592,0.32679097154072806,0.022858357911805478
