Training error,Training violation,Test error,Test violation
0.3040638606676345,-0.00897285349174549,0.32335623159960775,-0.009388692197969015
,,,
0.3040638606676345,-0.00897285349174549,0.32335623159960775,-0.009388692197969015
