Training error,Training violation,Test error,Test violation
0.23084384093113483,-0.0021732226305521962,0.344946025515211,-0.004013045175562335
,,,
0.23084384093113483,-0.0021732226305521962,0.344946025515211,-0.004013045175562335
