Training error,Training violation,Test error,Test violation
0.262699564586357,-0.0073709757121376285,0.3410206084396467,0.012450819377118116
,,,
0.262699564586357,-0.0073709757121376285,0.3410206084396467,0.012450819377118116
