Training error,Training violation,Test error,Test violation
0.26511852926947266,-0.002803679190188868,0.32139352306182534,0.026654997812089798
,,,
0.26511852926947266,-0.002803679190188868,0.32139352306182534,0.026654997812089798
