Training error,Training violation,Test error,Test violation
0.2399999999999997,-0.004520631067961184,0.3655544651619231,0.006275040206402231
,,,
0.2399999999999997,-0.004520631067961184,0.3655544651619231,0.006275040206402231
