Training error,Training violation,Test error,Test violation
0.2360991442409843,-2.168404344971009e-19,0.3621197252208047,0.01877751086473751
,,,
0.2360991442409843,-2.168404344971009e-19,0.3621197252208047,0.01877751086473751
