Training error,Training violation,Test error,Test violation
0.2681784705910781,-5.421010862427522e-20,0.32631978149886165,0.020245386496794124
,,,
0.2681784705910781,-5.421010862427522e-20,0.32631978149886165,0.020245386496794124
