Training error,Training violation,Test error,Test violation
0.2629414610546686,-0.005914753375380499,0.3351324828263003,0.016844067353537828
,,,
0.2629414610546686,-0.005914753375380499,0.3351324828263003,0.016844067353537828
