Training error,Training violation,Test error,Test violation
0.24564796905222433,-0.006941499803690631,0.3660451422963689,0.007445672211498721
,,,
0.24564796905222433,-0.006941499803690631,0.3660451422963689,0.007445672211498721
