Training error,Training violation,Test error,Test violation
0.26487663280116114,-0.002909123755984289,0.337585868498528,0.012408911492333367
,,,
0.26487663280116114,-0.002909123755984289,0.337585868498528,0.012408911492333367
