Training error,Training violation,Test error,Test violation
0.30817610062893075,-0.01282598126471157,0.32580961727183505,-0.011188976121798365
,,,
0.30817610062893075,-0.01282598126471157,0.32580961727183505,-0.011188976121798365
