Training error,Training violation,Test error,Test violation
0.26197387518142234,-0.012330832461038943,0.338567222767419,0.01594579286646547
,,,
0.26197387518142234,-0.012330832461038943,0.338567222767419,0.01594579286646547
