Training error,Training violation,Test error,Test violation
0.23523670082967302,-0.0068843484578958725,0.35132482826300293,-0.005611702704461097
,,,
0.23523670082967302,-0.0068843484578958725,0.35132482826300293,-0.005611702704461097
