Training error,Training violation,Test error,Test violation
0.26173197871311077,-0.004484766287107922,0.3395485770363101,0.015812339813714993
,,,
0.26173197871311077,-0.004484766287107922,0.3395485770363101,0.015812339813714993
