Training error,Training violation,Test error,Test violation
0.26028059990324154,-0.0058920576211797275,0.3341511285574094,0.013103498572648925
,,,
0.26028059990324154,-0.0058920576211797275,0.3341511285574094,0.013103498572648925
