Training error,Training violation,Test error,Test violation
0.3101112723754234,-0.010420308606224232,0.3174681059862612,-0.014213331453729279
,,,
0.3101112723754234,-0.010420308606224232,0.3174681059862612,-0.014213331453729279
