Training error,Training violation,Test error,Test violation
0.30285437832607653,-0.008308802822514231,0.3287536800785085,-0.008799529376043783
,,,
0.30285437832607653,-0.008308802822514231,0.3287536800785085,-0.008799529376043783
