Training error,Training violation,Test error,Test violation
0.26342525399129174,-0.013455029463180335,0.33316977428851813,0.011264896258957657
,,,
0.26342525399129174,-0.013455029463180335,0.33316977428851813,0.011264896258957657
