Training error,Training violation,Test error,Test violation
0.31132075471698106,-0.011958092677509689,0.3238469087340529,-0.013903467869613382
,,,
0.31132075471698106,-0.011958092677509689,0.3238469087340529,-0.013903467869613382
