Training error,Training violation,Test error,Test violation
0.30188679245283023,-0.005748773917248152,0.3233562315996075,-0.004969203409312729
,,,
0.30188679245283023,-0.005748773917248152,0.3233562315996075,-0.004969203409312729
