Training error,Training violation,Test error,Test violation
0.26366715045960326,-0.011885231746908805,0.3292443572129538,0.01104733652711398
,,,
0.26366715045960326,-0.011885231746908805,0.3292443572129538,0.01104733652711398
