Training error,Training violation,Test error,Test violation
0.26995645863570394,0.05199143468950751,0.32875368007850836,0.07700099071606226
,,,
0.26995645863570394,0.05199143468950751,0.32875368007850836,0.07700099071606226
