Training error,Training violation,Test error,Test violation
0.25592646347363296,-0.015697391473622792,0.344455348380765,0.022030172323977276
,,,
0.25592646347363296,-0.015697391473622792,0.344455348380765,0.022030172323977276
