Training error,Training violation,Test error,Test violation
0.25713594581519145,-0.009345593275274856,0.34102060843964715,0.009741978136051944
,,,
0.25713594581519145,-0.009345593275274856,0.34102060843964715,0.009741978136051944
