Training error,Training violation,Test error,Test violation
0.22033643448253856,-8.673617379884035e-19,0.3554472354740397,0.018121756293592552
,,,
0.22033643448253856,-8.673617379884035e-19,0.3554472354740397,0.018121756293592552
