Training error,Training violation,Test error,Test violation
0.311804547653604,-0.012537659204786323,0.3263002944062804,-0.012466384003123044
,,,
0.311804547653604,-0.012537659204786323,0.3263002944062804,-0.012466384003123044
