Training error,Training violation,Test error,Test violation
0.26366715045960326,-0.008492250306852743,0.33366045142296363,0.01729320459707395
,,,
0.26366715045960326,-0.008492250306852743,0.33366045142296363,0.01729320459707395
