Training error,Training violation,Test error,Test violation
0.23966814868994082,7.26415455565288e-17,0.345687232472449,0.00047285976639401325
,,,
0.23966814868994082,7.26415455565288e-17,0.345687232472449,0.00047285976639401325
