Training error,Training violation,Test error,Test violation
0.24099318403115866,-0.008302703545905675,0.3689892051030421,-0.004230622787227189
,,,
0.24099318403115866,-0.008302703545905675,0.3689892051030421,-0.004230622787227189
