Training error,Training violation,Test error,Test violation
0.26366715045960326,-0.006069109622159228,0.3164867517173699,0.0038053850658222857
,,,
0.26366715045960326,-0.006069109622159228,0.3164867517173699,0.0038053850658222857
