Training error,Training violation,Test error,Test violation
0.2614900822447992,-0.013233891376289716,0.33120706575073594,0.02287237569165423
,,,
0.2614900822447992,-0.013233891376289716,0.33120706575073594,0.02287237569165423
