Training error,Training violation,Test error,Test violation
0.3096274794388002,-0.006080799251863667,0.3184494602551521,-0.01023092021080485
,,,
0.3096274794388002,-0.006080799251863667,0.3184494602551521,-0.01023092021080485
