Training error,Training violation,Test error,Test violation
0.3144654088050315,-0.009904835787269974,0.31795878312070663,-0.012148929710034898
,,,
0.3144654088050315,-0.009904835787269974,0.31795878312070663,-0.012148929710034898
