Training error,Training violation,Test error,Test violation
0.26197387518142234,-0.00479055637323933,0.35034347399411186,0.005388861176776616
,,,
0.26197387518142234,-0.00479055637323933,0.35034347399411186,0.005388861176776616
