Training error,Training violation,Test error,Test violation
0.2648766328011612,-0.001479136667711712,0.3297350343473996,0.006664371380858294
,,,
0.2648766328011612,-0.001479136667711712,0.3297350343473996,0.006664371380858294
