Training error,Training violation,Test error,Test violation
0.26003870343492974,-0.011593987279557513,0.3351324828263002,0.016422965669699356
,,,
0.26003870343492974,-0.011593987279557513,0.3351324828263002,0.016422965669699356
