Training error,Training violation,Test error,Test violation
0.2243067436111014,-5.421010862427522e-19,0.34962236098503785,-0.000380231835630827
,,,
0.2243067436111014,-5.421010862427522e-19,0.34962236098503785,-0.000380231835630827
