Training error,Training violation,Test error,Test violation
0.25907111756168366,-0.01060667849798891,0.3385672227674191,0.028002409542698288
,,,
0.25907111756168366,-0.01060667849798891,0.3385672227674191,0.028002409542698288
