Training error,Training violation,Test error,Test violation
0.2968069666182878,-0.011856140509349041,0.32924435721295436,-0.005452026719295575
,,,
0.2968069666182878,-0.011856140509349041,0.32924435721295436,-0.005452026719295575
