Training error,Training violation,Test error,Test violation
0.26052249637155295,-0.015761672360933284,0.3375858684985279,0.009945520088046831
,,,
0.26052249637155295,-0.015761672360933284,0.3375858684985279,0.009945520088046831
