Training error,Training violation,Test error,Test violation
0.2919690372520565,-0.008929150217055214,0.3159960745829248,-0.010073141902882343
,,,
0.2919690372520565,-0.008929150217055214,0.3159960745829248,-0.010073141902882343
