Training error,Training violation,Test error,Test violation
0.3050314465408805,-0.009226239499258826,0.32139352306182534,-0.010398186904942652
,,,
0.3050314465408805,-0.009226239499258826,0.32139352306182534,-0.010398186904942652
