Training error,Training violation,Test error,Test violation
0.24741298212605833,-0.00030507463534479307,0.3567222767419038,0.0012784594081086675
,,,
0.24741298212605833,-0.00030507463534479307,0.3567222767419038,0.0012784594081086675
