Training error,Training violation,Test error,Test violation
0.22076023391812863,-0.00859828403124596,0.3572129538763493,-0.0013340095964963215
,,,
0.22076023391812863,-0.00859828403124596,0.3572129538763493,-0.0013340095964963215
