Training error,Training violation,Test error,Test violation
0.2939042089985486,-0.00282178362495411,0.31844946025515203,-0.0014620247673990947
,,,
0.2939042089985486,-0.00282178362495411,0.31844946025515203,-0.0014620247673990947
