Training error,Training violation,Test error,Test violation
0.26366715045960326,-0.005593731750048735,0.3316977428851815,0.0188862116192241
,,,
0.26366715045960326,-0.005593731750048735,0.3316977428851815,0.0188862116192241
