Training error,Training violation,Test error,Test violation
0.26536042573778423,0.041650768931282944,0.3420019627085378,0.053708649917314055
,,,
0.26536042573778423,0.041650768931282944,0.3420019627085378,0.053708649917314055
