Training error,Training violation,Test error,Test violation
0.2907595549104983,-0.003081565115826357,0.3169774288518155,-0.003254966366799783
,,,
0.2907595549104983,-0.003081565115826357,0.3169774288518155,-0.003254966366799783
