Training error,Training violation,Test error,Test violation
0.2622157716497338,-0.0043172084874441,0.3415112855740921,0.02230380317521662
,,,
0.2622157716497338,-0.0043172084874441,0.3415112855740921,0.02230380317521662
