Training error,Training violation,Test error,Test violation
0.3014029995162071,-0.011195012247543823,0.3297350343473994,-0.010548374503892899
,,,
0.3014029995162071,-0.011195012247543823,0.3297350343473994,-0.010548374503892899
