Training error,Training violation,Test error,Test violation
0.30769230769230776,-0.01352204557892889,0.32580961727183516,-0.017245277494632342
,,,
0.30769230769230776,-0.01352204557892889,0.32580961727183516,-0.017245277494632342
