Training error,Training violation,Test error,Test violation
0.25882922109337203,-0.013204565863093265,0.3410206084396467,0.013552635816185155
,,,
0.25882922109337203,-0.013204565863093265,0.3410206084396467,0.013552635816185155
