Training error,Training violation,Test error,Test violation
0.2955974842767296,-0.009042725596569602,0.33071638861629055,-0.008318603743303956
,,,
0.2955974842767296,-0.009042725596569602,0.33071638861629055,-0.008318603743303956
