Training error,Training violation,Test error,Test violation
0.2634252539912918,-0.005142972141487069,0.3233562315996075,0.019988028058291255
,,,
0.2634252539912918,-0.005142972141487069,0.3233562315996075,0.019988028058291255
