Training error,Training violation,Test error,Test violation
0.3064828253507495,-0.009395141364817549,0.329735034347399,-0.01214892971003488
,,,
0.3064828253507495,-0.009395141364817549,0.329735034347399,-0.01214892971003488
