Training error,Training violation,Test error,Test violation
0.3151910982099662,-0.011299886823130658,0.3189401373895977,-0.01230860569520054
,,,
0.3151910982099662,-0.011299886823130658,0.3189401373895977,-0.01230860569520054
