Training error,Training violation,Test error,Test violation
0.264392839864538,0.03966614755693976,0.3326790971540726,0.07373759473840735
,,,
0.264392839864538,0.03966614755693976,0.3326790971540726,0.07373759473840735
