Training error,Training violation,Test error,Test violation
0.26294146105466865,-0.004272161146859022,0.330225711481845,0.010668288182822174
,,,
0.26294146105466865,-0.004272161146859022,0.330225711481845,0.010668288182822174
