Training error,Training violation,Test error,Test violation
0.31011127237542324,-0.008390364557042783,0.3263002944062806,-0.013105087943785397
,,,
0.31011127237542324,-0.008390364557042783,0.3263002944062806,-0.013105087943785397
