Training error,Training violation,Test error,Test violation
0.2617319787131111,-0.0012665315274625905,0.3405299313052016,0.019594961934150584
,,,
0.2617319787131111,-0.0012665315274625905,0.3405299313052016,0.019594961934150584
