Training error,Training violation,Test error,Test violation
0.3072085147556845,-0.008544720803821513,0.3218842001962708,-0.01645259060053361
,,,
0.3072085147556845,-0.008544720803821513,0.3218842001962708,-0.01645259060053361
