Training error,Training violation,Test error,Test violation
0.22026641294005708,-0.001405178635871529,0.3562315996074583,-0.0008385022446810719
,,,
0.22026641294005708,-0.001405178635871529,0.3562315996074583,-0.0008385022446810719
