Training error,Training violation,Test error,Test violation
0.25761973875181426,-0.009095129675187665,0.3267909715407263,0.01894424082066404
,,,
0.25761973875181426,-0.009095129675187665,0.3267909715407263,0.01894424082066404
