Training error,Training violation,Test error,Test violation
0.26415094339622647,-0.00884854973720073,0.3326790971540727,0.020016063617989025
,,,
0.26415094339622647,-0.00884854973720073,0.3326790971540727,0.020016063617989025
