Training error,Training violation,Test error,Test violation
0.26294146105466876,-0.009928082209977769,0.33267909715407284,0.021756541472738214
,,,
0.26294146105466876,-0.009928082209977769,0.33267909715407284,0.021756541472738214
