Training error,Training violation,Test error,Test violation
0.25955491049830676,-0.006514710336289366,0.33660451422963694,0.015075553939090772
,,,
0.25955491049830676,-0.006514710336289366,0.33660451422963694,0.015075553939090772
