Training error,Training violation,Test error,Test violation
0.3093855829704886,-0.014180251433308033,0.323846908734053,-0.01134295907523486
,,,
0.3093855829704886,-0.014180251433308033,0.323846908734053,-0.01134295907523486
