Training error,Training violation,Test error,Test violation
0.26221577164973425,-0.01586383102978397,0.3370951913640829,0.021728505913040458
,,,
0.26221577164973425,-0.01586383102978397,0.3370951913640829,0.021728505913040458
