Training error,Training violation,Test error,Test violation
0.23135033050047138,5.64327230778705e-17,0.3551759685246363,0.006966622390572089
,,,
0.23135033050047138,5.64327230778705e-17,0.3551759685246363,0.006966622390572089
