Training error,Training violation,Test error,Test violation
0.2680212868892114,0.044572707806112555,0.3223748773307164,0.053856120749913305
,,,
0.2680212868892114,0.044572707806112555,0.3223748773307164,0.053856120749913305
