Training error,Training violation,Test error,Test violation
0.3103531688437349,-0.008157368983161661,0.32875368007850836,-0.01294730963586288
,,,
0.3103531688437349,-0.008157368983161661,0.32875368007850836,-0.01294730963586288
