Training error,Training violation,Test error,Test violation
0.24959170297631267,1.1926223897340549e-18,0.3441963483265147,-0.004289634861729718
,,,
0.24959170297631267,1.1926223897340549e-18,0.3441963483265147,-0.004289634861729718
