Training error,Training violation,Test error,Test violation
0.3120464441219158,-0.014145315380895914,0.31943081452404315,-0.016768147216378645
,,,
0.3120464441219158,-0.014145315380895914,0.31943081452404315,-0.016768147216378645
