Training error,Training violation,Test error,Test violation
0.2672655791785826,0.0,0.33311985669244415,0.022747678074228884
,,,
0.2672655791785826,0.0,0.33311985669244415,0.022747678074228884
