Training error,Training violation,Test error,Test violation
0.2670537010159651,-0.013317111154370285,0.33856722276741896,0.03178503166313373
,,,
0.2670537010159651,-0.013317111154370285,0.33856722276741896,0.03178503166313373
