Training error,Training violation,Test error,Test violation
0.261006289308176,-0.008687387420895917,0.33856722276741885,0.002680062460690967
,,,
0.261006289308176,-0.008687387420895917,0.33856722276741885,0.002680062460690967
