Training error,Training violation,Test error,Test violation
0.2929366231253023,-0.007105966493270551,0.33316977428851796,-0.005453924396538687
,,,
0.2929366231253023,-0.007105966493270551,0.33316977428851796,-0.005453924396538687
