Training error,Training violation,Test error,Test violation
0.2624576681180455,-0.0004306565852466582,0.3380765456329735,0.014157756620182593
,,,
0.2624576681180455,-0.0004306565852466582,0.3380765456329735,0.014157756620182593
