Training error,Training violation,Test error,Test violation
0.25931301402999507,-0.0046740585862986555,0.33513248282630015,0.0034784423865189523
,,,
0.25931301402999507,-0.0046740585862986555,0.33513248282630015,0.0034784423865189523
