Training error,Training violation,Test error,Test violation
0.2624576681180455,0.051879988320031156,0.323846908734053,0.07437625615408949
,,,
0.2624576681180455,0.051879988320031156,0.323846908734053,0.07437625615408949
