Training error,Training violation,Test error,Test violation
0.23804032452949844,-2.168404344971009e-18,0.35291077249305014,-0.0047119721693995205
,,,
0.23804032452949844,-2.168404344971009e-18,0.35291077249305014,-0.0047119721693995205
