Training error,Training violation,Test error,Test violation
0.2622157716497339,-0.01304728720888837,0.3380765456329735,0.007945429161907214
,,,
0.2622157716497339,-0.01304728720888837,0.3380765456329735,0.007945429161907214
