Training error,Training violation,Test error,Test violation
0.3125302370585389,-0.011395994176438993,0.3233562315996074,-0.01164138730557429
,,,
0.3125302370585389,-0.011395994176438993,0.3233562315996074,-0.01164138730557429
