Training error,Training violation,Test error,Test violation
0.2714078374455733,0.047833852443060154,0.33169774288518156,0.05879663042881156
,,,
0.2714078374455733,0.047833852443060154,0.33169774288518156,0.05879663042881156
