Training error,Training violation,Test error,Test violation
0.3016448959845185,-0.009511639151758008,0.3238469087340528,-0.007044991216465287
,,,
0.3016448959845185,-0.009511639151758008,0.3238469087340528,-0.007044991216465287
