Training error,Training violation,Test error,Test violation
0.3132559264634736,-0.008445691043087011,0.32433758586849853,-0.006883417554056748
,,,
0.3132559264634736,-0.008445691043087011,0.32433758586849853,-0.006883417554056748
