Training error,Training violation,Test error,Test violation
0.26681180454765363,0.04450992797352549,0.3307163886162905,0.0721726232759552
,,,
0.26681180454765363,0.04450992797352549,0.3307163886162905,0.0721726232759552
