Training error,Training violation,Test error,Test violation
0.26758750596153247,-5.421010862427522e-20,0.3264236297581767,0.025207589418310174
,,,
0.26758750596153247,-5.421010862427522e-20,0.3264236297581767,0.025207589418310174
