Training error,Training violation,Test error,Test violation
0.3130140299951619,-0.010094128086460813,0.31992149165848854,-0.01852268537595702
,,,
0.3130140299951619,-0.010094128086460813,0.31992149165848854,-0.01852268537595702
