Training error,Training violation,Test error,Test violation
0.270440251572327,-0.005646821749087482,0.3272816486751717,0.007727869430063648
,,,
0.270440251572327,-0.005646821749087482,0.3272816486751717,0.007727869430063648
