Training error,Training violation,Test error,Test violation
0.2595549104983067,-0.006942843024213552,0.3336604514229637,0.011089389866660637
,,,
0.2595549104983067,-0.006942843024213552,0.3336604514229637,0.011089389866660637
