Training error,Training violation,Test error,Test violation
0.23965351299326276,-0.009746177533329847,0.3478900883218842,-0.004499663840031309
,,,
0.23965351299326276,-0.009746177533329847,0.3478900883218842,-0.004499663840031309
