Training error,Training violation,Test error,Test violation
0.26802128688921145,-0.0020405878917656444,0.32384690873405303,0.021988118984430764
,,,
0.26802128688921145,-0.0020405878917656444,0.32384690873405303,0.021988118984430764
