Training error,Training violation,Test error,Test violation
0.26318335752297983,-0.009215982090714381,0.3336604514229633,0.02087228476551459
,,,
0.26318335752297983,-0.009215982090714381,0.3336604514229633,0.02087228476551459
