Training error,Training violation,Test error,Test violation
0.29245283018867974,-0.0037304530794204436,0.32237487733071696,-0.004330499468650392
,,,
0.29245283018867974,-0.0037304530794204436,0.32237487733071696,-0.004330499468650392
