Training error,Training violation,Test error,Test violation
0.22806122448979568,-1.1926223897340549e-18,0.36739450441609456,-0.0030214282602227752
,,,
0.22806122448979568,-1.1926223897340549e-18,0.36739450441609456,-0.0030214282602227752
