Training error,Training violation,Test error,Test violation
0.23667519069647147,6.071532165918825e-18,0.36161569296330404,0.013129316086758734
,,,
0.23667519069647147,6.071532165918825e-18,0.36161569296330404,0.013129316086758734
