Training error,Training violation,Test error,Test violation
0.29414610546686004,-0.0052449243096477334,0.31697742885181535,-0.015015506734043274
,,,
0.29414610546686004,-0.0052449243096477334,0.31697742885181535,-0.015015506734043274
