Training error,Training violation,Test error,Test violation
0.2658442186744073,-0.008757543313217873,0.3331697742885181,0.01014906204004151
,,,
0.2658442186744073,-0.008757543313217873,0.3331697742885181,0.01014906204004151
