Training error,Training violation,Test error,Test violation
0.2648766328011611,-0.006246778709996237,0.3366045142296369,0.00419084260116942
,,,
0.2648766328011611,-0.006246778709996237,0.3366045142296369,0.00419084260116942
