Training error,Training violation,Test error,Test violation
0.26415094339622636,-0.0022902472260074576,0.33071638861629044,0.023117970983195676
,,,
0.26415094339622636,-0.0022902472260074576,0.33071638861629044,0.023117970983195676
