Training error,Training violation,Test error,Test violation
0.2680212868892114,-0.00013918629550324635,0.338567222767419,0.021567017300592295
,,,
0.2680212868892114,-0.00013918629550324635,0.338567222767419,0.021567017300592295
