Training error,Training violation,Test error,Test violation
0.2610062893081761,-0.0067524819933814095,0.33758586849852795,0.014886029766944864
,,,
0.2610062893081761,-0.0067524819933814095,0.33758586849852795,0.014886029766944864
