Training error,Training violation,Test error,Test violation
0.22740247383444337,-0.005032028148682754,0.3557409224730127,0.004752054913357505
,,,
0.22740247383444337,-0.005032028148682754,0.3557409224730127,0.004752054913357505
