Training error,Training violation,Test error,Test violation
0.2646347363328496,-0.004135272926286238,0.33807654563297357,0.006185343425361591
,,,
0.2646347363328496,-0.004135272926286238,0.33807654563297357,0.006185343425361591
