Training error,Training violation,Test error,Test violation
0.23247058823529418,-0.0022135416666666523,0.34936211972522085,-0.004180311869700138
,,,
0.23247058823529418,-0.0022135416666666523,0.34936211972522085,-0.004180311869700138
