Training error,Training violation,Test error,Test violation
0.262699564586357,0.03741142690286159,0.32924435721295386,0.06655139884182837
,,,
0.262699564586357,0.03741142690286159,0.32924435721295386,0.06655139884182837
