Training error,Training violation,Test error,Test violation
0.314707305273343,-0.008457380672791337,0.32482826300294404,-0.018218514823570287
,,,
0.314707305273343,-0.008457380672791337,0.32482826300294404,-0.018218514823570287
