Training error,Training violation,Test error,Test violation
0.26245766811804555,-0.006593349663391758,0.3356231599607459,0.015510673402778122
,,,
0.26245766811804555,-0.006593349663391758,0.3356231599607459,0.015510673402778122
