Training error,Training violation,Test error,Test violation
0.2656023222060958,-0.003282557913178885,0.3297350343473994,0.02308993542349802
,,,
0.2656023222060958,-0.003282557913178885,0.3297350343473994,0.02308993542349802
