Training error,Training violation,Test error,Test violation
0.27044025157232704,0.040936344169748895,0.32630029440628067,0.07501491756977163
,,,
0.27044025157232704,0.040936344169748895,0.32630029440628067,0.07501491756977163
