Training error,Training violation,Test error,Test violation
0.30938558297048857,-0.010932925436102912,0.32826300294406274,-0.01565990370643477
,,,
0.30938558297048857,-0.010932925436102912,0.32826300294406274,-0.01565990370643477
