Training error,Training violation,Test error,Test violation
0.25810353168843736,0.03389283628576989,0.3307163886162905,0.056087789187745374
,,,
0.25810353168843736,0.03389283628576989,0.3307163886162905,0.056087789187745374
