Training error,Training violation,Test error,Test violation
0.2600387034349299,-0.005818646022072272,0.3415112855740923,0.00379399900236388
,,,
0.2600387034349299,-0.005818646022072272,0.3415112855740923,0.00379399900236388
