Training error,Training violation,Test error,Test violation
0.2597968069666182,-0.0022334498753991956,0.33856722276741896,0.013335076084341587
,,,
0.2597968069666182,-0.0022334498753991956,0.33856722276741896,0.013335076084341587
