Training error,Training violation,Test error,Test violation
0.22105764649833254,-0.009147808557679826,0.35525024533856725,-0.0027413303259667954
,,,
0.22105764649833254,-0.009147808557679826,0.35525024533856725,-0.0027413303259667954
