Training error,Training violation,Test error,Test violation
0.29172714078374434,-0.0030139983315710084,0.32433758586849826,-0.0025797566635580283
,,,
0.29172714078374434,-0.0030139983315710084,0.32433758586849826,-0.0025797566635580283
