Training error,Training violation,Test error,Test violation
0.2617319787131107,-0.004385736526373417,0.3263002944062806,0.00395926508947697
,,,
0.2617319787131107,-0.004385736526373417,0.3263002944062806,0.00395926508947697
