Training error,Training violation,Test error,Test violation
0.30962747943880015,-0.009360205312405332,0.3179587831207065,-0.011829577739703721
,,,
0.30962747943880015,-0.009360205312405332,0.3179587831207065,-0.011829577739703721
