Training error,Training violation,Test error,Test violation
0.25931301402999507,-0.005643899341661427,0.32924435721295375,0.005392656531262861
,,,
0.25931301402999507,-0.005643899341661427,0.32924435721295375,0.005392656531262861
