Training error,Training violation,Test error,Test violation
0.2926947266569908,-0.007689799493868055,0.32041216879293427,-0.014806374680101153
,,,
0.2926947266569908,-0.007689799493868055,0.32041216879293427,-0.014806374680101153
