Training error,Training violation,Test error,Test violation
0.26995645863570394,-0.002075141132956926,0.3209028459273798,0.018844158279677448
,,,
0.26995645863570394,-0.002075141132956926,0.3209028459273798,0.018844158279677448
