Training error,Training violation,Test error,Test violation
0.29801644895984525,-0.005186675416177456,0.32090284592737983,-0.0011426727970679231
,,,
0.29801644895984525,-0.005186675416177456,0.32090284592737983,-0.0011426727970679231
