Training error,Training violation,Test error,Test violation
0.26536042573778434,-0.0013466030757252063,0.33071638861629066,0.018872193839375224
,,,
0.26536042573778434,-0.0013466030757252063,0.33071638861629066,0.018872193839375224
