Training error,Training violation,Test error,Test violation
0.3089017900338656,-0.00833503807099867,0.3263002944062807,-0.014863421457849916
,,,
0.3089017900338656,-0.00833503807099867,0.3263002944062807,-0.014863421457849916
