Training error,Training violation,Test error,Test violation
0.26816080371498763,3.686287386450715e-18,0.32615277677620536,0.006343205785363406
,,,
0.26816080371498763,3.686287386450715e-18,0.32615277677620536,0.006343205785363406
