Training error,Training violation,Test error,Test violation
0.29438800193517184,-0.010711553073575636,0.3302257114818451,-0.007865774075063284
,,,
0.29438800193517184,-0.010711553073575636,0.3302257114818451,-0.007865774075063284
