Training error,Training violation,Test error,Test violation
0.2675374939525883,0.04541269223282063,0.33709519136408245,0.08081164839619548
,,,
0.2675374939525883,0.04541269223282063,0.33709519136408245,0.08081164839619548
