Training error,Training violation,Test error,Test violation
0.23233301064859627,-0.0038592709917987236,0.35672227674190377,0.0028574486504097103
,,,
0.23233301064859627,-0.0038592709917987236,0.35672227674190377,0.0028574486504097103
