Training error,Training violation,Test error,Test violation
0.23460979156568104,-0.0005863058630586337,0.3380765456329735,0.014155858942939581
,,,
0.23460979156568104,-0.0005863058630586337,0.3380765456329735,0.014155858942939581
