Training error,Training violation,Test error,Test violation
0.2975326560232221,-0.007799108400061707,0.32826300294406285,-0.007039298184736255
,,,
0.2975326560232221,-0.007799108400061707,0.32826300294406285,-0.007039298184736255
