Training error,Training violation,Test error,Test violation
0.30067731011127236,-0.010344591686547777,0.32139352306182534,-0.01182768006246071
,,,
0.30067731011127236,-0.010344591686547777,0.32139352306182534,-0.01182768006246071
