Training error,Training violation,Test error,Test violation
0.29196903725205614,-0.002221140743624672,0.3277723258096173,-0.004777884489705508
,,,
0.29196903725205614,-0.002221140743624672,0.3277723258096173,-0.004777884489705508
