Training error,Training violation,Test error,Test violation
0.2677793904208999,0.05575189799493874,0.3267909715407262,0.07328845749487123
,,,
0.2677793904208999,0.05575189799493874,0.3267909715407262,0.07328845749487123
