Training error,Training violation,Test error,Test violation
0.2663280116110307,-0.007234087491564851,0.3326790971540729,0.009059511158342146
,,,
0.2663280116110307,-0.007234087491564851,0.3326790971540729,0.009059511158342146
