Training error,Training violation,Test error,Test violation
0.3076923076923083,-0.01078726999325199,0.3199214916584894,-0.010386800841484488
,,,
0.3076923076923083,-0.01078726999325199,0.3199214916584894,-0.010386800841484488
