Training error,Training violation,Test error,Test violation
0.2670537010159652,-0.0031246513036593546,0.33120706575073605,0.017075644865230392
,,,
0.2670537010159652,-0.0031246513036593546,0.33120706575073605,0.017075644865230392
