Training error,Training violation,Test error,Test violation
0.36683421086788803,0.0,0.37246433121095784,0.0023995093049219603
,,,
0.36683421086788803,0.0,0.37246433121095784,0.0023995093049219603
