Training error,Training violation,Test error,Test violation
0.30720851475568406,-0.013866556355849746,0.3248282630029435,-0.017408748834283977
,,,
0.30720851475568406,-0.013866556355849746,0.3248282630029435,-0.017408748834283977
