Training error,Training violation,Test error,Test violation
0.2614900822447993,-0.016207273075063314,0.34641805691854766,0.00839456640544334
,,,
0.2614900822447993,-0.016207273075063314,0.34641805691854766,0.00839456640544334
