Training error,Training violation,Test error,Test violation
0.25689404934687954,-0.004111960085227961,0.344946025515211,0.007460853629443265
,,,
0.25689404934687954,-0.004111960085227961,0.344946025515211,0.007460853629443265
