Training error,Training violation,Test error,Test violation
0.2573778422835027,-0.008259254732971734,0.34396467124631996,0.017524782108766516
,,,
0.2573778422835027,-0.008259254732971734,0.34396467124631996,0.017524782108766516
