Training error,Training violation,Test error,Test violation
0.2728592162554428,-0.0015723216135938862,0.32384690873405314,0.01613531703861138
,,,
0.2728592162554428,-0.0015723216135938862,0.32384690873405314,0.01613531703861138
