Training error,Training violation,Test error,Test violation
0.2887912293294031,0.005253735990037341,0.35069468191248265,0.0035348170017520902
,,,
0.2887912293294031,0.005253735990037341,0.35069468191248265,0.0035348170017520902
