Training error,Training violation,Test error,Test violation
0.31470730527334295,-0.015458804682228043,0.3179587831207065,-0.01580439827365587
,,,
0.31470730527334295,-0.015458804682228043,0.3179587831207065,-0.01580439827365587
