Training error,Training violation,Test error,Test violation
0.2417737199120569,8.334804200982315e-19,0.363618458004697,-0.011968749907301407
,,,
0.2417737199120569,8.334804200982315e-19,0.363618458004697,-0.011968749907301407
