Training error,Training violation,Test error,Test violation
0.30696661828737304,-0.008792261996482533,0.32090284592737983,-0.01214323667830575
,,,
0.30696661828737304,-0.008792261996482533,0.32090284592737983,-0.01214323667830575
