Training error,Training violation,Test error,Test violation
0.30043541364296084,-0.006485619098729578,0.3267909715407262,-0.008957307683966187
,,,
0.30043541364296084,-0.006485619098729578,0.3267909715407262,-0.008957307683966187
