Training error,Training violation,Test error,Test violation
0.311320754716981,-0.006939987035137981,0.3263002944062805,-0.013108883298271529
,,,
0.311320754716981,-0.006939987035137981,0.3263002944062805,-0.013108883298271529
