Training error,Training violation,Test error,Test violation
0.26366715045960326,-0.001464376094997055,0.32777232580961724,0.03155345415144117
,,,
0.26366715045960326,-0.001464376094997055,0.32777232580961724,0.03155345415144117
