Training error,Training violation,Test error,Test violation
0.30164489598451816,-0.005673056997571804,0.3282630029440623,-0.0067275369233771205
,,,
0.30164489598451816,-0.005673056997571804,0.3282630029440623,-0.0067275369233771205
