Training error,Training violation,Test error,Test violation
0.2623774053779872,-9.75781955236954e-19,0.32843255675210636,0.026988395259366735
,,,
0.2623774053779872,-9.75781955236954e-19,0.32843255675210636,0.026988395259366735
