Training error,Training violation,Test error,Test violation
0.264392839864538,-0.010353292490475674,0.33316977428851813,0.014829958647549435
,,,
0.264392839864538,-0.010353292490475674,0.33316977428851813,0.014829958647549435
