Training error,Training violation,Test error,Test violation
0.254726609692616,-4.228388472693467e-18,0.32630029440628094,0.02192169201322773
,,,
0.254726609692616,-4.228388472693467e-18,0.32630029440628094,0.02192169201322773
