Training error,Training violation,Test error,Test violation
0.264392839864538,-0.003824216468756081,0.3297350343473994,0.02334954849488824
,,,
0.264392839864538,-0.003824216468756081,0.3297350343473994,0.02334954849488824
