Training error,Training violation,Test error,Test violation
0.26486251247283615,0.004237370646489387,0.34936649830020533,0.0041888503929271015
,,,
0.26486251247283615,0.004237370646489387,0.34936649830020533,0.0041888503929271015
