Training error,Training violation,Test error,Test violation
0.26100628930817615,-0.003337256443908477,0.3331697742885182,0.010177097599739284
,,,
0.26100628930817615,-0.003337256443908477,0.3331697742885182,0.010177097599739284
