Training error,Training violation,Test error,Test violation
0.2568940493468797,-0.012525969575082016,0.34052993130520137,0.025812794444412885
,,,
0.2568940493468797,-0.012525969575082016,0.34052993130520137,0.025812794444412885
