Training error,Training violation,Test error,Test violation
0.2590711175616837,-0.00444398541984359,0.3385672227674192,0.013566653596034045
,,,
0.2590711175616837,-0.00444398541984359,0.3385672227674192,0.013566653596034045
