Training error,Training violation,Test error,Test violation
0.26245766811804555,-0.009287344381804565,0.33954857703631014,0.0005977446528799836
,,,
0.26245766811804555,-0.009287344381804565,0.33954857703631014,0.0005977446528799836
