Training error,Training violation,Test error,Test violation
0.23184898354307845,-1.0245710529988017e-17,0.3529090525067018,0.009028744767602116
,,,
0.23184898354307845,-1.0245710529988017e-17,0.3529090525067018,0.009028744767602116
