Training error,Training violation,Test error,Test violation
0.3021286889211417,-0.011291119600852271,0.31452404317958776,-0.011979765338654077
,,,
0.3021286889211417,-0.011291119600852271,0.31452404317958776,-0.011979765338654077
