Training error,Training violation,Test error,Test violation
0.30237058538945355,-0.009261175551670726,0.32139352306182556,-0.01119277147628462
,,,
0.30237058538945355,-0.009261175551670726,0.32139352306182556,-0.01119277147628462
