Training error,Training violation,Test error,Test violation
0.26003870343492985,0.03564823827136454,0.33464180569185475,0.05679653950267183
,,,
0.26003870343492985,0.03564823827136454,0.33464180569185475,0.05679653950267183
