Training error,Training violation,Test error,Test violation
0.2692307692307692,0.030041366556355698,0.33218842001962706,0.054754395236985665
,,,
0.2692307692307692,0.030041366556355698,0.33218842001962706,0.054754395236985665
