Training error,Training violation,Test error,Test violation
0.26681180454765363,0.03221286743235352,0.3297350343473994,0.06392666427985538
,,,
0.26681180454765363,0.03221286743235352,0.3297350343473994,0.06392666427985538
