Training error,Training violation,Test error,Test violation
0.26294146105466837,-0.010528039170886508,0.34102060843964643,0.027784849810854696
,,,
0.26294146105466837,-0.010528039170886508,0.34102060843964643,0.027784849810854696
