Training error,Training violation,Test error,Test violation
0.22080218538867846,4.336808689942018e-19,0.34395004076855334,-0.007015739428176961
,,,
0.22080218538867846,4.336808689942018e-19,0.34395004076855334,-0.007015739428176961
