Training error,Training violation,Test error,Test violation
0.27358490566037735,0.056543215884757636,0.3228655544651619,0.07326042193517346
,,,
0.27358490566037735,0.056543215884757636,0.3228655544651619,0.07326042193517346
