Training error,Training violation,Test error,Test violation
0.2692307692307692,0.04819495814677832,0.3223748773307164,0.07369554139886081
,,,
0.2692307692307692,0.04819495814677832,0.3223748773307164,0.07369554139886081
