Training error,Training violation,Test error,Test violation
0.2200678623364033,0.004539590073403653,0.34298331697742884,-0.005318421446445448
,,,
0.2200678623364033,0.004539590073403653,0.34298331697742884,-0.005318421446445448
