Training error,Training violation,Test error,Test violation
0.25616835994194487,-0.00562643131545526,0.3277723258096173,0.02956738100515055
,,,
0.25616835994194487,-0.00562643131545526,0.3277723258096173,0.02956738100515055
