Training error,Training violation,Test error,Test violation
0.2610062893081762,-0.015741281927301183,0.3400392541707558,0.004134771481773993
,,,
0.2610062893081762,-0.015741281927301183,0.3400392541707558,0.004134771481773993
