Training error,Training violation,Test error,Test violation
0.26052249637155456,-0.012234725107730788,0.3493621197252229,0.016001863985861106
,,,
0.26052249637155456,-0.012234725107730788,0.3493621197252229,0.016001863985861106
