Training error,Training violation,Test error,Test violation
0.2910014513788099,-0.004950757434870279,0.3228655544651619,-0.0048095274241471975
,,,
0.2910014513788099,-0.004950757434870279,0.3228655544651619,-0.0048095274241471975
