Training error,Training violation,Test error,Test violation
0.31349782293178524,-0.010597977694061124,0.31550539744847894,-0.013101292589299266
,,,
0.31349782293178524,-0.010597977694061124,0.31550539744847894,-0.013101292589299266
