Training error,Training violation,Test error,Test violation
0.26083153187242514,-3.686287386450715e-18,0.3320853893273592,0.021073049098555424
,,,
0.26083153187242514,-3.686287386450715e-18,0.3320853893273592,0.021073049098555424
