Training error,Training violation,Test error,Test violation
0.26874697629414623,-0.010140687350226668,0.32826300294406296,0.01329302274479494
,,,
0.26874697629414623,-0.010140687350226668,0.32826300294406296,0.01329302274479494
