Training error,Training violation,Test error,Test violation
0.30503144654088055,-0.005131348930133229,0.32286555446516196,-0.00672563924613412
,,,
0.30503144654088055,-0.005131348930133229,0.32286555446516196,-0.00672563924613412
