Training error,Training violation,Test error,Test violation
0.22942036044812464,-0.002260326627041453,0.345927379784102,0.0026838578151769927
,,,
0.22942036044812464,-0.002260326627041453,0.345927379784102,0.0026838578151769927
