Training error,Training violation,Test error,Test violation
0.24264851753477032,0.002280691191522633,0.34099489180595044,0.0081733581831826
,,,
0.24264851753477032,0.002280691191522633,0.34099489180595044,0.0081733581831826
