Training error,Training violation,Test error,Test violation
0.30358006773101015,-0.009007789544157678,0.3238469087340519,-0.005609805027218065
,,,
0.30358006773101015,-0.009007789544157678,0.3238469087340519,-0.005609805027218065
