Training error,Training violation,Test error,Test violation
0.2600387034349292,-0.01138430454673464,0.3390578999018637,0.012001682133581739
,,,
0.2600387034349292,-0.01138430454673464,0.3390578999018637,0.012001682133581739
