Training error,Training violation,Test error,Test violation
0.29995162070633763,-0.006351653285583068,0.3341511285574092,-0.008003047127458805
,,,
0.29995162070633763,-0.006351653285583068,0.3341511285574092,-0.008003047127458805
