Training error,Training violation,Test error,Test violation
0.29293662312530216,-0.009255330736818605,0.3263002944062804,-0.0095922162701425
,,,
0.29293662312530216,-0.009255330736818605,0.3263002944062804,-0.0095922162701425
