Training error,Training violation,Test error,Test violation
0.3050314465408806,-0.007988467117603041,0.3297350343473996,-0.007535405235420404
,,,
0.3050314465408806,-0.007988467117603041,0.3297350343473996,-0.007535405235420404
