Training error,Training violation,Test error,Test violation
0.25810353168843736,-0.008358284493706236,0.3351324828263003,0.010654270402973287
,,,
0.25810353168843736,-0.008358284493706236,0.3351324828263003,0.010654270402973287
