Training error,Training violation,Test error,Test violation
0.26342525399129174,-0.00046851504508482744,0.32482826300294404,0.021075826717509516
,,,
0.26342525399129174,-0.00046851504508482744,0.32482826300294404,0.021075826717509516
