Training error,Training violation,Test error,Test violation
0.2784228350266086,0.05912448900136269,0.3282630029440628,0.07483941117747461
,,,
0.2784228350266086,0.05912448900136269,0.3282630029440628,0.07483941117747461
