Training error,Training violation,Test error,Test violation
0.3050314465408805,-0.012191088251390814,0.32924435721295386,-0.011034993168361873
,,,
0.3050314465408805,-0.012191088251390814,0.32924435721295386,-0.011034993168361873
