Training error,Training violation,Test error,Test violation
0.2656023222060958,0.04381594315748494,0.33758586849852795,0.05749127203774951
,,,
0.2656023222060958,0.04381594315748494,0.33758586849852795,0.05749127203774951
