Training error,Training violation,Test error,Test violation
0.2682631833575229,-0.001644928946856083,0.3272816486751717,0.03200259139497751
,,,
0.2682631833575229,-0.001644928946856083,0.3272816486751717,0.03200259139497751
