Training error,Training violation,Test error,Test violation
0.30551523947750386,-0.012630844150668738,0.3263002944062809,-0.009913465917716809
,,,
0.30551523947750386,-0.012630844150668738,0.3263002944062809,-0.009913465917716809
