Training error,Training violation,Test error,Test violation
0.23190476190476184,0.0018209921267448024,0.3415112855740922,0.004450455672559861
,,,
0.23190476190476184,0.0018209921267448024,0.3415112855740922,0.004450455672559861
