Training error,Training violation,Test error,Test violation
0.29317851959361396,-0.00836705171598451,0.32237487733071646,0.0007677459931900723
,,,
0.29317851959361396,-0.00836705171598451,0.32237487733071646,0.0007677459931900723
