Training error,Training violation,Test error,Test violation
0.25737784228350274,-0.016973914736227343,0.33071638861629066,0.02975690517729647
,,,
0.25737784228350274,-0.016973914736227343,0.33071638861629066,0.02975690517729647
