Training error,Training violation,Test error,Test violation
0.30309627479438794,-0.011550350423217724,0.332188420019627,-0.010719436552516835
,,,
0.30309627479438794,-0.011550350423217724,0.332188420019627,-0.010719436552516835
