Training error,Training violation,Test error,Test violation
0.30599903241412657,-0.00889129175721703,0.32286555446516174,-0.015175182719208915
,,,
0.30599903241412657,-0.00889129175721703,0.32286555446516174,-0.015175182719208915
