Training error,Training violation,Test error,Test violation
0.3096274794388003,-0.009421376613301783,0.3243375858684987,-0.009603602333600917
,,,
0.3096274794388003,-0.009421376613301783,0.3243375858684987,-0.009603602333600917
