Training error,Training violation,Test error,Test violation
0.27189163038219644,0.05935370839011089,0.33316977428851813,0.07862203329790995
,,,
0.27189163038219644,0.05935370839011089,0.33316977428851813,0.07862203329790995
