Training error,Training violation,Test error,Test violation
0.23422917681441788,-1.0842021724855044e-19,0.3500404808635919,0.03205672370387676
,,,
0.23422917681441788,-1.0842021724855044e-19,0.3500404808635919,0.03205672370387676
