Training error,Training violation,Test error,Test violation
0.22259454284346572,-0.0019117615736057299,0.35770363101079483,-0.0027489210349389555
,,,
0.22259454284346572,-0.0019117615736057299,0.35770363101079483,-0.0027489210349389555
