Training error,Training violation,Test error,Test violation
0.2663280116110305,0.04079034455908115,0.32875368007850836,0.06502848071892264
,,,
0.2663280116110305,0.04079034455908115,0.32875368007850836,0.06502848071892264
