Training error,Training violation,Test error,Test violation
0.3089017900338656,-0.011803736430730963,0.31992149165848877,-0.013586013576525228
,,,
0.3089017900338656,-0.011803736430730963,0.31992149165848877,-0.013586013576525228
