Training error,Training violation,Test error,Test violation
0.258345428156749,-0.003546330543118593,0.32580961727183516,0.032900865882049775
,,,
0.258345428156749,-0.003546330543118593,0.32580961727183516,0.032900865882049775
