Training error,Training violation,Test error,Test violation
0.263425253991292,-0.001980063867885964,0.3380765456329739,0.021756541472738224
,,,
0.263425253991292,-0.001980063867885964,0.3380765456329739,0.021756541472738224
