Training error,Training violation,Test error,Test violation
0.26560232220609586,-0.006051641595953396,0.3326790971540727,0.005073304560931803
,,,
0.26560232220609586,-0.006051641595953396,0.3326790971540727,0.005073304560931803
