Training error,Training violation,Test error,Test violation
0.25882922109337214,-0.015391788566479499,0.33905789990186475,0.014829958647549442
,,,
0.25882922109337214,-0.015391788566479499,0.33905789990186475,0.014829958647549442
