Training error,Training violation,Test error,Test violation
0.2687469762941457,-0.007388443738343563,0.3415112855740917,0.02087228476551458
,,,
0.2687469762941457,-0.007388443738343563,0.3415112855740917,0.02087228476551458
