Training error,Training violation,Test error,Test violation
0.3142235123367197,-0.007039016795872485,0.32679097154072606,-0.010242306274263141
,,,
0.3142235123367197,-0.007039016795872485,0.32679097154072606,-0.010242306274263141
