Training error,Training violation,Test error,Test violation
0.2610062893081761,-0.005003406657582143,0.3282630029440628,0.027321694787469597
,,,
0.2610062893081761,-0.005003406657582143,0.3282630029440628,0.027321694787469597
