Training error,Training violation,Test error,Test violation
0.26536042573778423,-0.0058972853491746635,0.3326790971540726,0.012640343549264021
,,,
0.26536042573778423,-0.0058972853491746635,0.3326790971540726,0.012640343549264021
