Training error,Training violation,Test error,Test violation
0.2639090469279147,-0.011929141522289294,0.33316977428851796,0.017728324060761406
,,,
0.2639090469279147,-0.011929141522289294,0.33316977428851796,0.017728324060761406
