Training error,Training violation,Test error,Test violation
0.25689404934687954,-0.00414298228538057,0.32188420019627084,0.01484397642739832
,,,
0.25689404934687954,-0.00414298228538057,0.32188420019627084,0.01484397642739832
