Training error,Training violation,Test error,Test violation
0.2312530237058539,-0.0008437530618551348,0.35868498527968595,-0.0021083194170334885
,,,
0.2312530237058539,-0.0008437530618551348,0.35868498527968595,-0.0021083194170334885
