Training error,Training violation,Test error,Test violation
0.2733430091920658,0.04808351177730186,0.33316977428851813,0.05837552874497298
,,,
0.2733430091920658,0.04808351177730186,0.33316977428851813,0.05837552874497298
