Training error,Training violation,Test error,Test violation
0.2648766328011611,-0.006363276496936909,0.33758586849852795,0.016436983449548248
,,,
0.2648766328011611,-0.006363276496936909,0.33758586849852795,0.016436983449548248
