Training error,Training violation,Test error,Test violation
0.24081237911025144,-0.0020612485276796377,0.3464180569185476,-0.006413877984775218
,,,
0.24081237911025144,-0.0020612485276796377,0.3464180569185476,-0.006413877984775218
