Training error,Training violation,Test error,Test violation
0.262699564586357,0.03491970021413271,0.33022571148184493,0.05855103513726989
,,,
0.262699564586357,0.03491970021413271,0.33022571148184493,0.05855103513726989
