Training error,Training violation,Test error,Test violation
0.2612481857764877,-0.013804522824001908,0.33218842001962706,0.009047245600974474
,,,
0.2612481857764877,-0.013804522824001908,0.33218842001962706,0.009047245600974474
