Training error,Training violation,Test error,Test violation
0.26511852926947266,0.033781389916293536,0.3297350343473994,0.05276832209069493
,,,
0.26511852926947266,0.033781389916293536,0.3297350343473994,0.05276832209069493
