Training error,Training violation,Test error,Test violation
0.2590711175616835,-0.007481020050613237,0.34249263984298317,0.018682669667229194
,,,
0.2590711175616835,-0.007481020050613237,0.34249263984298317,0.018682669667229194
