Training error,Training violation,Test error,Test violation
0.23968725001935337,-3.2526065174565133e-19,0.36083780857435666,0.019060562561730998
,,,
0.23968725001935337,-3.2526065174565133e-19,0.36083780857435666,0.019060562561730998
