Training error,Training violation,Test error,Test violation
0.2639090469279148,-0.0018898013294296185,0.3400392541707556,0.031188423586998353
,,,
0.2639090469279148,-0.0018898013294296185,0.3400392541707556,0.031188423586998353
