Training error,Training violation,Test error,Test violation
0.2566521528785679,-0.010720253877503414,0.3316977428851815,0.016380912330152816
,,,
0.2566521528785679,-0.010720253877503414,0.3316977428851815,0.016380912330152816
