Training error,Training violation,Test error,Test violation
0.2636671504596035,-0.009770803555772874,0.3312070657507362,0.02240922066826924
,,,
0.2636671504596035,-0.009770803555772874,0.3312070657507362,0.02240922066826924
