Training error,Training violation,Test error,Test violation
0.22158638586479154,-4.119968255444917e-17,0.3618444761629612,0.008271771153662174
,,,
0.22158638586479154,-4.119968255444917e-17,0.3618444761629612,0.008271771153662174
