Training error,Training violation,Test error,Test violation
0.2648766328011602,-0.015683033033830843,0.34543670264965537,0.006029462794682174
,,,
0.2648766328011602,-0.015683033033830843,0.34543670264965537,0.006029462794682174
