Training error,Training violation,Test error,Test violation
0.3040638606676343,-0.011040656000765205,0.3174681059862611,-0.006242815936151393
,,,
0.3040638606676343,-0.011040656000765205,0.3174681059862611,-0.006242815936151393
