Training error,Training violation,Test error,Test violation
0.2629414610546686,0.0425535331905782,0.3267909715407262,0.06542154684306334
,,,
0.2629414610546686,0.0425535331905782,0.3267909715407262,0.06542154684306334
