Training error,Training violation,Test error,Test violation
0.26536042573778423,0.04442670819544481,0.3258096172718351,0.059694904915883806
,,,
0.26536042573778423,0.04442670819544481,0.3258096172718351,0.059694904915883806
