Training error,Training violation,Test error,Test violation
0.261006289308176,-0.011652236173027793,0.3213935230618252,0.016830049573688936
,,,
0.261006289308176,-0.011652236173027793,0.3213935230618252,0.016830049573688936
