Training error,Training violation,Test error,Test violation
0.29898403483309144,-0.006141970552760112,0.33022571148184493,-0.0030663753280270045
,,,
0.29898403483309144,-0.006141970552760112,0.33022571148184493,-0.0030663753280270045
