Training error,Training violation,Test error,Test violation
0.2643928398645373,-0.009135910542451975,0.32826300294406197,0.006176915747460139
,,,
0.2643928398645373,-0.009135910542451975,0.32826300294406197,0.006176915747460139
