Training error,Training violation,Test error,Test violation
0.3132559264634735,-0.012770654778667564,0.31894013738959753,-0.012787009306669313
,,,
0.3132559264634735,-0.012770654778667564,0.31894013738959753,-0.012787009306669313
