Training error,Training violation,Test error,Test violation
0.26536042573778423,0.04045746544675888,0.3297350343473994,0.06034758411141472
,,,
0.26536042573778423,0.04045746544675888,0.3297350343473994,0.06034758411141472
