Training error,Training violation,Test error,Test violation
0.2616493665789439,1.3552527156068805e-17,0.33529523861014177,0.010958842039858127
,,,
0.2616493665789439,1.3552527156068805e-17,0.33529523861014177,0.010958842039858127
