Training error,Training violation,Test error,Test violation
0.2653604257377841,-0.003145041737291464,0.3263002944062805,0.010843794575119187
,,,
0.2653604257377841,-0.003145041737291464,0.3263002944062805,0.010843794575119187
