Training error,Training violation,Test error,Test violation
0.26076439283986436,-0.00723408749156484,0.3375858684985278,0.010857812354968072
,,,
0.26076439283986436,-0.00723408749156484,0.3375858684985278,0.010857812354968072
