Training error,Training violation,Test error,Test violation
0.23002887391722815,-0.001592704219496977,0.3532875368007851,0.007622451937010834
,,,
0.23002887391722815,-0.001592704219496977,0.3532875368007851,0.007622451937010834
