Training error,Training violation,Test error,Test violation
0.30745041122399613,-0.010265952359445496,0.3223748773307164,-0.010390596195970492
,,,
0.30745041122399613,-0.010265952359445496,0.3223748773307164,-0.010390596195970492
