Training error,Training violation,Test error,Test violation
0.2585873246250605,-0.01047271268484229,0.33660451422963694,0.024914519957340515
,,,
0.2585873246250605,-0.01047271268484229,0.33660451422963694,0.024914519957340515
