Training error,Training violation,Test error,Test violation
0.28737300435413654,-0.006211842657584235,0.32924435721295403,-0.0027394326487237843
,,,
0.28737300435413654,-0.006211842657584235,0.32924435721295403,-0.0027394326487237843
