Training error,Training violation,Test error,Test violation
0.258829221093372,-0.0030187852832392883,0.324828263002944,0.01995999249859348
,,,
0.258829221093372,-0.0030187852832392883,0.324828263002944,0.01995999249859348
