Training error,Training violation,Test error,Test violation
0.22269665626128402,-1.7142181500303712e-19,0.3585748574539869,-0.0060665598379324335
,,,
0.22269665626128402,-1.7142181500303712e-19,0.3585748574539869,-0.0060665598379324335
