Training error,Training violation,Test error,Test violation
0.2731011127237542,-0.004892508541399997,0.32973503434739937,0.022219696496123317
,,,
0.2731011127237542,-0.004892508541399997,0.32973503434739937,0.022219696496123317
