Training error,Training violation,Test error,Test violation
0.2658442186744072,-0.00502355194712045,0.3292443572129537,0.029090208201916642
,,,
0.2658442186744072,-0.00502355194712045,0.3292443572129537,0.029090208201916642
