Training error,Training violation,Test error,Test violation
0.2706821480406386,0.0663626630328985,0.323846908734053,0.07662194237177056
,,,
0.2706821480406386,0.0663626630328985,0.323846908734053,0.07662194237177056
