Training error,Training violation,Test error,Test violation
0.2556845670053217,-0.0022916987688694768,0.33415112855740925,0.0186826696672292
,,,
0.2556845670053217,-0.0022916987688694768,0.33415112855740925,0.0186826696672292
