Training error,Training violation,Test error,Test violation
0.2542331881954522,-0.008940773428408929,0.32875368007850825,0.009755995915900813
,,,
0.2542331881954522,-0.008940773428408929,0.32875368007850825,0.009755995915900813
