Training error,Training violation,Test error,Test violation
0.2605224963715527,-0.007700078639327082,0.3449460255152106,0.011127708256522527
,,,
0.2605224963715527,-0.007700078639327082,0.3449460255152106,0.011127708256522527
