Training error,Training violation,Test error,Test violation
0.22619731880957877,-4.336808689942018e-19,0.3559107053791851,0.00883823001359408
,,,
0.22619731880957877,-4.336808689942018e-19,0.3559107053791851,0.00883823001359408
