Training error,Training violation,Test error,Test violation
0.2711659409772617,0.05128333657776907,0.3228655544651619,0.07078315820579983
,,,
0.2711659409772617,0.05128333657776907,0.3228655544651619,0.07078315820579983
