Training error,Training violation,Test error,Test violation
0.26390904692791484,0.04266351956394776,0.3356231599607458,0.052838410989939355
,,,
0.26390904692791484,0.04266351956394776,0.3356231599607458,0.052838410989939355
