Training error,Training violation,Test error,Test violation
0.3122883405902273,-0.007059407229504709,0.3331697742885181,-0.01566749441540693
,,,
0.3122883405902273,-0.007059407229504709,0.3331697742885181,-0.01566749441540693
