Training error,Training violation,Test error,Test violation
0.30406386066763424,-0.009744634725639134,0.33218842001962706,-0.010076937257368468
,,,
0.30406386066763424,-0.009744634725639134,0.33218842001962706,-0.010076937257368468
