Training error,Training violation,Test error,Test violation
0.2595549104983065,-0.010740644311135408,0.33316977428851785,0.003931229529779198
,,,
0.2595549104983065,-0.010740644311135408,0.33316977428851785,0.003931229529779198
