Training error,Training violation,Test error,Test violation
0.2663280116110216,-0.008203928246927231,0.33120706575072495,0.008582380880088161
,,,
0.2663280116110216,-0.008203928246927231,0.33120706575072495,0.008582380880088161
