Training error,Training violation,Test error,Test violation
0.2602805999032414,0.023115631691648653,0.32433758586849853,0.05340698350637718
,,,
0.2602805999032414,0.023115631691648653,0.32433758586849853,0.05340698350637718
