Training error,Training violation,Test error,Test violation
0.2607643928398645,-0.01598160404905602,0.3434739941118744,0.03043761993252525
,,,
0.2607643928398645,-0.01598160404905602,0.3434739941118744,0.03043761993252525
