Training error,Training violation,Test error,Test violation
0.2556845670053218,-0.013181253022034881,0.33954857703631014,0.00969992479650539
,,,
0.2556845670053218,-0.013181253022034881,0.33954857703631014,0.00969992479650539
