Training error,Training violation,Test error,Test violation
0.26278988365821876,5.421010862427522e-20,0.3231905515774633,0.019208645741480318
,,,
0.26278988365821876,5.421010862427522e-20,0.3231905515774633,0.019208645741480318
