Training error,Training violation,Test error,Test violation
0.264392839864538,0.05533579910453568,0.3267909715407262,0.05878261264896267
,,,
0.264392839864538,0.05533579910453568,0.3267909715407262,0.05878261264896267
