Training error,Training violation,Test error,Test violation
0.26366715045960326,-0.0025885730971384464,0.3341511285574092,0.036016791027105415
,,,
0.26366715045960326,-0.0025885730971384464,0.3341511285574092,0.036016791027105415
