Training error,Training violation,Test error,Test violation
0.29221093372036766,-0.010571742445576793,0.32335623159960747,-0.0014584173926550648
,,,
0.29221093372036766,-0.010571742445576793,0.32335623159960747,-0.0014584173926550648
