Training error,Training violation,Test error,Test violation
0.26390904692791517,-0.006712769857758491,0.3346418056918552,0.007538345257917644
,,,
0.26390904692791517,-0.006712769857758491,0.3346418056918552,0.007538345257917644
