Training error,Training violation,Test error,Test violation
0.2585873246250604,-0.016460482772046033,0.3375858684985279,0.009931502308197946
,,,
0.2585873246250604,-0.016460482772046033,0.3375858684985279,0.009931502308197946
