Training error,Training violation,Test error,Test violation
0.2578616352201259,-0.007388443738343579,0.33071638861629066,0.006843612722840068
,,,
0.2578616352201259,-0.007388443738343579,0.33071638861629066,0.006843612722840068
