Training error,Training violation,Test error,Test violation
0.26269956458635724,-0.010006721537080163,0.33758586849852823,0.002362608167602811
,,,
0.26269956458635724,-0.010006721537080163,0.33758586849852823,0.002362608167602811
