Training error,Training violation,Test error,Test violation
0.26197387518142234,-0.003940135812243395,0.3120706575073602,0.027988391762849396
,,,
0.26197387518142234,-0.003940135812243395,0.3120706575073602,0.027988391762849396
