Training error,Training violation,Test error,Test violation
0.2576197387518142,0.03795941210823439,0.33169774288518156,0.06970937732643046
,,,
0.2576197387518142,0.03795941210823439,0.33169774288518156,0.06970937732643046
