Training error,Training violation,Test error,Test violation
0.31301402999516215,-0.007362274908209955,0.31992149165848877,-0.011668004077295182
,,,
0.31301402999516215,-0.007362274908209955,0.31992149165848877,-0.011668004077295182
