Training error,Training violation,Test error,Test violation
0.258345428156749,-0.005364512361300423,0.33120706575073605,0.013089480792800149
,,,
0.258345428156749,-0.005364512361300423,0.33120706575073605,0.013089480792800149
