Training error,Training violation,Test error,Test violation
0.30986937590711183,-0.015386010169977874,0.32237487733071646,-0.012941616604133736
,,,
0.30986937590711183,-0.015386010169977874,0.32237487733071646,-0.012941616604133736
