Training error,Training violation,Test error,Test violation
0.25882922109337214,-0.005472075068676643,0.3297350343473996,0.023798685738424374
,,,
0.25882922109337214,-0.005472075068676643,0.3297350343473996,0.023798685738424374
