Training error,Training violation,Test error,Test violation
0.2946298984034833,-0.009066038437627877,0.32728164867517173,-0.005932952352035392
,,,
0.2946298984034833,-0.009066038437627877,0.32728164867517173,-0.005932952352035392
