Training error,Training violation,Test error,Test violation
0.26173197871311055,-0.008533031174117071,0.33709519136408217,0.0041768248213206426
,,,
0.26173197871311055,-0.008533031174117071,0.33709519136408217,0.0041768248213206426
