Training error,Training violation,Test error,Test violation
0.26149008224479936,-0.001679482188047588,0.33218842001962723,0.02934982127330689
,,,
0.26149008224479936,-0.001679482188047588,0.33218842001962723,0.02934982127330689
