Training error,Training violation,Test error,Test violation
0.30986937590711167,-0.009246629932890934,0.3189401373895975,-0.015180875750937954
,,,
0.30986937590711167,-0.009246629932890934,0.3189401373895975,-0.015180875750937954
