Training error,Training violation,Test error,Test violation
0.29269472665699053,-0.009004867136731534,0.3263002944062804,-0.0060972606606163274
,,,
0.29269472665699053,-0.009004867136731534,0.3263002944062804,-0.0060972606606163274
