Training error,Training violation,Test error,Test violation
0.2590711175616836,-0.004288981896048316,0.3253189401373896,0.024900502177491624
,,,
0.2590711175616836,-0.004288981896048316,0.3253189401373896,0.024900502177491624
