Training error,Training violation,Test error,Test violation
0.2578616352201257,-0.013143394562196925,0.3336604514229635,0.0008012866048746622
,,,
0.2578616352201257,-0.013143394562196925,0.3336604514229635,0.0008012866048746622
