Training error,Training violation,Test error,Test violation
0.3040638606676343,-0.011023187974559147,0.3248282630029441,-0.011668004077295182
,,,
0.3040638606676343,-0.011023187974559147,0.3248282630029441,-0.011668004077295182
