Training error,Training violation,Test error,Test violation
0.26560232220609586,-0.004036243165551735,0.337585868498528,0.008736363833524831
,,,
0.26560232220609586,-0.004036243165551735,0.337585868498528,0.008736363833524831
