Training error,Training violation,Test error,Test violation
0.30116110304789556,-0.00880973002268848,0.31697742885181557,-0.008791938667071621
,,,
0.30116110304789556,-0.00880973002268848,0.31697742885181557,-0.008791938667071621
