Training error,Training violation,Test error,Test violation
0.26110855333524013,4.336808689942018e-19,0.3338475851819543,0.01573465044401626
,,,
0.26110855333524013,4.336808689942018e-19,0.3338475851819543,0.01573465044401626
