Training error,Training violation,Test error,Test violation
0.31325592646347356,-0.012057122438244302,0.3238469087340529,-0.017095089895681977
,,,
0.31325592646347356,-0.012057122438244302,0.3238469087340529,-0.017095089895681977
