Training error,Training violation,Test error,Test violation
0.23514081691907676,2.168404344971009e-19,0.34659933952731825,-0.006353410079931625
,,,
0.23514081691907676,2.168404344971009e-19,0.34659933952731825,-0.006353410079931625
