Training error,Training violation,Test error,Test violation
0.3033381712626997,-0.008390364557042788,0.3228655544651621,-0.01151212344661568
,,,
0.3033381712626997,-0.008390364557042788,0.3228655544651621,-0.01151212344661568
