Training error,Training violation,Test error,Test violation
0.26109537299339,0.004043959110164086,0.34985279685966636,0.00044459866837276354
,,,
0.26109537299339,0.004043959110164086,0.34985279685966636,0.00044459866837276354
