Training error,Training violation,Test error,Test violation
0.23595505617977533,-0.001922476711802568,0.3743866535819431,0.0020337678110564643
,,,
0.23595505617977533,-0.001922476711802568,0.3743866535819431,0.0020337678110564643
