Training error,Training violation,Test error,Test violation
0.26705370101596515,0.04160988904029583,0.3356231599607458,0.06520398711121966
,,,
0.26705370101596515,0.04160988904029583,0.3356231599607458,0.06520398711121966
