Training error,Training violation,Test error,Test violation
0.273826802128689,-0.0007499513334631171,0.31648675171737,0.02417773408271629
,,,
0.273826802128689,-0.0007499513334631171,0.31648675171737,0.02417773408271629
