Training error,Training violation,Test error,Test violation
0.3115626511852927,-0.008833042863746865,0.3258096172718351,-0.006404389598559934
,,,
0.3115626511852927,-0.008833042863746865,0.3258096172718351,-0.006404389598559934
