Training error,Training violation,Test error,Test violation
0.25979680696661833,-0.013647244169797127,0.3400392541707557,0.02107582671750952
,,,
0.25979680696661833,-0.013647244169797127,0.3400392541707557,0.02107582671750952
