Training error,Training violation,Test error,Test violation
0.3040638606676342,-0.014279281194042535,0.3243375858684985,-0.007202769524387919
,,,
0.3040638606676342,-0.014279281194042535,0.3243375858684985,-0.007202769524387919
