Training error,Training violation,Test error,Test violation
0.3127721335268505,-0.009124287331098158,0.32433758586849853,-0.010232817888047863
,,,
0.3127721335268505,-0.009124287331098158,0.32433758586849853,-0.010232817888047863
