Training error,Training violation,Test error,Test violation
0.2607643928398645,0.05232431380182989,0.32728164867517173,0.07237616522794987
,,,
0.2607643928398645,0.05232431380182989,0.32728164867517173,0.07237616522794987
