Training error,Training violation,Test error,Test violation
0.2264287769940432,1.4501204056993622e-18,0.3572014037361034,0.01191865933563005
,,,
0.2264287769940432,1.4501204056993622e-18,0.3572014037361034,0.01191865933563005
