Training error,Training violation,Test error,Test violation
0.26971456216739237,0.03616167023554595,0.3267909715407262,0.05901419016065512
,,,
0.26971456216739237,0.03616167023554595,0.3267909715407262,0.05901419016065512
