Training error,Training violation,Test error,Test violation
0.23631961259079903,-0.00045705279747831895,0.35819430814524045,0.0030890261621022708
,,,
0.23631961259079903,-0.00045705279747831895,0.35819430814524045,0.0030890261621022708
