Training error,Training violation,Test error,Test violation
0.2634252539912917,-0.0011296433068900267,0.3341511285574092,0.010009976360363491
,,,
0.2634252539912917,-0.0011296433068900267,0.3341511285574092,0.010009976360363491
