Training error,Training violation,Test error,Test violation
0.2641509433962263,-0.0004131885590406002,0.3385672227674189,0.01846510993538552
,,,
0.2641509433962263,-0.0004131885590406002,0.3385672227674189,0.01846510993538552
