Training error,Training violation,Test error,Test violation
0.23906705539358578,-0.012810068024110432,0.3395485770363098,-0.002314638540180878
,,,
0.23906705539358578,-0.012810068024110432,0.3395485770363098,-0.002314638540180878
