Training error,Training violation,Test error,Test violation
0.26729559748427667,-0.002894578137204395,0.33267909715407257,0.007089208014381508
,,,
0.26729559748427667,-0.002894578137204395,0.33267909715407257,0.007089208014381508
