Training error,Training violation,Test error,Test violation
0.26487663280116114,-0.007021482351315946,0.33954857703631014,0.01643698344954825
,,,
0.26487663280116114,-0.007021482351315946,0.33954857703631014,0.01643698344954825
