Training error,Training violation,Test error,Test violation
0.25979680696661833,-0.009596056875362137,0.32777232580961735,0.01303340967340472
,,,
0.25979680696661833,-0.009596056875362137,0.32777232580961735,0.01303340967340472
