Training error,Training violation,Test error,Test violation
0.22655391841476283,0.00204866859339481,0.36506888093510803,-0.0031159490531534216
,,,
0.22655391841476283,0.00204866859339481,0.36506888093510803,-0.0031159490531534216
