Training error,Training violation,Test error,Test violation
0.25907111756168355,-0.014579226465321612,0.3449460255152109,0.002680062460690968
,,,
0.25907111756168355,-0.014579226465321612,0.3449460255152109,0.002680062460690968
