Training error,Training violation,Test error,Test violation
0.2470365101944049,-0.008259314391563353,0.3444553483807654,-0.004647953761738543
,,,
0.2470365101944049,-0.008259314391563353,0.3444553483807654,-0.004647953761738543
