Training error,Training violation,Test error,Test violation
0.23917228103946103,-0.009287540864942545,0.35279685966633956,-0.005374492565840883
,,,
0.23917228103946103,-0.009287540864942545,0.35279685966633956,-0.005374492565840883
