Training error,Training violation,Test error,Test violation
0.26245766811804544,-0.004406754915320276,0.3213935230618253,0.010815759015421532
,,,
0.26245766811804544,-0.004406754915320276,0.3213935230618253,0.010815759015421532
