Training error,Training violation,Test error,Test violation
0.24878522837706515,-0.003985529651845955,0.3459273797841021,-0.004314729466320389
,,,
0.24878522837706515,-0.003985529651845955,0.3459273797841021,-0.004314729466320389
