Training error,Training violation,Test error,Test violation
0.22876772234627962,-1.734723475976807e-18,0.3638795245998334,0.01979694500691736
,,,
0.22876772234627962,-1.734723475976807e-18,0.3638795245998334,0.01979694500691736
