Training error,Training violation,Test error,Test violation
0.2656023222060958,-0.0014298228538058844,0.32875368007850836,0.03447985512435103
,,,
0.2656023222060958,-0.0014298228538058844,0.32875368007850836,0.03447985512435103
