Training error,Training violation,Test error,Test violation
0.26851524011252154,2.1345230270808369e-19,0.32975049164321546,0.014184181816733246
,,,
0.26851524011252154,2.1345230270808369e-19,0.32975049164321546,0.014184181816733246
