Training error,Training violation,Test error,Test violation
0.2679518814001259,-2.4936649967166602e-18,0.323753051262061,0.029841476164311844
,,,
0.2679518814001259,-2.4936649967166602e-18,0.323753051262061,0.029841476164311844
