Training error,Training violation,Test error,Test violation
0.25786163522012545,-0.0076270196612809775,0.33562315996074543,0.01513162505848629
,,,
0.25786163522012545,-0.0076270196612809775,0.33562315996074543,0.01513162505848629
