Training error,Training violation,Test error,Test violation
0.2573778422835027,-0.011963871074011315,0.3424926398429834,0.026942646443177794
,,,
0.2573778422835027,-0.011963871074011315,0.3424926398429834,0.026942646443177794
