Training error,Training violation,Test error,Test violation
0.25810353168843747,-0.009499949522053578,0.3385672227674192,0.02509002634963754
,,,
0.25810353168843747,-0.009499949522053578,0.3385672227674192,0.02509002634963754
