Training error,Training violation,Test error,Test violation
0.26100628930817626,-0.010644536957826974,0.3395485770363103,0.007945429161907219
,,,
0.26100628930817626,-0.010644536957826974,0.3395485770363103,0.007945429161907219
