Training error,Training violation,Test error,Test violation
0.26318335752298005,-0.009948472643609759,0.3424926398429832,0.023349548494888232
,,,
0.26318335752298005,-0.009948472643609759,0.3424926398429832,0.023349548494888232
