Training error,Training violation,Test error,Test violation
0.2946298984034831,-0.010362059712753937,0.3213935230618251,-0.005767583335140709
,,,
0.2946298984034831,-0.010362059712753937,0.3213935230618251,-0.005767583335140709
