Training error,Training violation,Test error,Test violation
0.2639090469279146,-0.0032338913762897073,0.34494602551521064,0.028683124297927052
,,,
0.2639090469279146,-0.0032338913762897073,0.34494602551521064,0.028683124297927052
