Training error,Training violation,Test error,Test violation
0.27044025157232704,0.03338573097138409,0.32433758586849853,0.055449127772063345
,,,
0.27044025157232704,0.03338573097138409,0.32433758586849853,0.055449127772063345
