Training error,Training violation,Test error,Test violation
0.2897919690372521,-0.007158370571888617,0.3194308145240432,-0.0035283241883363736
,,,
0.2897919690372521,-0.007158370571888617,0.3194308145240432,-0.0035283241883363736
