Training error,Training violation,Test error,Test violation
0.28906627963231746,-0.007065185626006335,0.3174681059862612,-0.007041195861979269
,,,
0.28906627963231746,-0.007065185626006335,0.3174681059862612,-0.007041195861979269
