Training error,Training violation,Test error,Test violation
0.2612481857764876,-0.008049572000148773,0.33660451422963683,0.018437074375687864
,,,
0.2612481857764876,-0.008049572000148773,0.33660451422963683,0.018437074375687864
