Training error,Training violation,Test error,Test violation
0.3132559264634736,-0.00809912008969138,0.3169774288518155,-0.012306708017957413
,,,
0.3132559264634736,-0.00809912008969138,0.3169774288518155,-0.012306708017957413
