Training error,Training violation,Test error,Test violation
0.2597968069666182,-0.008084508052560889,0.3341511285574092,0.023307495155341692
,,,
0.2597968069666182,-0.008084508052560889,0.3341511285574092,0.023307495155341692
