Training error,Training violation,Test error,Test violation
0.25665215287856796,0.044787813899162865,0.3228655544651619,0.06724613137690583
,,,
0.25665215287856796,0.044787813899162865,0.3228655544651619,0.06724613137690583
