Training error,Training violation,Test error,Test violation
0.2595549104983067,-0.000704433026392004,0.32630029440628067,0.01287192106095647
,,,
0.2595549104983067,-0.000704433026392004,0.32630029440628067,0.01287192106095647
