Training error,Training violation,Test error,Test violation
0.23206547905633124,-0.0023685124439876137,0.3601570166830226,0.000609967685267554
,,,
0.23206547905633124,-0.0023685124439876137,0.3601570166830226,0.000609967685267554
