Training error,Training violation,Test error,Test violation
0.25810353168843736,0.049631594315748484,0.33415112855740925,0.07483941117747461
,,,
0.25810353168843736,0.049631594315748484,0.33415112855740925,0.07483941117747461
