Training error,Training violation,Test error,Test violation
0.26245766811804555,-0.011494957518822903,0.3405299313052012,0.0018873755665921314
,,,
0.26245766811804555,-0.011494957518822903,0.3405299313052012,0.0018873755665921314
