Training error,Training violation,Test error,Test violation
0.26850507982583455,0.05046379209655438,0.33169774288518156,0.07175152159211673
,,,
0.26850507982583455,0.05046379209655438,0.33169774288518156,0.07175152159211673
