Training error,Training violation,Test error,Test violation
0.26753749395258836,-0.005413178898189709,0.3370951913640825,0.032030626954675186
,,,
0.26753749395258836,-0.005413178898189709,0.3370951913640825,0.032030626954675186
