Training error,Training violation,Test error,Test violation
0.23235294117647054,-6.071532165918825e-18,0.3559720121521793,0.004398464074826583
,,,
0.23235294117647054,-6.071532165918825e-18,0.3559720121521793,0.004398464074826583
