Training error,Training violation,Test error,Test violation
0.264392839864538,0.03642544286548566,0.3307163886162905,0.07973786751682599
,,,
0.264392839864538,0.03642544286548566,0.3307163886162905,0.07973786751682599
