Training error,Training violation,Test error,Test violation
0.23779775589804272,0.0,0.3437158517119122,-0.00607837873740244
,,,
0.23779775589804272,0.0,0.3437158517119122,-0.00607837873740244
