Training error,Training violation,Test error,Test violation
0.2631833575229802,-0.014928719826143303,0.3385672227674191,0.002380275847175928
,,,
0.2631833575229802,-0.014928719826143303,0.3385672227674191,0.002380275847175928
