Training error,Training violation,Test error,Test violation
0.26028059990324387,-0.012623126338329856,0.33660451422964005,0.015089571718939794
,,,
0.26028059990324387,-0.012623126338329856,0.33660451422964005,0.015089571718939794
