Training error,Training violation,Test error,Test violation
0.2610062893081762,-0.003672204185950158,0.33366045142296386,0.027854938710099045
,,,
0.2610062893081762,-0.003672204185950158,0.33366045142296386,0.027854938710099045
