Training error,Training violation,Test error,Test violation
0.2968069666182873,-0.006961261436636112,0.3292443572129538,-0.00809735158675595
,,,
0.2968069666182873,-0.006961261436636112,0.3292443572129538,-0.00809735158675595
