Training error,Training violation,Test error,Test violation
0.3018867924528301,-0.010536806393164786,0.3238469087340529,-0.008636058036392112
,,,
0.3018867924528301,-0.010536806393164786,0.3238469087340529,-0.008636058036392112
