Training error,Training violation,Test error,Test violation
0.23217726396917146,-0.0032500339535515006,0.36997055937193324,0.01544275521047944
,,,
0.23217726396917146,-0.0032500339535515006,0.36997055937193324,0.01544275521047944
