Training error,Training violation,Test error,Test violation
0.3055152394775036,-0.011221247496028151,0.32973503434739937,-0.017095089895681977
,,,
0.3055152394775036,-0.011221247496028151,0.32973503434739937,-0.017095089895681977
