Training error,Training violation,Test error,Test violation
0.23291626564003856,-0.0022149760964457203,0.3537782139352307,0.009383956461533451
,,,
0.23291626564003856,-0.0022149760964457203,0.3537782139352307,0.009383956461533451
