Training error,Training violation,Test error,Test violation
0.22195763744268257,-2.168404344971009e-19,0.3508716618695025,-0.00084359860674389
,,,
0.22195763744268257,-2.168404344971009e-19,0.3508716618695025,-0.00084359860674389
