Training error,Training violation,Test error,Test violation
0.3021286889211418,-0.004604186481474649,0.3204121687929343,-0.0001827192088313945
,,,
0.3021286889211418,-0.004604186481474649,0.3204121687929343,-0.0001827192088313945
