Training error,Training violation,Test error,Test violation
0.2622157716497339,0.03473914736227357,0.32728164867517173,0.07170946825257007
,,,
0.2622157716497339,0.03473914736227357,0.32728164867517173,0.07170946825257007
