Training error,Training violation,Test error,Test violation
0.2561683599419449,-0.010455244658636233,0.34494602551521103,0.01582635759356388
,,,
0.2561683599419449,-0.010455244658636233,0.34494602551521103,0.01582635759356388
