Training error,Training violation,Test error,Test violation
0.26269956458635707,-0.000819057815845903,0.3287536800785084,0.029581398784999442
,,,
0.26269956458635707,-0.000819057815845903,0.3287536800785084,0.029581398784999442
