Training error,Training violation,Test error,Test violation
0.25882922109337214,-0.011034811185912879,0.3380765456329737,0.008422601965141111
,,,
0.25882922109337214,-0.011034811185912879,0.3380765456329737,0.008422601965141111
