Training error,Training violation,Test error,Test violation
0.2672955974842767,-0.0013597164733450962,0.32728164867517173,0.019510855255057247
,,,
0.2672955974842767,-0.0013597164733450962,0.32728164867517173,0.019510855255057247
