Training error,Training violation,Test error,Test violation
0.26511852926947294,-0.0026208016960590527,0.33218842001962745,0.00937886312867332
,,,
0.26511852926947294,-0.0026208016960590527,0.33218842001962745,0.00937886312867332
