Training error,Training violation,Test error,Test violation
0.2624576681180455,-0.006404057364201021,0.331207065750736,0.010885847914665736
,,,
0.2624576681180455,-0.006404057364201021,0.331207065750736,0.010885847914665736
