Training error,Training violation,Test error,Test violation
0.3159167876149006,-0.010271797174297596,0.32041216879293405,-0.01629291461536796
,,,
0.3159167876149006,-0.010271797174297596,0.32041216879293405,-0.01629291461536796
