Training error,Training violation,Test error,Test violation
0.30745041122399613,-0.010563041641649118,0.3223748773307164,-0.017254765880847622
,,,
0.30745041122399613,-0.010563041641649118,0.3223748773307164,-0.017254765880847622
