Training error,Training violation,Test error,Test violation
0.2549588776003868,-0.009904769368919477,0.33513248282630004,0.009859788761413127
,,,
0.2549588776003868,-0.009904769368919477,0.33513248282630004,0.009859788761413127
