Training error,Training violation,Test error,Test violation
0.2595549104983066,-0.0022159818491931374,0.3316977428851814,0.011445162549610694
,,,
0.2595549104983066,-0.0022159818491931374,0.3316977428851814,0.011445162549610694
