Training error,Training violation,Test error,Test violation
0.2687469762941461,0.06212964765427298,0.32630029440628067,0.08575215807509362
,,,
0.2687469762941461,0.06212964765427298,0.32630029440628067,0.08575215807509362
