Training error,Training violation,Test error,Test violation
0.25326560232220596,-0.011264884352367938,0.3415112855740921,0.009215391789021529
,,,
0.25326560232220596,-0.011264884352367938,0.3415112855740921,0.009215391789021529
