Training error,Training violation,Test error,Test violation
0.2600387034349299,-0.008763104340572038,0.3316977428851816,-0.0003285653938902567
,,,
0.2600387034349299,-0.008763104340572038,0.3316977428851816,-0.0003285653938902567
