Training error,Training violation,Test error,Test violation
0.26581380581901604,-1.5612511283791264e-17,0.32550306292839115,0.02320840932354752
,,,
0.26581380581901604,-1.5612511283791264e-17,0.32550306292839115,0.02320840932354752
