Training error,Training violation,Test error,Test violation
0.30890179003386553,-0.008369974123410562,0.3258096172718351,-0.010394391550456628
,,,
0.30890179003386553,-0.008369974123410562,0.3258096172718351,-0.010394391550456628
