Training error,Training violation,Test error,Test violation
0.26390904692791484,0.0346763675296865,0.3366045142296369,0.06550565352215654
,,,
0.26390904692791484,0.0346763675296865,0.3366045142296369,0.06550565352215654
