Training error,Training violation,Test error,Test violation
0.2612481857764877,0.03959704107455708,0.33022571148184493,0.06323193174477792
,,,
0.2612481857764877,0.03959704107455708,0.33022571148184493,0.06323193174477792
