Training error,Training violation,Test error,Test violation
0.2634252539912918,-0.0015344631537559388,0.3316977428851816,0.017973919352302862
,,,
0.2634252539912918,-0.0015344631537559388,0.3316977428851816,0.017973919352302862
