Training error,Training violation,Test error,Test violation
0.30769230769230776,-0.008099120089691382,0.3297350343473995,-0.01199115140211238
,,,
0.30769230769230776,-0.008099120089691382,0.3297350343473995,-0.01199115140211238
