Training error,Training violation,Test error,Test violation
0.24155809886851531,6.505213034913027e-19,0.35160614611156327,0.0053256008596967025
,,,
0.24155809886851531,6.505213034913027e-19,0.35160614611156327,0.0053256008596967025
