Training error,Training violation,Test error,Test violation
0.2597968069666183,0.04218610083706442,0.323846908734053,0.05561061638451148
,,,
0.2597968069666183,0.04218610083706442,0.323846908734053,0.05561061638451148
