Training error,Training violation,Test error,Test violation
0.26149008224479925,-0.005588572855617202,0.3361138370951914,0.009770013695749702
,,,
0.26149008224479925,-0.005588572855617202,0.3361138370951914,0.009770013695749702
