Training error,Training violation,Test error,Test violation
0.2614511931665327,-2.4936649967166602e-18,0.3256685658560781,0.018578762314834525
,,,
0.2614511931665327,-2.4936649967166602e-18,0.3256685658560781,0.018578762314834525
