Training error,Training violation,Test error,Test violation
0.26100628930817604,-0.015840311688035565,0.32777232580961724,0.012612307989566248
,,,
0.26100628930817604,-0.015840311688035565,0.32777232580961724,0.012612307989566248
