Training error,Training violation,Test error,Test violation
0.23937146043484434,-1.3010426069826053e-18,0.357279818369225,-0.004420257729828416
,,,
0.23937146043484434,-1.3010426069826053e-18,0.357279818369225,-0.004420257729828416
