Training error,Training violation,Test error,Test violation
0.26318335752298017,0.055516351956394816,0.32728164867517173,0.0625792525492469
,,,
0.26318335752298017,0.055516351956394816,0.32728164867517173,0.0625792525492469
