Training error,Training violation,Test error,Test violation
0.26294146105466865,-0.006462306257671304,0.330225711481845,0.0255952347125692
,,,
0.26294146105466865,-0.006462306257671304,0.330225711481845,0.0255952347125692
