Training error,Training violation,Test error,Test violation
0.3038219641993228,-0.007129279334328723,0.3174681059862612,-0.002420080678392612
,,,
0.3038219641993228,-0.007129279334328723,0.3174681059862612,-0.002420080678392612
