Training error,Training violation,Test error,Test violation
0.22458917552884422,2.6020852139652106e-18,0.3476400068298116,0.004761643660292586
,,,
0.22458917552884422,2.6020852139652106e-18,0.3476400068298116,0.004761643660292586
