Training error,Training violation,Test error,Test violation
0.26342525399129224,-0.0077757955590033335,0.3380765456329742,0.023117970983195724
,,,
0.26342525399129224,-0.0077757955590033335,0.3380765456329742,0.023117970983195724
