Training error,Training violation,Test error,Test violation
0.3098693759071117,-0.009202926658200548,0.3164867517173699,-0.009434437962219986
,,,
0.3098693759071117,-0.009202926658200548,0.3164867517173699,-0.009434437962219986
