Training error,Training violation,Test error,Test violation
0.264392839864538,0.0433716176756862,0.3366045142296369,0.05728773008575472
,,,
0.264392839864538,0.0433716176756862,0.3366045142296369,0.05728773008575472
