Training error,Training violation,Test error,Test violation
0.3142235123367199,-0.01321333308537143,0.3189401373895977,-0.013895877160641116
,,,
0.3142235123367199,-0.01321333308537143,0.3189401373895977,-0.013895877160641116
