Training error,Training violation,Test error,Test violation
0.2653604257377841,-0.007816576426267648,0.3424926398429832,0.011320967378353083
,,,
0.2653604257377841,-0.007816576426267648,0.3424926398429832,0.011320967378353083
