Training error,Training violation,Test error,Test violation
0.2878567972907595,-0.00574877391724815,0.332188420019627,0.0004082204807340783
,,,
0.2878567972907595,-0.00574877391724815,0.332188420019627,0.0004082204807340783
