Training error,Training violation,Test error,Test violation
0.276003870343493,0.05566867821685806,0.3228655544651619,0.07414467864239693
,,,
0.276003870343493,0.05566867821685806,0.3228655544651619,0.07414467864239693
