Training error,Training violation,Test error,Test violation
0.24101068999028183,0.0016169154228854456,0.3606476938174681,-0.0038007599909830603
,,,
0.24101068999028183,0.0016169154228854456,0.3606476938174681,-0.0038007599909830603
