Training error,Training violation,Test error,Test violation
0.24106440139975588,3.2526065174565133e-19,0.3414707962752297,0.0029274506702554183
,,,
0.24106440139975588,3.2526065174565133e-19,0.3414707962752297,0.0029274506702554183
