Training error,Training violation,Test error,Test violation
0.2277015872353994,2.168404344971009e-18,0.3542547778187642,-0.0030443766655055366
,,,
0.2277015872353994,2.168404344971009e-18,0.3542547778187642,-0.0030443766655055366
