Training error,Training violation,Test error,Test violation
0.26753749395258825,-0.001982986275312015,0.31550539744847883,0.015061536159241882
,,,
0.26753749395258825,-0.001982986275312015,0.31550539744847883,0.015061536159241882
