Training error,Training violation,Test error,Test violation
0.3011611030478956,-0.00823016349541195,0.3316977428851817,-0.0036974885597171898
,,,
0.3011611030478956,-0.00823016349541195,0.3316977428851817,-0.0036974885597171898
