Training error,Training violation,Test error,Test violation
0.245083932853717,-0.0015954965479754166,0.3503434739941118,0.0017188355392393493
,,,
0.245083932853717,-0.0015954965479754166,0.3503434739941118,0.0017188355392393493
