Training error,Training violation,Test error,Test violation
0.23514972999509082,0.0038468399798899933,0.3621197252208047,0.0055485371619423685
,,,
0.23514972999509082,0.0038468399798899933,0.3621197252208047,0.0055485371619423685
