Training error,Training violation,Test error,Test violation
0.262215771649734,-0.0006526182596846565,0.32286555446516196,0.028233987054390848
,,,
0.262215771649734,-0.0006526182596846565,0.32286555446516196,0.028233987054390848
