Training error,Training violation,Test error,Test violation
0.2621435838473707,-7.15573433840433e-18,0.3295766294570854,0.02739371040810114
,,,
0.2621435838473707,-7.15573433840433e-18,0.3295766294570854,0.02739371040810114
