Training error,Training violation,Test error,Test violation
0.3033381712626996,-0.0035336772435272668,0.3267909715407262,-0.007634196563370832
,,,
0.3033381712626996,-0.0035336772435272668,0.3267909715407262,-0.007634196563370832
