Training error,Training violation,Test error,Test violation
0.29438800193517173,-0.00964560496490452,0.33022571148184493,-0.005611702704461097
,,,
0.29438800193517173,-0.00964560496490452,0.33022571148184493,-0.005611702704461097
