Training error,Training violation,Test error,Test violation
0.2253999030538052,-0.0002706786306440057,0.3459273797841021,-0.009126472055347114
,,,
0.2253999030538052,-0.0002706786306440057,0.3459273797841021,-0.009126472055347114
