Training error,Training violation,Test error,Test violation
0.26681180454765374,-0.0005207319447149141,0.3302257114818451,0.016205405937855806
,,,
0.26681180454765374,-0.0005207319447149141,0.3302257114818451,0.016205405937855806
