Training error,Training violation,Test error,Test violation
0.2663280116110305,0.04752919992213356,0.32482826300294404,0.0656531243547559
,,,
0.2663280116110305,0.04752919992213356,0.32482826300294404,0.0656531243547559
