Training error,Training violation,Test error,Test violation
0.2624576681180455,-0.010353292490475674,0.33709519136408245,0.016394930110001704
,,,
0.2624576681180455,-0.010353292490475674,0.33709519136408245,0.016394930110001704
