Training error,Training violation,Test error,Test violation
0.25834542815674894,0.02640500291999215,0.33464180569185475,0.04518906006997514
,,,
0.25834542815674894,0.02640500291999215,0.33464180569185475,0.04518906006997514
