Training error,Training violation,Test error,Test violation
0.2552007740686988,-0.013551136816488793,0.33807654563297374,0.019988028058291266
,,,
0.2552007740686988,-0.013551136816488793,0.33807654563297374,0.019988028058291266
