Training error,Training violation,Test error,Test violation
0.29535558780841803,-0.006662935565505236,0.32237487733071646,0.007047154674834856
,,,
0.29535558780841803,-0.006662935565505236,0.32237487733071646,0.007047154674834856
