Training error,Training violation,Test error,Test violation
0.3093855829704886,-0.01203380959718603,0.32924435721295386,-0.013584115899282101
,,,
0.3093855829704886,-0.01203380959718603,0.32924435721295386,-0.013584115899282101
