Training error,Training violation,Test error,Test violation
0.29390420899854863,-0.007047717599800274,0.3199214916584887,-0.012624162311045573
,,,
0.29390420899854863,-0.007047717599800274,0.3199214916584887,-0.012624162311045573
