Training error,Training violation,Test error,Test violation
0.3139816158684083,-0.014416001557329246,0.32237487733071635,-0.017258561235333755
,,,
0.3139816158684083,-0.014416001557329246,0.32237487733071635,-0.017258561235333755
