Training error,Training violation,Test error,Test violation
0.3093855829704886,-0.010496025525900454,0.3223748773307164,-0.010225227179075702
,,,
0.3093855829704886,-0.010496025525900454,0.3223748773307164,-0.010225227179075702
