Training error,Training violation,Test error,Test violation
0.3023705853894534,-0.0067768635660808724,0.3189401373895977,-0.006564065583725577
,,,
0.3023705853894534,-0.0067768635660808724,0.3189401373895977,-0.006564065583725577
