Training error,Training violation,Test error,Test violation
0.31204644412191584,-0.00897285349174548,0.3253189401373896,-0.015819579691600305
,,,
0.31204644412191584,-0.00897285349174548,0.3253189401373896,-0.015819579691600305
