Training error,Training violation,Test error,Test violation
0.27237542331881953,0.056050223866069726,0.34003925417075564,0.0677513397398376
,,,
0.27237542331881953,0.056050223866069726,0.34003925417075564,0.0677513397398376
