Training error,Training violation,Test error,Test violation
0.26191140882456815,-3.198396408832238e-18,0.32310819891421805,0.028221046163896275
,,,
0.26191140882456815,-3.198396408832238e-18,0.32310819891421805,0.028221046163896275
