Training error,Training violation,Test error,Test violation
0.3064828253507499,-0.010289265200503772,0.3253189401373896,-0.017887776789780707
,,,
0.3064828253507499,-0.010289265200503772,0.3253189401373896,-0.017887776789780707
