Training error,Training violation,Test error,Test violation
0.26584421867440733,-0.003998384705713676,0.34249263984298334,0.006023769762952935
,,,
0.26584421867440733,-0.003998384705713676,0.34249263984298334,0.006023769762952935
