Training error,Training violation,Test error,Test violation
0.23449612403100759,-0.0016845565701419918,0.3459273797841018,0.0033065858939459437
,,,
0.23449612403100759,-0.0016845565701419918,0.3459273797841018,0.0033065858939459437
