Training error,Training violation,Test error,Test violation
0.2614900822447993,-0.01671112268266384,0.3415112855740923,0.020858266985665844
,,,
0.2614900822447993,-0.01671112268266384,0.3415112855740923,0.020858266985665844
