Training error,Training violation,Test error,Test violation
0.2614900822447992,-0.009191237028496222,0.3405299313052011,0.004274924635103704
,,,
0.2614900822447992,-0.009191237028496222,0.3405299313052011,0.004274924635103704
