Training error,Training violation,Test error,Test violation
0.31253023705853894,-0.011506647148527338,0.323846908734053,-0.013418746882387422
,,,
0.31253023705853894,-0.011506647148527338,0.323846908734053,-0.013418746882387422
