Training error,Training violation,Test error,Test violation
0.2965650701499757,-0.0026878178118076015,0.3253189401373895,-0.0054520267192955645
,,,
0.2965650701499757,-0.0026878178118076015,0.3253189401373895,-0.0054520267192955645
