Training error,Training violation,Test error,Test violation
0.30406386066763424,-0.005888584545246767,0.3277723258096173,-0.005294248411373159
,,,
0.30406386066763424,-0.005888584545246767,0.3277723258096173,-0.005294248411373159
