Training error,Training violation,Test error,Test violation
0.3074504112239962,-0.007560334429678963,0.3321884200196271,-0.01040198225942879
,,,
0.3074504112239962,-0.007560334429678963,0.3321884200196271,-0.01040198225942879
