Training error,Training violation,Test error,Test violation
0.25858732462506046,-0.002754767509205558,0.3297350343473994,0.015524691182627004
,,,
0.25858732462506046,-0.002754767509205558,0.3297350343473994,0.015524691182627004
