Training error,Training violation,Test error,Test violation
0.26366715045960337,-0.0039022773524051155,0.32286555446516196,0.024451364933955395
,,,
0.26366715045960337,-0.0039022773524051155,0.32286555446516196,0.024451364933955395
