Training error,Training violation,Test error,Test violation
0.26746511631861647,5.204170427930421e-18,0.3255873465663812,0.03938206397303105
,,,
0.26746511631861647,5.204170427930421e-18,0.3255873465663812,0.03938206397303105
