Training error,Training violation,Test error,Test violation
0.2341040462427745,-0.004693704873646175,0.35083415112855737,0.01752478210876651
,,,
0.2341040462427745,-0.004693704873646175,0.35083415112855737,0.01752478210876651
