Training error,Training violation,Test error,Test violation
0.2989840348330915,-0.010032956785564375,0.31943081452404326,-0.011187078444555356
,,,
0.2989840348330915,-0.010032956785564375,0.31943081452404326,-0.011187078444555356
