Training error,Training violation,Test error,Test violation
0.25858732462506046,0.037279540587891735,0.3356231599607458,0.06789881057243696
,,,
0.25858732462506046,0.037279540587891735,0.3356231599607458,0.06789881057243696
