Training error,Training violation,Test error,Test violation
0.2665699080793421,-0.003785779565464665,0.3341511285574093,0.01800195491200052
,,,
0.2665699080793421,-0.003785779565464665,0.3341511285574093,0.01800195491200052
