Training error,Training violation,Test error,Test violation
0.2513240250361098,0.0060132559974221955,0.3361138370951914,0.008407523476978485
,,,
0.2513240250361098,0.0060132559974221955,0.3361138370951914,0.008407523476978485
