Training error,Training violation,Test error,Test violation
0.30720851475568345,-0.00807280513918626,0.33513248282629915,-0.007371933895768819
,,,
0.30720851475568345,-0.00807280513918626,0.33513248282629915,-0.007371933895768819
