Training error,Training violation,Test error,Test violation
0.26197387518142234,-0.007404126922328169,0.331207065750736,0.032423693078815874
,,,
0.26197387518142234,-0.007404126922328169,0.331207065750736,0.032423693078815874
