Training error,Training violation,Test error,Test violation
0.28930817610062903,-0.01131151003448439,0.321884200196271,-0.005607907349975075
,,,
0.28930817610062903,-0.01131151003448439,0.321884200196271,-0.005607907349975075
