Training error,Training violation,Test error,Test violation
0.26149008224479897,-0.016030270585945177,0.34249263984298295,0.02555318137302262
,,,
0.26149008224479897,-0.016030270585945177,0.34249263984298295,0.02555318137302262
