Training error,Training violation,Test error,Test violation
0.2581035316884387,-0.010099906482962492,0.3420019627085395,0.008177006673599815
,,,
0.2581035316884387,-0.010099906482962492,0.3420019627085395,0.008177006673599815
