Training error,Training violation,Test error,Test violation
0.26536042573778434,-0.009287344381804567,0.33611383709519155,0.009510400624359486
,,,
0.26536042573778434,-0.009287344381804567,0.33611383709519155,0.009510400624359486
