Training error,Training violation,Test error,Test violation
0.21986817325800373,7.060866648311848e-18,0.35522743851992344,0.011465460997489463
,,,
0.21986817325800373,7.060866648311848e-18,0.35522743851992344,0.011465460997489463
