Training error,Training violation,Test error,Test violation
0.26898887276245764,-0.006127603659723535,0.3228655544651619,0.020149516670739387
,,,
0.26898887276245764,-0.006127603659723535,0.3228655544651619,0.020149516670739387
