Training error,Training violation,Test error,Test violation
0.2221669980119285,-0.0026503821867731596,0.34887144259077535,-0.007200871847144798
,,,
0.2221669980119285,-0.0026503821867731596,0.34887144259077535,-0.007200871847144798
