Training error,Training violation,Test error,Test violation
0.2672955974842767,0.04852783725910059,0.33218842001962706,0.0721726232759552
,,,
0.2672955974842767,0.04852783725910059,0.33218842001962706,0.0721726232759552
