Training error,Training violation,Test error,Test violation
0.29874213836477986,-0.005862349296762548,0.3258096172718351,-0.013257173219978768
,,,
0.29874213836477986,-0.005862349296762548,0.3258096172718351,-0.013257173219978768
