Training error,Training violation,Test error,Test violation
0.3072085147556845,-0.009572810452654344,0.32580961727183505,-0.01342633759135969
,,,
0.3072085147556845,-0.009572810452654344,0.32580961727183505,-0.01342633759135969
