Training error,Training violation,Test error,Test violation
0.2716800467391808,0.003017651340853634,0.33220965715293604,0.014038519641544206
,,,
0.2716800467391808,0.003017651340853634,0.33220965715293604,0.014038519641544206
