Training error,Training violation,Test error,Test violation
0.30962747943880015,-0.011567818449423782,0.31844946025515203,-0.016927823201544175
,,,
0.30962747943880015,-0.011567818449423782,0.31844946025515203,-0.016927823201544175
