Training error,Training violation,Test error,Test violation
0.25858732462506034,-0.011363914113102442,0.3307163886162903,0.013987755279872387
,,,
0.25858732462506034,-0.011363914113102442,0.3307163886162903,0.013987755279872387
