Training error,Training violation,Test error,Test violation
0.3108369617803578,-0.010871754135206572,0.3282630029440626,-0.008482075082955615
,,,
0.3108369617803578,-0.010871754135206572,0.3282630029440626,-0.008482075082955615
