Training error,Training violation,Test error,Test violation
0.26705370101596515,0.04434348841736413,0.33022571148184493,0.062130115305710665
,,,
0.26705370101596515,0.04434348841736413,0.33022571148184493,0.062130115305710665
