Training error,Training violation,Test error,Test violation
0.2576197387518143,-0.012272583567568668,0.3287536800785085,0.016844067353537835
,,,
0.2576197387518143,-0.012272583567568668,0.3287536800785085,0.016844067353537835
