Training error,Training violation,Test error,Test violation
0.26415094339622636,-0.0016713513743285,0.33807654563297346,0.013199700709189075
,,,
0.26415094339622636,-0.0016713513743285,0.33807654563297346,0.013199700709189075
