Training error,Training violation,Test error,Test violation
0.2600387034349298,-0.0027955483764698914,0.32826300294406274,0.025104044129486407
,,,
0.2600387034349298,-0.0027955483764698914,0.32826300294406274,0.025104044129486407
