Training error,Training violation,Test error,Test violation
0.30672472181906146,-0.012071668057024088,0.3307163886162905,-0.012945411958619868
,,,
0.30672472181906146,-0.012071668057024088,0.3307163886162905,-0.012945411958619868
