Training error,Training violation,Test error,Test violation
0.2568940493468793,-0.0046564142495619755,0.3253189401373893,0.01840903881599008
,,,
0.2568940493468793,-0.0046564142495619755,0.3253189401373893,0.01840903881599008
