Training error,Training violation,Test error,Test violation
0.25376375726799905,1.6263032587282567e-19,0.34318273861625226,-0.010672658882777745
,,,
0.25376375726799905,1.6263032587282567e-19,0.34318273861625226,-0.010672658882777745
