Training error,Training violation,Test error,Test violation
0.2614900822447994,-0.011381382139308512,0.3390578999018648,0.013728142208482183
,,,
0.2614900822447994,-0.011381382139308512,0.3390578999018648,0.013728142208482183
