Training error,Training violation,Test error,Test violation
0.26342525399129174,0.03225520731944709,0.3267909715407262,0.0527122509712995
,,,
0.26342525399129174,0.03225520731944709,0.3267909715407262,0.0527122509712995
