Training error,Training violation,Test error,Test violation
0.26463473633284945,-0.00022873272337942108,0.32286555446516174,0.033307949786039334
,,,
0.26463473633284945,-0.00022873272337942108,0.32286555446516174,0.033307949786039334
