Training error,Training violation,Test error,Test violation
0.26390904692791484,-0.007675686198170162,0.3277723258096173,0.022030172323977304
,,,
0.26390904692791484,-0.007675686198170162,0.3277723258096173,0.022030172323977304
