Training error,Training violation,Test error,Test violation
0.2619738751814223,-0.010452322251210176,0.3316977428851815,0.019117789130916548
,,,
0.2619738751814223,-0.010452322251210176,0.3316977428851815,0.019117789130916548
