Training error,Training violation,Test error,Test violation
0.25834542815674894,-0.018650804193388937,0.35034347399411186,0.027812885370552376
,,,
0.25834542815674894,-0.018650804193388937,0.35034347399411186,0.027812885370552376
