Training error,Training violation,Test error,Test violation
0.30019351717464926,-0.006086644066715996,0.33464180569185475,-0.011200362185256774
,,,
0.30019351717464926,-0.006086644066715996,0.33464180569185475,-0.011200362185256774
