Training error,Training violation,Test error,Test violation
0.31180454765360416,-0.009840742078947468,0.32237487733071624,-0.013418746882387417
,,,
0.31180454765360416,-0.009840742078947468,0.32237487733071624,-0.013418746882387417
