Training error,Training violation,Test error,Test violation
0.25810353168843736,0.03134611641035623,0.338567222767419,0.06569517769430244
,,,
0.25810353168843736,0.03134611641035623,0.338567222767419,0.06569517769430244
