Training error,Training violation,Test error,Test violation
0.21917170777105624,-0.0021941152228744927,0.36702649656526,-0.006737025309592524
,,,
0.21917170777105624,-0.0021941152228744927,0.36702649656526,-0.006737025309592524
