Training error,Training violation,Test error,Test violation
0.23508236624209666,0.0,0.3380007029455569,0.002450730715268928
,,,
0.23508236624209666,0.0,0.3380007029455569,0.002450730715268928
