Training error,Training violation,Test error,Test violation
0.27160999483961,1.7265919596831658e-17,0.3330877606803813,0.030997166489698663
,,,
0.27160999483961,1.7265919596831658e-17,0.3330877606803813,0.030997166489698663
