Training error,Training violation,Test error,Test violation
0.2578616352201258,0.03995814677827525,0.3336604514229637,0.06657943440152603
,,,
0.2578616352201258,0.03995814677827525,0.3336604514229637,0.06657943440152603
