Training error,Training violation,Test error,Test violation
0.30478955007256886,-0.013679324233133781,0.31697742885181546,-0.015013609056800268
,,,
0.30478955007256886,-0.013679324233133781,0.31697742885181546,-0.015013609056800268
