Training error,Training violation,Test error,Test violation
0.2631833575229805,-0.005102191274222852,0.33562315996074626,0.012882246416100935
,,,
0.2631833575229805,-0.005102191274222852,0.33562315996074626,0.012882246416100935
