Training error,Training violation,Test error,Test violation
0.260522496371553,-0.00556818242198498,0.32433758586849853,0.015524691182627004
,,,
0.260522496371553,-0.00556818242198498,0.32433758586849853,0.015524691182627004
