Training error,Training violation,Test error,Test violation
0.26777939042089993,-0.007467083065445969,0.3233562315996075,0.018626598547833776
,,,
0.26777939042089993,-0.007467083065445969,0.3233562315996075,0.018626598547833776
