Training error,Training violation,Test error,Test violation
0.26124818577648756,-0.007292336385035234,0.3297350343473993,0.00884370364897968
,,,
0.26124818577648756,-0.007292336385035234,0.3297350343473993,0.00884370364897968
