Training error,Training violation,Test error,Test violation
0.31204644412191584,-0.00897285349174548,0.3179587831207066,-0.009278557331540482
,,,
0.31204644412191584,-0.00897285349174548,0.3179587831207066,-0.009278557331540482
