Training error,Training violation,Test error,Test violation
0.2871311078858248,-0.008803885207836369,0.32531894013738955,-0.0051231863627491095
,,,
0.2871311078858248,-0.008803885207836369,0.32531894013738955,-0.0051231863627491095
