Training error,Training violation,Test error,Test violation
0.29970972423802605,-0.008096197682265214,0.32679097154072617,-0.013199349878102114
,,,
0.29970972423802605,-0.008096197682265214,0.32679097154072617,-0.013199349878102114
