Training error,Training violation,Test error,Test violation
0.2868892114175137,-0.007566112826180594,0.32630029440628117,-0.0025759613090720096
,,,
0.2868892114175137,-0.007566112826180594,0.32630029440628117,-0.0025759613090720096
