Training error,Training violation,Test error,Test violation
0.2395096115136876,-2.547320159742905e-19,0.3393533649352774,0.0036343057307464035
,,,
0.2395096115136876,-2.547320159742905e-19,0.3393533649352774,0.0036343057307464035
