Training error,Training violation,Test error,Test violation
0.26197387518142234,-0.004251770713226799,0.32728164867517173,0.003510127845940847
,,,
0.26197387518142234,-0.004251770713226799,0.32728164867517173,0.003510127845940847
