Training error,Training violation,Test error,Test violation
0.26076439283986524,-0.01661501532935532,0.33169774288518244,0.010829776795270337
,,,
0.26076439283986524,-0.01661501532935532,0.33169774288518244,0.010829776795270337
