Training error,Training violation,Test error,Test violation
0.3144654088050312,-0.012272649985919362,0.32335623159960725,-0.022358704374417213
,,,
0.3144654088050312,-0.012272649985919362,0.32335623159960725,-0.022358704374417213
