Training error,Training violation,Test error,Test violation
0.23470839260312945,-0.003476283300844707,0.3572129538763494,0.009367477065215124
,,,
0.23470839260312945,-0.003476283300844707,0.3572129538763494,0.009367477065215124
