Training error,Training violation,Test error,Test violation
0.25931301402999524,-0.003474144664481039,0.3341511285574093,0.002625871138717262
,,,
0.25931301402999524,-0.003474144664481039,0.3341511285574093,0.002625871138717262
