Training error,Training violation,Test error,Test violation
0.30914368650217877,-0.012951246273930588,0.3243375858685003,-0.015823375046086528
,,,
0.30914368650217877,-0.012951246273930588,0.3243375858685003,-0.015823375046086528
