Training error,Training violation,Test error,Test violation
0.2597968069666183,0.03602978392057621,0.34151128557409227,0.06260728810894467
,,,
0.2597968069666183,0.03602978392057621,0.34151128557409227,0.06260728810894467
