Training error,Training violation,Test error,Test violation
0.2678759115222106,-9.502230717638431e-18,0.32418773320927613,0.014930282068990268
,,,
0.2678759115222106,-9.502230717638431e-18,0.32418773320927613,0.014930282068990268
