Training error,Training violation,Test error,Test violation
0.2660861151427189,-0.007137980138256506,0.32924435721295386,0.02398820991057027
,,,
0.2660861151427189,-0.007137980138256506,0.32924435721295386,0.02398820991057027
