Training error,Training violation,Test error,Test violation
0.26390904692791484,0.03714765427292199,0.33022571148184493,0.04559614397396483
,,,
0.26390904692791484,0.03714765427292199,0.33022571148184493,0.04559614397396483
