Training error,Training violation,Test error,Test violation
0.2660861151427189,0.0479657387580299,0.3282630029440628,0.07262176051949132
,,,
0.2660861151427189,0.0479657387580299,0.3282630029440628,0.07262176051949132
