Training error,Training violation,Test error,Test violation
0.24616748081294454,0.010770939018386496,0.3492893065926197,0.015532431189760953
,,,
0.24616748081294454,0.010770939018386496,0.3492893065926197,0.015532431189760953
