Training error,Training violation,Test error,Test violation
0.26463473633284956,-0.0009345061928470733,0.3380765456329735,0.011089389866660637
,,,
0.26463473633284956,-0.0009345061928470733,0.3380765456329735,0.011089389866660637
