Training error,Training violation,Test error,Test violation
0.29898403483309144,-0.008600047289865631,0.3267909715407262,-0.014538376455789481
,,,
0.29898403483309144,-0.008600047289865631,0.3267909715407262,-0.014538376455789481
