Training error,Training violation,Test error,Test violation
0.26028059990324154,-0.006106968081997513,0.33954857703631025,0.01113150361100868
,,,
0.26028059990324154,-0.006106968081997513,0.33954857703631025,0.01113150361100868
