Training error,Training violation,Test error,Test violation
0.26971456216739237,0.054093829083122436,0.3297350343473994,0.06879708505950932
,,,
0.26971456216739237,0.054093829083122436,0.3297350343473994,0.06879708505950932
