Training error,Training violation,Test error,Test violation
0.301402999516207,-0.008637905749703799,0.32286555446516185,-0.012147032032791879
,,,
0.301402999516207,-0.008637905749703799,0.32286555446516185,-0.012147032032791879
