Training error,Training violation,Test error,Test violation
0.23966925422539634,1.6263032587282567e-19,0.36079076976695107,-0.0049079227224119466
,,,
0.23966925422539634,1.6263032587282567e-19,0.36079076976695107,-0.0049079227224119466
