Training error,Training violation,Test error,Test violation
0.26415094339622647,-0.005469152661250588,0.33120706575073605,0.008901732850419732
,,,
0.26415094339622647,-0.005469152661250588,0.33120706575073605,0.008901732850419732
