Training error,Training violation,Test error,Test violation
0.3079342041606191,-0.0110406560007652,0.3282630029440627,-0.010550272181136019
,,,
0.3079342041606191,-0.0110406560007652,0.3282630029440627,-0.010550272181136019
