Training error,Training violation,Test error,Test violation
0.20688007644529383,0.011979082910243743,0.35868498527968595,0.04634694762843794
,,,
0.20688007644529383,0.011979082910243743,0.35868498527968595,0.04634694762843794
