Training error,Training violation,Test error,Test violation
0.24743944494655457,0.007913700839454862,0.35078298791735035,0.007260686603107417
,,,
0.24743944494655457,0.007913700839454862,0.35078298791735035,0.007260686603107417
