Training error,Training violation,Test error,Test violation
0.30841799709724227,-0.0064536054537437364,0.3277723258096172,-0.005775174044112983
,,,
0.30841799709724227,-0.0064536054537437364,0.3277723258096172,-0.005775174044112983
