Training error,Training violation,Test error,Test violation
0.2302374669461988,-1.0842021724855044e-19,0.35666896816871274,0.0167763546950839
,,,
0.2302374669461988,-1.0842021724855044e-19,0.35666896816871274,0.0167763546950839
