Training error,Training violation,Test error,Test violation
0.30406386066763436,-0.006584648859464195,0.33071638861629066,-0.007524019171962108
,,,
0.30406386066763436,-0.006584648859464195,0.33071638861629066,-0.007524019171962108
