Training error,Training violation,Test error,Test violation
0.26850507982583455,0.04661232236714041,0.33464180569185475,0.06307044313232968
,,,
0.26850507982583455,0.04661232236714041,0.33464180569185475,0.06307044313232968
