Training error,Training violation,Test error,Test violation
0.2643928398645379,-0.0035808837843099833,0.3248282630029439,0.029104225981765527
,,,
0.2643928398645379,-0.0035808837843099833,0.3248282630029439,0.029104225981765527
