Training error,Training violation,Test error,Test violation
0.2622157716497339,0.02974304068522482,0.3267909715407262,0.05785630260219243
,,,
0.2622157716497339,0.02974304068522482,0.3267909715407262,0.05785630260219243
