Training error,Training violation,Test error,Test violation
0.25737784228350263,-0.010373682924107896,0.33169774288518156,0.021770559252587085
,,,
0.25737784228350263,-0.010373682924107896,0.33169774288518156,0.021770559252587085
