Training error,Training violation,Test error,Test violation
0.21653919694072662,-0.007732108317214716,0.3483807654563298,0.014682487814950188
,,,
0.21653919694072662,-0.007732108317214716,0.3483807654563298,0.014682487814950188
