Training error,Training violation,Test error,Test violation
0.264392839864538,-0.007676765798268925,0.3410206084396467,0.0177423418406103
,,,
0.264392839864538,-0.007676765798268925,0.3410206084396467,0.0177423418406103
