Training error,Training violation,Test error,Test violation
0.26149008224479925,0.03919505547985214,0.32482826300294404,0.07163937935332565
,,,
0.26149008224479925,0.03919505547985214,0.32482826300294404,0.07163937935332565
