Training error,Training violation,Test error,Test violation
0.2651185292694727,-0.01501751995328016,0.33366045142296374,0.01239474825772258
,,,
0.2651185292694727,-0.01501751995328016,0.33366045142296374,0.01239474825772258
