Training error,Training violation,Test error,Test violation
0.3084179970972425,-0.006931219812859716,0.31943081452404337,-0.005923463965820222
,,,
0.3084179970972425,-0.006931219812859716,0.31943081452404337,-0.005923463965820222
