Training error,Training violation,Test error,Test violation
0.2328300048709206,-0.00048717332325987073,0.34298331697742884,-0.0002865120543436017
,,,
0.2328300048709206,-0.00048717332325987073,0.34298331697742884,-0.0002865120543436017
