Training error,Training violation,Test error,Test violation
0.30793420416061934,-0.010364982120180005,0.3159960745829246,-0.010390596195970497
,,,
0.30793420416061934,-0.010364982120180005,0.3159960745829246,-0.010390596195970497
