Training error,Training violation,Test error,Test violation
0.30624092888243837,-0.007944763842912652,0.31844946025515214,-0.012785735973454119
,,,
0.30624092888243837,-0.007944763842912652,0.31844946025515214,-0.012785735973454119
