Training error,Training violation,Test error,Test violation
0.2948717948717948,-0.005191746155343679,0.3218842001962708,-0.007362445509553449
,,,
0.2948717948717948,-0.005191746155343679,0.3218842001962708,-0.007362445509553449
