Training error,Training violation,Test error,Test violation
0.2924528301886792,-0.010927080621250694,0.3233562315996074,-0.005134572426207517
,,,
0.2924528301886792,-0.010927080621250694,0.3233562315996074,-0.005134572426207517
