Training error,Training violation,Test error,Test violation
0.3026124818577655,-0.006896283760447611,0.33071638861629116,-0.004180311869700146
,,,
0.3026124818577655,-0.006896283760447611,0.33071638861629116,-0.004180311869700146
