Training error,Training violation,Test error,Test violation
0.262699564586357,-0.01587817014787385,0.3395485770363101,0.0042768223123468285
,,,
0.262699564586357,-0.01587817014787385,0.3395485770363101,0.0042768223123468285
