Training error,Training violation,Test error,Test violation
0.31035316884373493,-0.00879810681133464,0.3213935230618254,-0.013264763928950932
,,,
0.31035316884373493,-0.00879810681133464,0.3213935230618254,-0.013264763928950932
