Training error,Training violation,Test error,Test violation
0.23235717714834378,-0.006184734430170648,0.3527968596663396,-0.010230920210804852
,,,
0.23235717714834378,-0.006184734430170648,0.3527968596663396,-0.010230920210804852
