Training error,Training violation,Test error,Test violation
0.26221577164973403,-0.011401772572940732,0.342983316977429,0.01384030232709444
,,,
0.26221577164973403,-0.011401772572940732,0.342983316977429,0.01384030232709444
