Training error,Training violation,Test error,Test violation
0.26318335752298017,-0.0037268833949777314,0.3282630029440628,0.0073067677462250735
,,,
0.26318335752298017,-0.0037268833949777314,0.3282630029440628,0.0073067677462250735
