Training error,Training violation,Test error,Test violation
0.22628004923354253,6.505213034913027e-19,0.3670530844633155,-0.0025649615535672837
,,,
0.22628004923354253,6.505213034913027e-19,0.3670530844633155,-0.0025649615535672837
