Training error,Training violation,Test error,Test violation
0.248502486068879,1.3010426069826053e-18,0.34366525234528594,0.00801863495777439
,,,
0.248502486068879,1.3010426069826053e-18,0.34366525234528594,0.00801863495777439
