Training error,Training violation,Test error,Test violation
0.3050314465408804,-0.009004867136731539,0.31894013738959753,-0.008793836344314628
,,,
0.3050314465408804,-0.009004867136731539,0.31894013738959753,-0.008793836344314628
