Training error,Training violation,Test error,Test violation
0.2593130140299953,-0.004288981896048318,0.3326790971540728,0.023131988763044575
,,,
0.2593130140299953,-0.004288981896048318,0.3326790971540728,0.023131988763044575
