Training error,Training violation,Test error,Test violation
0.3091436865021771,-0.009473780691919844,0.3233562315996075,-0.01134865210696401
,,,
0.3091436865021771,-0.009473780691919844,0.3233562315996075,-0.01134865210696401
