Training error,Training violation,Test error,Test violation
0.3084179970972426,-0.00977086997412347,0.32286555446516213,-0.015342449413346625
,,,
0.3084179970972426,-0.00977086997412347,0.32286555446516213,-0.015342449413346625
