Training error,Training violation,Test error,Test violation
0.2234912508370096,0.009078046220998615,0.3651521109079889,0.00404391190847008
,,,
0.2234912508370096,0.009078046220998615,0.3651521109079889,0.00404391190847008
