Training error,Training violation,Test error,Test violation
0.24311263752250764,0.007895024006983834,0.34287832634332893,0.010192329626418433
,,,
0.24311263752250764,0.007895024006983834,0.34287832634332893,0.010192329626418433
