Training error,Training violation,Test error,Test violation
0.2555285662959761,5.963111948670274e-19,0.3344124826306909,0.018576096393510804
,,,
0.2555285662959761,5.963111948670274e-19,0.3344124826306909,0.018576096393510804
