Training error,Training violation,Test error,Test violation
0.2685050798258345,-0.005766241943454097,0.332188420019627,0.02226174983566997
,,,
0.2685050798258345,-0.005766241943454097,0.332188420019627,0.02226174983566997
