Training error,Training violation,Test error,Test violation
0.21145153189352084,-0.0011950408997954964,0.3606476938174681,0.01200168213358177
,,,
0.21145153189352084,-0.0011950408997954964,0.3606476938174681,0.01200168213358177
