Training error,Training violation,Test error,Test violation
0.26342525399129185,-0.011363914113102452,0.32826300294406296,0.01732124015677173
,,,
0.26342525399129185,-0.011363914113102452,0.32826300294406296,0.01732124015677173
