Training error,Training violation,Test error,Test violation
0.30769230769230793,-0.00697200068012394,0.3253189401373898,-0.008637955713635131
,,,
0.30769230769230793,-0.00697200068012394,0.3253189401373898,-0.008637955713635131
