Training error,Training violation,Test error,Test violation
0.3122883405902274,-0.008678686616968025,0.32286555446516196,-0.012304810340714404
,,,
0.3122883405902274,-0.008678686616968025,0.32286555446516196,-0.012304810340714404
