Training error,Training violation,Test error,Test violation
0.2639090469279148,-0.005100739731360714,0.3292443572129538,0.02688657532378235
,,,
0.2639090469279148,-0.005100739731360714,0.3292443572129538,0.02688657532378235
