Training error,Training violation,Test error,Test violation
0.26052249637155217,-0.0024809910680600933,0.3341511285574082,0.015440857533236381
,,,
0.26052249637155217,-0.0024809910680600933,0.3341511285574082,0.015440857533236381
