Training error,Training violation,Test error,Test violation
0.29511369134010645,-0.007047717599800274,0.3297350343473994,-0.003697488559717188
,,,
0.29511369134010645,-0.007047717599800274,0.3297350343473994,-0.003697488559717188
