Training error,Training violation,Test error,Test violation
0.30019351717464926,-0.007239147362273712,0.323846908734053,-0.008160825435381325
,,,
0.30019351717464926,-0.007239147362273712,0.323846908734053,-0.008160825435381325
