Training error,Training violation,Test error,Test violation
0.259313014029995,-0.011559051227145505,0.3356231599607456,0.018465109935385512
,,,
0.259313014029995,-0.011559051227145505,0.3356231599607456,0.018465109935385512
