Training error,Training violation,Test error,Test violation
0.2310679611650484,-0.00965564690643394,0.34396467124631974,0.007727869430063645
,,,
0.2310679611650484,-0.00965564690643394,0.34396467124631974,0.007727869430063645
