Training error,Training violation,Test error,Test violation
0.25858732462506046,-0.009730022688508644,0.3307163886162905,0.012366712698024807
,,,
0.25858732462506046,-0.009730022688508644,0.3307163886162905,0.012366712698024807
