Training error,Training violation,Test error,Test violation
0.26463473633284934,-0.004269238739432853,0.3312070657507357,0.01665454318139202
,,,
0.26463473633284934,-0.004269238739432853,0.3312070657507357,0.01665454318139202
