Training error,Training violation,Test error,Test violation
0.26052249637155306,-0.006517632743715531,0.3370951913640825,0.014794562883601928
,,,
0.26052249637155306,-0.006517632743715531,0.3370951913640825,0.014794562883601928
