Training error,Training violation,Test error,Test violation
0.29729075955491074,-0.004589640862694647,0.31894013738959787,-0.007843371142293281
,,,
0.29729075955491074,-0.004589640862694647,0.31894013738959787,-0.007843371142293281
