Training error,Training violation,Test error,Test violation
0.31180454765360405,-0.006826411655623471,0.3312070657507357,-0.01263744605174687
,,,
0.31180454765360405,-0.006826411655623471,0.3312070657507357,-0.01263744605174687
