Training error,Training violation,Test error,Test violation
0.2680212868892114,0.03945104146388945,0.33022571148184493,0.05566668750390702
,,,
0.2680212868892114,0.03945104146388945,0.33022571148184493,0.05566668750390702
