Training error,Training violation,Test error,Test violation
0.25786163522012573,-0.009368308351177744,0.33120706575073594,0.0237706501787267
,,,
0.25786163522012573,-0.009368308351177744,0.33120706575073594,0.0237706501787267
