Training error,Training violation,Test error,Test violation
0.2629414610546686,0.03994403348257736,0.3356231599607458,0.0701444967901178
,,,
0.2629414610546686,0.03994403348257736,0.3356231599607458,0.0701444967901178
