Training error,Training violation,Test error,Test violation
0.26608611514271885,-0.0047537473233405505,0.32777232580961724,0.021974101204581983
,,,
0.26608611514271885,-0.0047537473233405505,0.32777232580961724,0.021974101204581983
