Training error,Training violation,Test error,Test violation
0.2682631833575228,-0.0027832392446953663,0.3243375858684983,0.010177097599739275
,,,
0.2682631833575228,-0.0027832392446953663,0.3243375858684983,0.010177097599739275
