Training error,Training violation,Test error,Test violation
0.25882922109337186,-0.006586042437220159,0.3258096172718349,0.018668651887380303
,,,
0.25882922109337186,-0.006586042437220159,0.3258096172718349,0.018668651887380303
