Training error,Training violation,Test error,Test violation
0.22475106685633,-0.0074255326666902155,0.35328753680078506,-0.012301075391029759
,,,
0.22475106685633,-0.0074255326666902155,0.35328753680078506,-0.012301075391029759
