Training error,Training violation,Test error,Test violation
0.2602805999032419,-0.009069982480046663,0.33660451422963755,0.017552817668464206
,,,
0.2602805999032419,-0.009069982480046663,0.33660451422963755,0.017552817668464206
