Training error,Training violation,Test error,Test violation
0.26197387518142234,-0.001849020462165507,0.33169774288518156,0.028942737369317406
,,,
0.26197387518142234,-0.001849020462165507,0.33169774288518156,0.028942737369317406
