Training error,Training violation,Test error,Test violation
0.2576197387518141,-0.011538660793513286,0.33905789990186447,0.030248095760379335
,,,
0.2576197387518141,-0.011538660793513286,0.33905789990186447,0.030248095760379335
