Training error,Training violation,Test error,Test violation
0.2622157716497339,-0.011297936538835929,0.3307163886162905,0.016872102913235598
,,,
0.2622157716497339,-0.011297936538835929,0.3307163886162905,0.016872102913235598
