Training error,Training violation,Test error,Test violation
0.2614900822447992,-0.00990996690675494,0.33562315996074576,0.02401624547026803
,,,
0.2614900822447992,-0.00990996690675494,0.33562315996074576,0.02401624547026803
