Training error,Training violation,Test error,Test violation
0.25834542815674894,-0.004461453446049757,0.3307163886162905,0.029349821273306875
,,,
0.25834542815674894,-0.004461453446049757,0.3307163886162905,0.029349821273306875
