Training error,Training violation,Test error,Test violation
0.25761973875181404,-0.014675333818630057,0.3370951913640823,0.02310395320334678
,,,
0.25761973875181404,-0.014675333818630057,0.3370951913640823,0.02310395320334678
