Training error,Training violation,Test error,Test violation
0.2617319787131108,-0.004848805266709611,0.3400392541707557,0.007939881584939858
,,,
0.2617319787131108,-0.004848805266709611,0.3400392541707557,0.007939881584939858
