Training error,Training violation,Test error,Test violation
0.2675374939525883,0.046841541755888505,0.3253189401373896,0.07417271420209459
,,,
0.2675374939525883,0.046841541755888505,0.3253189401373896,0.07417271420209459
