Training error,Training violation,Test error,Test violation
0.2375533428165007,-0.01434140907825121,0.36261040235525027,-0.008088590474350288
,,,
0.2375533428165007,-0.01434140907825121,0.36261040235525027,-0.008088590474350288
