Training error,Training violation,Test error,Test violation
0.2644278269661831,-3.2526065174565133e-19,0.3287536800785084,0.03647202457814651
,,,
0.2644278269661831,-3.2526065174565133e-19,0.3287536800785084,0.03647202457814651
