Training error,Training violation,Test error,Test violation
0.2568940493468795,-0.001943254817987183,0.332188420019627,0.02313198876304456
,,,
0.2568940493468795,-0.001943254817987183,0.332188420019627,0.02313198876304456
