Training error,Training violation,Test error,Test violation
0.30212868892114175,-0.002571320024867152,0.3194308145240432,-0.0060869353054718855
,,,
0.30212868892114175,-0.002571320024867152,0.3194308145240432,-0.0060869353054718855
