Training error,Training violation,Test error,Test violation
0.2357525572333172,-0.0006761365916295728,0.35328753680078523,0.004190842601169422
,,,
0.2357525572333172,-0.0006761365916295728,0.35328753680078523,0.004190842601169422
