Training error,Training violation,Test error,Test violation
0.25786163522012584,-0.012855072502271584,0.3297350343473995,0.017973919352302862
,,,
0.25786163522012584,-0.012855072502271584,0.3297350343473995,0.017973919352302862
