Training error,Training violation,Test error,Test violation
0.3110788582486696,-0.010889222161412528,0.3218842001962709,-0.014378700470623954
,,,
0.3110788582486696,-0.010889222161412528,0.3218842001962709,-0.014378700470623954
