Training error,Training violation,Test error,Test violation
0.25665215287856813,-0.006109890489423568,0.33316977428851835,0.016886120693084494
,,,
0.25665215287856813,-0.006109890489423568,0.33316977428851835,0.016886120693084494
