Training error,Training violation,Test error,Test violation
0.2943880019351717,-0.00643029261268535,0.3287536800785083,-0.007620178783521946
,,,
0.2943880019351717,-0.00643029261268535,0.3287536800785083,-0.007620178783521946
