Training error,Training violation,Test error,Test violation
0.30454765360425734,-0.01339100217320843,0.3263002944062806,-0.012947309635862877
,,,
0.30454765360425734,-0.01339100217320843,0.3263002944062806,-0.012947309635862877
