Training error,Training violation,Test error,Test violation
0.300919206579584,-0.00852140796276324,0.32777232580961735,-0.007841473465050266
,,,
0.300919206579584,-0.00852140796276324,0.32777232580961735,-0.007841473465050266
