Training error,Training violation,Test error,Test violation
0.23265694528316394,0.007942522996833628,0.3702067061551206,2.2299628184051073e-05
,,,
0.23265694528316394,0.007942522996833628,0.3702067061551206,2.2299628184051073e-05
