Training error,Training violation,Test error,Test violation
0.26584421867440733,0.03423204204788788,0.3356231599607458,0.059519398523586786
,,,
0.26584421867440733,0.03423204204788788,0.3356231599607458,0.059519398523586786
