Training error,Training violation,Test error,Test violation
0.2602805999032414,-0.0019778080591785763,0.3307163886162905,0.02509002634963753
,,,
0.2602805999032414,-0.0019778080591785763,0.3307163886162905,0.02509002634963753
