Training error,Training violation,Test error,Test violation
0.23848361621667116,4.336808689942018e-19,0.341287954823543,0.0014341117222736372
,,,
0.23848361621667116,4.336808689942018e-19,0.341287954823543,0.0014341117222736372
