Training error,Training violation,Test error,Test violation
0.3093855829704887,-0.010635836153899405,0.3213935230618254,-0.010392493873213506
,,,
0.3093855829704887,-0.010635836153899405,0.3213935230618254,-0.010392493873213506
