Training error,Training violation,Test error,Test violation
0.3011611030478955,-0.009858210105153642,0.32482826300294404,-0.005607907349975072
,,,
0.3011611030478955,-0.009858210105153642,0.32482826300294404,-0.005607907349975072
