Training error,Training violation,Test error,Test violation
0.3093855829704886,-0.011573663264276002,0.3307163886162905,-0.014547864842004765
,,,
0.3093855829704886,-0.011573663264276002,0.3307163886162905,-0.014547864842004765
