Training error,Training violation,Test error,Test violation
0.30720851475568445,-0.00885927811223108,0.3263002944062805,-0.01008263028909761
,,,
0.30720851475568445,-0.00885927811223108,0.3263002944062805,-0.01008263028909761
