Training error,Training violation,Test error,Test violation
0.2456733391902024,-2.905661822261152e-17,0.3624571453131811,0.025631420594554283
,,,
0.2456733391902024,-2.905661822261152e-17,0.3624571453131811,0.025631420594554283
