Training error,Training violation,Test error,Test violation
0.31059506531204617,-0.014960799889479834,0.3184494602551518,-0.014059348500292767
,,,
0.31059506531204617,-0.014960799889479834,0.3184494602551518,-0.014059348500292767
