Training error,Training violation,Test error,Test violation
0.2571359458151912,-0.013047287208888375,0.3424926398429835,0.012422783817420352
,,,
0.2571359458151912,-0.013047287208888375,0.3424926398429835,0.012422783817420352
