Training error,Training violation,Test error,Test violation
0.2597968069666183,-0.0051051136816488984,0.331207065750736,0.025363657200876633
,,,
0.2597968069666183,-0.0051051136816488984,0.331207065750736,0.025363657200876633
