Training error,Training violation,Test error,Test violation
0.28882438316400594,-0.007551567207400581,0.3297350343473996,-0.00784337114229328
,,,
0.28882438316400594,-0.007551567207400581,0.3297350343473996,-0.00784337114229328
