Training error,Training violation,Test error,Test violation
0.2624576681180456,-0.01927097527739919,0.3316977428851817,0.008584090577589357
,,,
0.2624576681180456,-0.01927097527739919,0.3316977428851817,0.008584090577589357
