Training error,Training violation,Test error,Test violation
0.26463473633284945,-0.013187097836887313,0.34102060843964654,0.0133210583044927
,,,
0.26463473633284945,-0.013187097836887313,0.34102060843964654,0.0133210583044927
