Training error,Training violation,Test error,Test violation
0.2706821480406386,0.044905586918434826,0.3258096172718351,0.060333566331565835
,,,
0.2706821480406386,0.044905586918434826,0.3258096172718351,0.060333566331565835
