Training error,Training violation,Test error,Test violation
0.2680212868892114,-0.008043118551683937,0.3297350343473994,0.011292931818655427
,,,
0.2680212868892114,-0.008043118551683937,0.3297350343473994,0.011292931818655427
