Training error,Training violation,Test error,Test violation
0.26971456216739237,0.053142398286937786,0.3326790971540726,0.07309893332272532
,,,
0.26971456216739237,0.053142398286937786,0.3326790971540726,0.07309893332272532
