Training error,Training violation,Test error,Test violation
0.306966618287373,-0.009182536224568438,0.3282630029440628,-0.008639853390878138
,,,
0.306966618287373,-0.009182536224568438,0.3282630029440628,-0.008639853390878138
