Training error,Training violation,Test error,Test violation
0.26390904692791484,-0.007168580883784248,0.3336604514229637,0.012394748257722576
,,,
0.26390904692791484,-0.007168580883784248,0.3336604514229637,0.012394748257722576
