Training error,Training violation,Test error,Test violation
0.2629414610546685,-0.011011498344854705,0.3380765456329734,0.009059511158342134
,,,
0.2629414610546685,-0.011011498344854705,0.3380765456329734,0.009059511158342134
