Training error,Training violation,Test error,Test violation
0.3079342041606193,-0.01399095913411719,0.3218842001962709,-0.012945411958619871
,,,
0.3079342041606193,-0.01399095913411719,0.3218842001962709,-0.012945411958619871
