Training error,Training violation,Test error,Test violation
0.2675374939525883,0.04627944325481792,0.33415112855740925,0.06615833271768756
,,,
0.2675374939525883,0.04627944325481792,0.33415112855740925,0.06615833271768756
