Training error,Training violation,Test error,Test violation
0.2666602001274148,4.336808689942018e-19,0.3251945704874707,0.028451951808921017
,,,
0.2666602001274148,4.336808689942018e-19,0.3251945704874707,0.028451951808921017
