Training error,Training violation,Test error,Test violation
0.29438800193517173,-0.004741074702047321,0.32335623159960747,-0.004653646793467692
,,,
0.29438800193517173,-0.004741074702047321,0.32335623159960747,-0.004653646793467692
