Training error,Training violation,Test error,Test violation
0.2663280116110305,-0.0004889054787168279,0.33218842001962706,0.011973646573884
,,,
0.2663280116110305,-0.0004889054787168279,0.33218842001962706,0.011973646573884
