Training error,Training violation,Test error,Test violation
0.2236024844720497,-0.0013522718744768403,0.3606476938174681,0.0009160359148973063
,,,
0.2236024844720497,-0.0013522718744768403,0.3606476938174681,0.0009160359148973063
