Training error,Training violation,Test error,Test violation
0.26995645863570394,0.047299980533385244,0.3282630029440628,0.07681146654391646
,,,
0.26995645863570394,0.047299980533385244,0.3282630029440628,0.07681146654391646
