Training error,Training violation,Test error,Test violation
0.2629414610546686,-0.008005868725458387,0.331207065750736,0.014366803624164426
,,,
0.2629414610546686,-0.008005868725458387,0.331207065750736,0.014366803624164426
