Training error,Training violation,Test error,Test violation
0.31277213352685046,-0.006794331592286927,0.3209028459273797,-0.009905875208744528
,,,
0.31277213352685046,-0.006794331592286927,0.3209028459273797,-0.009905875208744528
