Training error,Training violation,Test error,Test violation
0.2370731707317072,-0.004318645544372888,0.3400392541707555,0.0015380724794988858
,,,
0.2370731707317072,-0.004318645544372888,0.3400392541707555,0.0015380724794988858
