Training error,Training violation,Test error,Test violation
0.3021286889211422,-0.008527252777615471,0.32630029440628117,-0.007212257910603104
,,,
0.3021286889211422,-0.008527252777615471,0.32630029440628117,-0.007212257910603104
