Training error,Training violation,Test error,Test violation
0.258829221093372,-0.002456686782168593,0.3287536800785083,0.02998848268898901
,,,
0.258829221093372,-0.002456686782168593,0.3287536800785083,0.02998848268898901
