Training error,Training violation,Test error,Test violation
0.27019835510401546,0.04979803387190962,0.3258096172718351,0.07547807259315675
,,,
0.27019835510401546,0.04979803387190962,0.3258096172718351,0.07547807259315675
