Training error,Training violation,Test error,Test violation
0.26245766811804555,-0.0031654321709236885,0.33905789990186463,0.012559099091283613
,,,
0.26245766811804555,-0.0031654321709236885,0.33905789990186463,0.012559099091283613
