Training error,Training violation,Test error,Test violation
0.25834542815674894,-0.007158370571888617,0.34592737978410204,0.012247277425123215
,,,
0.25834542815674894,-0.007158370571888617,0.34592737978410204,0.012247277425123215
