Training error,Training violation,Test error,Test violation
0.2660249203094656,1.1926223897340549e-17,0.33634490569684616,0.0384313388688742
,,,
0.2660249203094656,1.1926223897340549e-17,0.33634490569684616,0.0384313388688742
