Training error,Training violation,Test error,Test violation
0.2646347363328496,-0.00837867492733835,0.33807654563297357,0.010169652345529025
,,,
0.2646347363328496,-0.00837867492733835,0.33807654563297357,0.010169652345529025
