Training error,Training violation,Test error,Test violation
0.3084179970972424,-0.012962869485284467,0.3297350343473994,-0.0159735626450368
,,,
0.3084179970972424,-0.012962869485284467,0.3297350343473994,-0.0159735626450368
