Training error,Training violation,Test error,Test violation
0.31228834059022736,-0.011663925802732233,0.3194308145240432,-0.011506430414886415
,,,
0.31228834059022736,-0.011663925802732233,0.3194308145240432,-0.011506430414886415
