Training error,Training violation,Test error,Test violation
0.25665215287856796,-0.00232480046719874,0.3356231599607458,0.02603035417625643
,,,
0.25665215287856796,-0.00232480046719874,0.3356231599607458,0.02603035417625643
