Training error,Training violation,Test error,Test violation
0.2585873246250605,-0.015450037459949665,0.34102060843964677,0.0063507124422563805
,,,
0.2585873246250605,-0.015450037459949665,0.34102060843964677,0.0063507124422563805
