Training error,Training violation,Test error,Test violation
0.2336265884653001,-0.008215248716309145,0.358684985279689,-0.012697645960132894
,,,
0.2336265884653001,-0.008215248716309145,0.358684985279689,-0.012697645960132894
