Training error,Training violation,Test error,Test violation
0.25350749879051765,0.03134611641035623,0.3326790971540726,0.06970937732643046
,,,
0.25350749879051765,0.03134611641035623,0.3326790971540726,0.06970937732643046
