Training error,Training violation,Test error,Test violation
0.2602805999032414,-0.0012053602265662544,0.3336604514229637,0.016191388158006914
,,,
0.2602805999032414,-0.0012053602265662544,0.3336604514229637,0.016191388158006914
