Training error,Training violation,Test error,Test violation
0.26028059990324165,-0.012001729533849492,0.3434739941118747,0.01888621161922412
,,,
0.26028059990324165,-0.012001729533849492,0.3434739941118747,0.01888621161922412
