Training error,Training violation,Test error,Test violation
0.3011611030478956,-0.008349583689778454,0.32041216879293444,-0.015177080396451943
,,,
0.3011611030478956,-0.008349583689778454,0.32041216879293444,-0.015177080396451943
