Training error,Training violation,Test error,Test violation
0.2939042089985486,-0.007804953214913811,0.3233562315996074,-0.007524019171962102
,,,
0.2939042089985486,-0.007804953214913811,0.3233562315996074,-0.007524019171962102
