Training error,Training violation,Test error,Test violation
0.25834542815674877,-0.007443770224387687,0.34789008832188406,0.021510946181196856
,,,
0.25834542815674877,-0.007443770224387687,0.34789008832188406,0.021510946181196856
