Training error,Training violation,Test error,Test violation
0.26318335752298017,0.04865339692427484,0.331207065750736,0.06744967332890062
,,,
0.26318335752298017,0.04865339692427484,0.331207065750736,0.06744967332890062
