Training error,Training violation,Test error,Test violation
0.26415094339622647,-8.40856318511385e-05,0.33366045142296374,0.011762616842698751
,,,
0.26415094339622647,-8.40856318511385e-05,0.33366045142296374,0.011762616842698751
