Training error,Training violation,Test error,Test violation
0.25592646347363324,-0.010575725131399703,0.3400392541707556,0.011973646573883997
,,,
0.25592646347363324,-0.010575725131399703,0.3400392541707556,0.011973646573883997
