Training error,Training violation,Test error,Test violation
0.29390420899854863,-0.002763534731483941,0.323846908734053,-0.005609805027218084
,,,
0.29390420899854863,-0.002763534731483941,0.323846908734053,-0.005609805027218084
