Training error,Training violation,Test error,Test violation
0.3023705853894532,-0.007379742934415898,0.325809617271835,-0.008639853390878135
,,,
0.3023705853894532,-0.007379742934415898,0.325809617271835,-0.008639853390878135
