Training error,Training violation,Test error,Test violation
0.2656023222060958,0.044059275841931034,0.32728164867517173,0.06721809581720806
,,,
0.2656023222060958,0.044059275841931034,0.32728164867517173,0.06721809581720806
