Training error,Training violation,Test error,Test violation
0.26463473633284923,-0.008145679353457325,0.32286555446516146,0.017293204597073928
,,,
0.26463473633284923,-0.008145679353457325,0.32286555446516146,0.017293204597073928
