Training error,Training violation,Test error,Test violation
0.2931785195936137,-0.008002238660696931,0.3302257114818447,0.0021767338951811364
,,,
0.2931785195936137,-0.008002238660696931,0.3302257114818447,0.0021767338951811364
