Training error,Training violation,Test error,Test violation
0.2357487922705314,-0.0047404820524743485,0.352306182531894,-0.011406305348919621
,,,
0.2357487922705314,-0.0047404820524743485,0.352306182531894,-0.011406305348919621
