Training error,Training violation,Test error,Test violation
0.26100628930817615,-0.015333539673009215,0.33807654563297357,0.02374261461902894
,,,
0.26100628930817615,-0.015333539673009215,0.33807654563297357,0.02374261461902894
