Training error,Training violation,Test error,Test violation
0.26560232220609586,-0.0038792096554409747,0.3341511285574093,0.03645191049079278
,,,
0.26560232220609586,-0.0038792096554409747,0.3341511285574093,0.03645191049079278
