Training error,Training violation,Test error,Test violation
0.25979680696661783,-0.011398850165514542,0.33758586849852734,0.020640707253822128
,,,
0.25979680696661783,-0.011398850165514542,0.33758586849852734,0.020640707253822128
