Training error,Training violation,Test error,Test violation
0.2985002418964683,-0.00427800596171124,0.3277723258096173,-0.006090730659958021
,,,
0.2985002418964683,-0.00427800596171124,0.3277723258096173,-0.006090730659958021
