Training error,Training violation,Test error,Test violation
0.26591077282777803,2.168404344971009e-19,0.323346365114805,0.02477147256734584
,,,
0.26591077282777803,2.168404344971009e-19,0.323346365114805,0.02477147256734584
