Training error,Training violation,Test error,Test violation
0.2619738751814226,-0.015391788566479509,0.33709519136408284,0.003961265696501686
,,,
0.2619738751814226,-0.015391788566479509,0.33709519136408284,0.003961265696501686
