Training error,Training violation,Test error,Test violation
0.3035800677310111,-0.011993381350983042,0.33366045142296363,-0.010717538875273712
,,,
0.3035800677310111,-0.011993381350983042,0.33366045142296363,-0.010717538875273712
