Training error,Training violation,Test error,Test violation
0.2660861151427189,0.04298374537667893,0.31894013738959764,0.05985639352833205
,,,
0.2660861151427189,0.04298374537667893,0.31894013738959764,0.05985639352833205
