Training error,Training violation,Test error,Test violation
0.2581035316884375,-0.004997080007786651,0.34102060843964693,0.03944840036294686
,,,
0.2581035316884375,-0.004997080007786651,0.34102060843964693,0.03944840036294686
