Training error,Training violation,Test error,Test violation
0.24226305609284324,-0.002210798308698746,0.34985279685966625,-0.013110780975514541
,,,
0.24226305609284324,-0.002210798308698746,0.34985279685966625,-0.013110780975514541
