Training error,Training violation,Test error,Test violation
0.30624092888243787,-0.01166684821015827,0.3243375858684981,-0.014065041532021906
,,,
0.30624092888243787,-0.01166684821015827,0.3243375858684981,-0.014065041532021906
