Training error,Training violation,Test error,Test violation
0.26329448173279035,-2.710505431213761e-18,0.32376066455063507,0.040007661072088314
,,,
0.26329448173279035,-2.710505431213761e-18,0.32376066455063507,0.040007661072088314
