Training error,Training violation,Test error,Test violation
0.24499755978526105,-0.0029788725918433725,0.34641805691854755,-0.007618426561040835
,,,
0.24499755978526105,-0.0029788725918433725,0.34641805691854755,-0.007618426561040835
