Training error,Training violation,Test error,Test violation
0.2726173197871311,0.03693254817987146,0.32188420019627084,0.05046656475361855
,,,
0.2726173197871311,0.03693254817987146,0.32188420019627084,0.05046656475361855
