Training error,Training violation,Test error,Test violation
0.2472691161866932,-0.002079807359724684,0.3473994111874387,-0.0017984558329177118
,,,
0.2472691161866932,-0.002079807359724684,0.3473994111874387,-0.0017984558329177118
