Training error,Training violation,Test error,Test violation
0.2612481857764875,-0.007405911764549628,0.3400392541707554,0.020626689473973267
,,,
0.2612481857764875,-0.007405911764549628,0.3400392541707554,0.020626689473973267
