Training error,Training violation,Test error,Test violation
0.2656023222060958,-0.006942843024213552,0.3326790971540726,0.018205496863995307
,,,
0.2656023222060958,-0.006942843024213552,0.3326790971540726,0.018205496863995307
