Training error,Training violation,Test error,Test violation
0.25955491049830653,-0.010606678497988901,0.33464180569185453,0.002394293627024811
,,,
0.25955491049830653,-0.010606678497988901,0.33464180569185453,0.002394293627024811
