Training error,Training violation,Test error,Test violation
0.25882922109337214,-0.011751265933762306,0.3410206084396469,0.01288593884080536
,,,
0.25882922109337214,-0.011751265933762306,0.3410206084396469,0.01288593884080536
