Training error,Training violation,Test error,Test violation
0.24144672531769312,-0.00034473077525276624,0.34347399411187446,-0.008963000715695448
,,,
0.24144672531769312,-0.00034473077525276624,0.34347399411187446,-0.008963000715695448
