Training error,Training violation,Test error,Test violation
0.25955491049830703,-0.011748588670430176,0.33513248282630076,0.015061536159241905
,,,
0.25955491049830703,-0.011748588670430176,0.33513248282630076,0.015061536159241905
