Training error,Training violation,Test error,Test violation
0.22679958342040044,0.0,0.36326296807801006,-0.004767174461311817
,,,
0.22679958342040044,0.0,0.36326296807801006,-0.004767174461311817
