Training error,Training violation,Test error,Test violation
0.31228834059022725,-0.009144677764730266,0.32924435721295375,-0.01119277147628461
,,,
0.31228834059022725,-0.009144677764730266,0.32924435721295375,-0.01119277147628461
