Training error,Training violation,Test error,Test violation
0.2588292210933719,-0.0026231263383297274,0.32679097154072606,0.024640889106101283
,,,
0.2588292210933719,-0.0026231263383297274,0.32679097154072606,0.024640889106101283
