Training error,Training violation,Test error,Test violation
0.31204644412191584,-0.010458167066062396,0.32041216879293427,-0.007516428462989944
,,,
0.31204644412191584,-0.010458167066062396,0.32041216879293427,-0.007516428462989944
