Training error,Training violation,Test error,Test violation
0.29124334784712125,-0.0068321900521252045,0.3248282630029438,-0.005126981717235243
,,,
0.29124334784712125,-0.0068321900521252045,0.3248282630029438,-0.005126981717235243
