Training error,Training violation,Test error,Test violation
0.26245766811804555,-0.004587307767179306,0.3370951913640825,0.0168721029132356
,,,
0.26245766811804555,-0.004587307767179306,0.3370951913640825,0.0168721029132356
