Training error,Training violation,Test error,Test violation
0.2697145621673924,-9.75781955236954e-19,0.3336363296104565,0.03154568740429914
,,,
0.2697145621673924,-9.75781955236954e-19,0.3336363296104565,0.03154568740429914
