Training error,Training violation,Test error,Test violation
0.2660861151427186,-0.0064972423100834115,0.33905789990186425,0.007496291918370971
,,,
0.2660861151427186,-0.0064972423100834115,0.33905789990186425,0.007496291918370971
