Training error,Training violation,Test error,Test violation
0.2660861151427189,0.05141522289273892,0.33316977428851813,0.07191301020456486
,,,
0.2660861151427189,0.05141522289273892,0.33316977428851813,0.07191301020456486
