Training error,Training violation,Test error,Test violation
0.30551523947750353,-0.011914389402819298,0.32286555446516174,-0.012304810340714395
,,,
0.30551523947750353,-0.011914389402819298,0.32286555446516174,-0.012304810340714395
