Training error,Training violation,Test error,Test violation
0.26560232220609564,-0.01068239541766524,0.3356231599607456,0.003250514774550515
,,,
0.26560232220609564,-0.01068239541766524,0.3356231599607456,0.003250514774550515
