Training error,Training violation,Test error,Test violation
0.26390904692791484,-0.003775549931866906,0.32728164867517173,0.018886211619224103
,,,
0.26390904692791484,-0.003775549931866906,0.32728164867517173,0.018886211619224103
