Training error,Training violation,Test error,Test violation
0.25447508466376395,-0.012156085780628215,0.34200196270853783,0.010205133159437054
,,,
0.25447508466376395,-0.012156085780628215,0.34200196270853783,0.010205133159437054
