Training error,Training violation,Test error,Test violation
0.2965650701499758,-0.009817429237889308,0.32433758586849853,-0.006721843891648094
,,,
0.2965650701499758,-0.009817429237889308,0.32433758586849853,-0.006721843891648094
