Training error,Training violation,Test error,Test violation
0.258829221093372,-0.013804522824001906,0.3370951913640824,0.034248277612658466
,,,
0.258829221093372,-0.013804522824001906,0.3370951913640824,0.034248277612658466
