Training error,Training violation,Test error,Test violation
0.25863382174502514,2.168404344971009e-19,0.31684493221069954,0.029956024797517362
,,,
0.25863382174502514,2.168404344971009e-19,0.31684493221069954,0.029956024797517362
