Training error,Training violation,Test error,Test violation
0.23789306243302272,-8.131516293641283e-19,0.3426158049385532,0.00775362682264766
,,,
0.23789306243302272,-8.131516293641283e-19,0.3426158049385532,0.00775362682264766
