Training error,Training violation,Test error,Test violation
0.2897919690372518,-0.009660150583684515,0.31894013738959737,-0.006879622199570606
,,,
0.2897919690372518,-0.009660150583684515,0.31894013738959737,-0.006879622199570606
