Training error,Training violation,Test error,Test violation
0.2629414610546686,-0.006322495629672575,0.3380765456329735,0.028655088738229417
,,,
0.2629414610546686,-0.006322495629672575,0.3380765456329735,0.028655088738229417
