Training error,Training violation,Test error,Test violation
0.26415094339622663,-0.009095129675187672,0.33954857703631036,0.0031590904161876735
,,,
0.26415094339622663,-0.009095129675187672,0.33954857703631036,0.0031590904161876735
