Training error,Training violation,Test error,Test violation
0.25834542815674894,0.03260219972746736,0.33316977428851813,0.05010153418917562
,,,
0.25834542815674894,0.03260219972746736,0.33316977428851813,0.05010153418917562
