Training error,Training violation,Test error,Test violation
0.29051765844218685,-0.004379988320031171,0.3199214916584889,0.0023802758471759286
,,,
0.29051765844218685,-0.004379988320031171,0.3199214916584889,0.0023802758471759286
