Training error,Training violation,Test error,Test violation
0.3016448959845185,-0.007242854713843114,0.3253189401373895,-0.0044939708083020485
,,,
0.3016448959845185,-0.007242854713843114,0.3253189401373895,-0.0044939708083020485
