Training error,Training violation,Test error,Test violation
0.2593130140299952,-0.005740006694969657,0.3307163886162905,0.01374215998833106
,,,
0.2593130140299952,-0.005740006694969657,0.3307163886162905,0.01374215998833106
