Training error,Training violation,Test error,Test violation
0.2607643928398644,-0.010312511623211335,0.33513248282630015,0.017700288501063637
,,,
0.2607643928398644,-0.010312511623211335,0.33513248282630015,0.017700288501063637
