Training error,Training violation,Test error,Test violation
0.26100628930817615,-0.005836114048278219,0.3292443572129539,0.021293386449353194
,,,
0.26100628930817615,-0.005836114048278219,0.3292443572129539,0.021293386449353194
