Training error,Training violation,Test error,Test violation
0.26269956458635707,-0.006447829472454815,0.33807654563297357,0.027868956489947923
,,,
0.26269956458635707,-0.006447829472454815,0.33807654563297357,0.027868956489947923
