Training error,Training violation,Test error,Test violation
0.2663280116110305,-0.003102005061319968,0.32630029440628067,0.015496655622929234
,,,
0.2663280116110305,-0.003102005061319968,0.32630029440628067,0.015496655622929234
