Training error,Training violation,Test error,Test violation
0.3142235123367199,-0.009229161906684881,0.3297350343473995,-0.01773569151358734
,,,
0.3142235123367199,-0.009229161906684881,0.3297350343473995,-0.01773569151358734
