Training error,Training violation,Test error,Test violation
0.26826318335752286,-0.002588573097138446,0.32335623159960736,0.013714124428633285
,,,
0.26826318335752286,-0.002588573097138446,0.32335623159960736,0.013714124428633285
