Training error,Training violation,Test error,Test violation
0.31228834059022736,-0.014879238154951402,0.3253189401373896,-0.015169489687479776
,,,
0.31228834059022736,-0.014879238154951402,0.3253189401373896,-0.015169489687479776
