Training error,Training violation,Test error,Test violation
0.26342525399129163,-0.006918921549542542,0.3351324828263002,0.01910377135106766
,,,
0.26342525399129163,-0.006918921549542542,0.3351324828263002,0.01910377135106766
