Training error,Training violation,Test error,Test violation
0.26536042573778423,0.035696904808253827,0.33218842001962706,0.05857907069696766
,,,
0.26536042573778423,0.035696904808253827,0.33218842001962706,0.05857907069696766
