Training error,Training violation,Test error,Test violation
0.23718208766870355,-3.382710778154774e-17,0.35091390820241,0.0026022065801555895
,,,
0.23718208766870355,-3.382710778154774e-17,0.35091390820241,0.0026022065801555895
