Training error,Training violation,Test error,Test violation
0.23227383863080683,0.01458673792916021,0.3469087340529931,0.019496837475208362
,,,
0.23227383863080683,0.01458673792916021,0.3469087340529931,0.019496837475208362
