Training error,Training violation,Test error,Test violation
0.29075955491049826,-0.007609816100870968,0.32826300294406274,0.0006061723307814181
,,,
0.29075955491049826,-0.007609816100870968,0.32826300294406274,0.0006061723307814181
