Training error,Training violation,Test error,Test violation
0.2629414610546686,-0.008241786706765675,0.3356231599607458,0.026451455860094897
,,,
0.2629414610546686,-0.008241786706765675,0.3356231599607458,0.026451455860094897
