Training error,Training violation,Test error,Test violation
0.2943880019351716,-0.003588670430212269,0.32433758586849837,-2.683857815177769e-05
,,,
0.2943880019351716,-0.003588670430212269,0.32433758586849837,-2.683857815177769e-05
