Training error,Training violation,Test error,Test violation
0.3016448959845189,-0.008830120456320598,0.3174681059862613,-0.008316706066060837
,,,
0.3016448959845189,-0.008830120456320598,0.3174681059862613,-0.008316706066060837
