Training error,Training violation,Test error,Test violation
0.26318335752297983,-0.009537807981891732,0.3336604514229633,0.009264805332818026
,,,
0.26318335752297983,-0.009537807981891732,0.3336604514229633,0.009264805332818026
