Training error,Training violation,Test error,Test violation
0.2566521528785679,-0.008175004866653788,0.32679097154072617,0.012640343549264018
,,,
0.2566521528785679,-0.008175004866653788,0.32679097154072617,0.012640343549264018
