Training error,Training violation,Test error,Test violation
0.3142235123367201,-0.010819350056588524,0.32728164867517195,-0.018534071439415337
,,,
0.3142235123367201,-0.010819350056588524,0.32728164867517195,-0.018534071439415337
