Training error,Training violation,Test error,Test violation
0.303096274794388,-0.008987399110525485,0.31599607458292445,-0.004969203409312728
,,,
0.303096274794388,-0.008987399110525485,0.31599607458292445,-0.004969203409312728
