Training error,Training violation,Test error,Test violation
0.2610062893081761,0.03777885925637536,0.3361138370951914,0.05299989960238749
,,,
0.2610062893081761,0.03777885925637536,0.3361138370951914,0.05299989960238749
