Training error,Training violation,Test error,Test violation
0.30720851475568417,-0.009529107177964057,0.32286555446516146,-0.006402491921316802
,,,
0.30720851475568417,-0.009529107177964057,0.32286555446516146,-0.006402491921316802
