Training error,Training violation,Test error,Test violation
0.26245766811804544,-0.01155905122714551,0.3429833169774288,0.013321058304492702
,,,
0.26245766811804544,-0.01155905122714551,0.3429833169774288,0.013321058304492702
