Training error,Training violation,Test error,Test violation
0.22880413423697216,-2.3852447794681098e-18,0.35473741147269383,0.0056828156482163225
,,,
0.22880413423697216,-2.3852447794681098e-18,0.35473741147269383,0.0056828156482163225
