Training error,Training violation,Test error,Test violation
0.25229579507008215,-0.001640327543942055,0.373405299313052,0.009363681710728877
,,,
0.25229579507008215,-0.001640327543942055,0.373405299313052,0.009363681710728877
