Training error,Training violation,Test error,Test violation
0.2629414610546687,-0.014791831605570745,0.33660451422963705,0.016612489841845386
,,,
0.2629414610546687,-0.014791831605570745,0.33660451422963705,0.016612489841845386
