Training error,Training violation,Test error,Test violation
0.3084179970972425,-0.006762317947301091,0.3272816486751719,-0.014063143854778921
,,,
0.3084179970972425,-0.006762317947301091,0.3272816486751719,-0.014063143854778921
