Training error,Training violation,Test error,Test violation
0.26777939042090093,-0.012563828034920116,0.3366045142296382,0.018191479084146495
,,,
0.26777939042090093,-0.012563828034920116,0.3366045142296382,0.018191479084146495
