Training error,Training violation,Test error,Test violation
0.26318335752298017,0.03045746544675887,0.3267909715407262,0.05008751640932674
,,,
0.26318335752298017,0.03045746544675887,0.3267909715407262,0.05008751640932674
