Training error,Training violation,Test error,Test violation
0.26826318335752297,0.04027691259489974,0.33022571148184493,0.06768125084059329
,,,
0.26826318335752297,0.04027691259489974,0.33022571148184493,0.06768125084059329
