Training error,Training violation,Test error,Test violation
0.21929730097525357,-4.336808689942018e-19,0.35041341817758564,0.0034366229843175045
,,,
0.21929730097525357,-4.336808689942018e-19,0.35041341817758564,0.0034366229843175045
