Training error,Training violation,Test error,Test violation
0.3052733430091909,-0.012997805537696312,0.32384690873405175,-0.012780042941724919
,,,
0.3052733430091909,-0.012997805537696312,0.32384690873405175,-0.012780042941724919
