Training error,Training violation,Test error,Test violation
0.2670537010159652,-0.005877944325481945,0.33611383709519144,0.0086261439171359
,,,
0.2670537010159652,-0.005877944325481945,0.33611383709519144,0.0086261439171359
