Training error,Training violation,Test error,Test violation
0.2571359458151911,-0.005198298627531295,0.3297350343473994,0.030016518248686785
,,,
0.2571359458151911,-0.005198298627531295,0.3297350343473994,0.030016518248686785
