Training error,Training violation,Test error,Test violation
0.2588292210933719,-0.0031302316527156413,0.33022571148184476,0.022914429031200768
,,,
0.2588292210933719,-0.0031302316527156413,0.33022571148184476,0.022914429031200768
