Training error,Training violation,Test error,Test violation
0.24106218487395015,0.010546874999999959,0.34414692275339964,0.006577044884228015
,,,
0.24106218487395015,0.010546874999999959,0.34414692275339964,0.006577044884228015
