Training error,Training violation,Test error,Test violation
0.23237086072362204,4.336808689942018e-19,0.35738149842396394,0.007297203747198948
,,,
0.23237086072362204,4.336808689942018e-19,0.35738149842396394,0.007297203747198948
