Training error,Training violation,Test error,Test violation
0.2636671504596033,0.03989536694568818,0.32924435721295386,0.08018700476036233
,,,
0.2636671504596033,0.03989536694568818,0.32924435721295386,0.08018700476036233
