Training error,Training violation,Test error,Test violation
0.30067731011127224,-0.0050905680628688926,0.32482826300294393,-0.004651749116224678
,,,
0.30067731011127224,-0.0050905680628688926,0.32482826300294393,-0.004651749116224678
