Training error,Training violation,Test error,Test violation
0.2634252539912918,-0.011943480640379093,0.3370951913640825,0.013279004964946054
,,,
0.2634252539912918,-0.011943480640379093,0.3370951913640825,0.013279004964946054
