Training error,Training violation,Test error,Test violation
0.25399129172714097,-0.0076767657982689304,0.33316977428851835,0.003931229529779204
,,,
0.25399129172714097,-0.0076767657982689304,0.33316977428851835,0.003931229529779204
