Training error,Training violation,Test error,Test violation
0.2612481857764875,-0.008320426033868062,0.33954857703630986,0.019784486106296337
,,,
0.2612481857764875,-0.008320426033868062,0.33954857703630986,0.019784486106296337
