Training error,Training violation,Test error,Test violation
0.31083696178035825,-0.006995313521182216,0.31992149165848893,-0.008799529376043785
,,,
0.31083696178035825,-0.006995313521182216,0.31992149165848893,-0.008799529376043785
