Training error,Training violation,Test error,Test violation
0.2475580142862049,1.6263032587282567e-19,0.3461427226727892,-0.0032731858321996357
,,,
0.2475580142862049,1.6263032587282567e-19,0.3461427226727892,-0.0032731858321996357
