Training error,Training violation,Test error,Test violation
0.26076439283986447,-0.018438199053140144,0.34936211972522074,0.0064225110390014875
,,,
0.26076439283986447,-0.018438199053140144,0.34936211972522074,0.0064225110390014875
