Training error,Training violation,Test error,Test violation
0.2658442186744073,-0.005431294201412417,0.32679097154072617,0.03177101388328484
,,,
0.2658442186744073,-0.005431294201412417,0.32679097154072617,0.03177101388328484
