Training error,Training violation,Test error,Test violation
0.27164973391388486,-0.004312942014123133,0.3307163886162905,0.020465200861525146
,,,
0.27164973391388486,-0.004312942014123133,0.3307163886162905,0.020465200861525146
