Training error,Training violation,Test error,Test violation
0.2576197387518142,0.030520245279345937,0.34052993130520115,0.06902866257120177
,,,
0.2576197387518142,0.030520245279345937,0.34052993130520115,0.06902866257120177
