Training error,Training violation,Test error,Test violation
0.23894684550422257,0.008517992424242338,0.3454367026496566,0.008894142141447459
,,,
0.23894684550422257,0.008517992424242338,0.3454367026496566,0.008894142141447459
