Training error,Training violation,Test error,Test violation
0.2576197387518142,0.04426805528518596,0.3356231599607458,0.07634831152053123
,,,
0.2576197387518142,0.04426805528518596,0.3356231599607458,0.07634831152053123
