Training error,Training violation,Test error,Test violation
0.29583938074504124,-0.006890438945595493,0.32335623159960764,-0.009911568240473683
,,,
0.29583938074504124,-0.006890438945595493,0.32335623159960764,-0.009911568240473683
