Training error,Training violation,Test error,Test violation
0.2634252539912922,-0.013566770488612014,0.3312070657507366,0.023293477375492852
,,,
0.2634252539912922,-0.013566770488612014,0.3312070657507366,0.023293477375492852
