Training error,Training violation,Test error,Test violation
0.2602805999032414,-0.0034772240607358063,0.32728164867517173,0.035160569879579606
,,,
0.2602805999032414,-0.0034772240607358063,0.32728164867517173,0.035160569879579606
