Training error,Training violation,Test error,Test violation
0.22588463402811437,0.00026141468490636883,0.3449460255152109,0.00398730064917474
,,,
0.22588463402811437,0.00026141468490636883,0.3449460255152109,0.00398730064917474
