Training error,Training violation,Test error,Test violation
0.30358006773101115,-0.008445691043087011,0.32630029440628067,-0.010711845843544676
,,,
0.30358006773101115,-0.008445691043087011,0.32630029440628067,-0.010711845843544676
