Training error,Training violation,Test error,Test violation
0.27237542331881953,0.03714765427292199,0.3223748773307164,0.05671243282357863
,,,
0.27237542331881953,0.03714765427292199,0.3223748773307164,0.05671243282357863
