Training error,Training violation,Test error,Test violation
0.0859351060487948,1.4541160327478498e-18,0.09872224619006358,0.005335284055488466
,,,
0.0859351060487948,1.4541160327478498e-18,0.09872224619006358,0.005335284055488466
