Training error,Training violation,Test error,Test violation
0.05981777366961574,0.004111292284889656,0.10342516254440647,0.022405332187652907
,,,
0.05981777366961574,0.004111292284889656,0.10342516254440647,0.022405332187652907
