Training error,Training violation,Test error,Test violation
0.05737488445794269,0.009974970230337093,0.10154836115021114,0.01562677512809365
,,,
0.05737488445794269,0.009974970230337093,0.10154836115021114,0.01562677512809365
