Training error,Training violation,Test error,Test violation
0.06899176068271945,0.0005580141435174157,0.10002357707469844,0.0036589203564325948
,,,
0.06899176068271945,0.0005580141435174157,0.10002357707469844,0.0036589203564325948
