Training error,Training violation,Test error,Test violation
0.05641753598309785,0.010408920720513193,0.10121321804410484,0.01410472595475988
,,,
0.05641753598309785,0.010408920720513193,0.10121321804410484,0.01410472595475988
