Training error,Training violation,Test error,Test violation
0.058365244949161496,0.007409939619025908,0.10349219116562772,0.013709392992535832
,,,
0.058365244949161496,0.007409939619025908,0.10349219116562772,0.013709392992535832
