Training error,Training violation,Test error,Test violation
0.1164099257059651,4.521788957537091e-17,0.11652408011634874,0.00043116256562574206
,,,
0.1164099257059651,4.521788957537091e-17,0.11652408011634874,0.00043116256562574206
