Training error,Training violation,Test error,Test violation
0.07445103398329374,9.963454752460078e-19,0.10024362171718156,0.010827296517479447
,,,
0.07445103398329374,9.963454752460078e-19,0.10024362171718156,0.010827296517479447
