Training error,Training violation,Test error,Test violation
0.07859577262467445,5.8095151904390715e-18,0.10381849288301764,0.006917889441496439
,,,
0.07859577262467445,5.8095151904390715e-18,0.10381849288301764,0.006917889441496439
