Training error,Training violation,Test error,Test violation
0.07148182320212167,8.073488792194584e-19,0.10434187245526022,0.004502146119857431
,,,
0.07148182320212167,8.073488792194584e-19,0.10434187245526022,0.004502146119857431
