Training error,Training violation,Test error,Test violation
0.09535755695031589,1.3545956760563024e-19,0.1113277532709059,0.004862543945719879
,,,
0.09535755695031589,1.3545956760563024e-19,0.1113277532709059,0.004862543945719879
