Training error,Training violation,Test error,Test violation
0.07351184334234483,2.1562063279003531e-19,0.1015739283078824,0.001185739035728859
,,,
0.07351184334234483,2.1562063279003531e-19,0.1015739283078824,0.001185739035728859
