Training error,Training violation,Test error,Test violation
0.11690166821993923,7.24273714614883e-18,0.11668446698253343,4.6766770150558865e-05
,,,
0.11690166821993923,7.24273714614883e-18,0.11668446698253343,4.6766770150558865e-05
