Training error,Training violation,Test error,Test violation
0.07483845655854535,3.9521027423283526e-19,0.10009658699874183,0.008316232281185955
,,,
0.07483845655854535,3.9521027423283526e-19,0.10009658699874183,0.008316232281185955
