Training error,Training violation,Test error,Test violation
0.07832724150527609,3.9780159035272546e-18,0.09787472221833535,0.00831470571822296
,,,
0.07832724150527609,3.9780159035272546e-18,0.09787472221833535,0.00831470571822296
