Training error,Training violation,Test error,Test violation
0.11701341509567384,1.6759753004051724e-17,0.11700273849861662,0.00015550659248245464
,,,
0.11701341509567384,1.6759753004051724e-17,0.11700273849861662,0.00015550659248245464
