Training error,Training violation,Test error,Test violation
0.07968365624848081,3.579924703597896e-19,0.09939751002078753,0.007702042919552967
,,,
0.07968365624848081,3.579924703597896e-19,0.09939751002078753,0.007702042919552967
