Training error,Training violation,Test error,Test violation
0.08960036266609747,6.290748361525753e-19,0.09992051977789568,0.006217492619384093
,,,
0.08960036266609747,6.290748361525753e-19,0.09992051977789568,0.006217492619384093
