Training error,Training violation,Test error,Test violation
0.08032771560634384,3.01623796445985e-18,0.09750902992947788,0.007909915915557099
,,,
0.08032771560634384,3.01623796445985e-18,0.09750902992947788,0.007909915915557099
