Training error,Training violation,Test error,Test violation
0.07756297851514768,5.059124747839549e-18,0.09968373618779144,0.010709288681538164
,,,
0.07756297851514768,5.059124747839549e-18,0.09968373618779144,0.010709288681538164
