Training error,Training violation,Test error,Test violation
0.05981777366961574,0.005558120669085172,0.09880018768013941,0.012027615671953505
,,,
0.05981777366961574,0.005558120669085172,0.09880018768013941,0.012027615671953505
