Training error,Training violation,Test error,Test violation
0.07817085940234927,2.494457297680736e-19,0.1000532314656638,0.007195209935965359
,,,
0.07817085940234927,2.494457297680736e-19,0.1000532314656638,0.007195209935965359
