Training error,Training violation,Test error,Test violation
0.11646354020650052,5.293647798179622e-18,0.1161824821029437,0.000403698337942312
,,,
0.11646354020650052,5.293647798179622e-18,0.1161824821029437,0.000403698337942312
