Training error,Training violation,Test error,Test violation
0.07391506424514777,0.0009083457842508706,0.10018568690254945,0.0037413853380063164
,,,
0.07391506424514777,0.0009083457842508706,0.10018568690254945,0.0037413853380063164
