Training error,Training violation,Test error,Test violation
0.11700198301526885,9.797101442396634e-18,0.11683959511203004,0.00013350803975594253
,,,
0.11700198301526885,9.797101442396634e-18,0.11683959511203004,0.00013350803975594253
