Training error,Training violation,Test error,Test violation
0.0786439584768981,5.093718979106824e-18,0.0983654179566902,0.006056593030336404
,,,
0.0786439584768981,5.093718979106824e-18,0.0983654179566902,0.006056593030336404
