Training error,Training violation,Test error,Test violation
0.0769578691105357,2.606582035229082e-19,0.10079146056984786,0.007114807819706617
,,,
0.0769578691105357,2.606582035229082e-19,0.10079146056984786,0.007114807819706617
