Training error,Training violation,Test error,Test violation
0.07266763606763794,4.856200299350356e-19,0.09756958823938221,0.006233972545163805
,,,
0.07266763606763794,4.856200299350356e-19,0.09756958823938221,0.006233972545163805
