Training error,Training violation,Test error,Test violation
0.05714380034332497,0.007004100082407892,0.1016153897714324,0.014901602759180364
,,,
0.05714380034332497,0.007004100082407892,0.1016153897714324,0.014901602759180364
