Training error,Training violation,Test error,Test violation
0.0809288633784234,9.790027453822975e-18,0.09982463900551566,0.006982601894189022
,,,
0.0809288633784234,9.790027453822975e-18,0.09982463900551566,0.006982601894189022
