Training error,Training violation,Test error,Test violation
0.0703810059755027,1.3795376650400987e-18,0.10172367111039106,0.004458213790351541
,,,
0.0703810059755027,1.3795376650400987e-18,0.10172367111039106,0.004458213790351541
