Training error,Training violation,Test error,Test violation
0.07845559651099238,4.539980905021002e-19,0.09878706837065253,0.007066320354074208
,,,
0.07845559651099238,4.539980905021002e-19,0.09878706837065253,0.007066320354074208
