Training error,Training violation,Test error,Test violation
0.07486161345092351,0.00036817046347811105,0.09753195714821158,0.006771045524227347
,,,
0.07486161345092351,0.00036817046347811105,0.09753195714821158,0.006771045524227347
