Training error,Training violation,Test error,Test violation
0.07793420067608892,7.255744942917759e-19,0.09824754827001016,0.009259700023160644
,,,
0.07793420067608892,7.255744942917759e-19,0.09824754827001016,0.009259700023160644
