Training error,Training violation,Test error,Test violation
0.05671464413046349,0.005092088785385911,0.10020778872578591,0.014890862005179431
,,,
0.05671464413046349,0.005092088785385911,0.10020778872578591,0.014890862005179431
