Training error,Training violation,Test error,Test violation
0.07957428578795936,3.297389693290238e-19,0.10024783594219364,0.0060549737850426125
,,,
0.07957428578795936,3.297389693290238e-19,0.10024783594219364,0.0060549737850426125
