Training error,Training violation,Test error,Test violation
0.09762139821063598,8.257453565884327e-20,0.10158953394995879,0.0017604056383245879
,,,
0.09762139821063598,8.257453565884327e-20,0.10158953394995879,0.0017604056383245879
