Training error,Training violation,Test error,Test violation
0.05737488445794269,0.007084202462026307,0.1024867618473088,0.017677610301576503
,,,
0.05737488445794269,0.007084202462026307,0.1024867618473088,0.017677610301576503
