Training error,Training violation,Test error,Test violation
0.07781758126062498,4.549636605466033e-19,0.10270256509805575,0.004501167830519012
,,,
0.07781758126062498,4.549636605466033e-19,0.10270256509805575,0.004501167830519012
