Training error,Training violation,Test error,Test violation
0.07710849038337766,4.316731815279672e-19,0.0992339005570642,0.01013752734489137
,,,
0.07710849038337766,4.316731815279672e-19,0.0992339005570642,0.01013752734489137
