Training error,Training violation,Test error,Test violation
0.07705069643149823,5.767165059793849e-19,0.09930655040898052,0.009986827136705371
,,,
0.07705069643149823,5.767165059793849e-19,0.09930655040898052,0.009986827136705371
