Training error,Training violation,Test error,Test violation
0.1168497501043864,1.5618339949039895e-17,0.11677595992830583,0.0001561082323044569
,,,
0.1168497501043864,1.5618339949039895e-17,0.11677595992830583,0.0001561082323044569
