Training error,Training violation,Test error,Test violation
0.07271011255784701,6.384145187590956e-19,0.10698170364434671,0.0032689945158587376
,,,
0.07271011255784701,6.384145187590956e-19,0.10698170364434671,0.0032689945158587376
