Training error,Training violation,Test error,Test violation
0.05889343721114486,0.008969460004051084,0.09973858837723708,0.011887269819674674
,,,
0.05889343721114486,0.008969460004051084,0.09973858837723708,0.011887269819674674
