Training error,Training violation,Test error,Test violation
0.07161787048289008,0.0011271360465211974,0.1026011532200654,0.006803639986286991
,,,
0.07161787048289008,0.0011271360465211974,0.1026011532200654,0.006803639986286991
