Training error,Training violation,Test error,Test violation
0.0808796743725797,4.172999412462212e-18,0.09889908728741265,0.008114263769134825
,,,
0.0808796743725797,4.172999412462212e-18,0.09889908728741265,0.008114263769134825
