Training error,Training violation,Test error,Test violation
0.0770779375493552,7.652231742500147e-19,0.09838407526140004,0.006896732335813575
,,,
0.0770779375493552,7.652231742500147e-19,0.09838407526140004,0.006896732335813575
