Training error,Training violation,Test error,Test violation
0.07489298142509712,7.397984220074671e-19,0.09860285914576086,0.007452628001787818
,,,
0.07489298142509712,7.397984220074671e-19,0.09860285914576086,0.007452628001787818
