Training error,Training violation,Test error,Test violation
0.07803937520129242,0.0008935352004052666,0.09852652723018912,0.00447695124665973
,,,
0.07803937520129242,0.0008935352004052666,0.09852652723018912,0.00447695124665973
