Training error,Training violation,Test error,Test violation
0.0875620790955581,7.627375324321498e-18,0.11311409488099802,0.0034027363958049855
,,,
0.0875620790955581,7.627375324321498e-18,0.11311409488099802,0.0034027363958049855
