Training error,Training violation,Test error,Test violation
0.07427408323179181,1.246171882023748e-18,0.09993985077338582,0.011164889720871629
,,,
0.07427408323179181,1.246171882023748e-18,0.09993985077338582,0.011164889720871629
