Training error,Training violation,Test error,Test violation
0.05750693252343853,0.0037087777366783016,0.10014076010456464,0.0195533039752724
,,,
0.05750693252343853,0.0037087777366783016,0.10014076010456464,0.0195533039752724
