Training error,Training violation,Test error,Test violation
0.07054733070083176,5.682216040834947e-19,0.1022100072652632,0.0031790403341919976
,,,
0.07054733070083176,5.682216040834947e-19,0.1022100072652632,0.0031790403341919976
