Training error,Training violation,Test error,Test violation
0.05671464413046349,0.009092147623774638,0.10309001943830015,0.02388003771198071
,,,
0.05671464413046349,0.009092147623774638,0.10309001943830015,0.02388003771198071
