Training error,Training violation,Test error,Test violation
0.08762012155296497,2.1486027206010157e-18,0.1013508017437719,0.006347638483983057
,,,
0.08762012155296497,2.1486027206010157e-18,0.1013508017437719,0.006347638483983057
