Training error,Training violation,Test error,Test violation
0.07655634456346105,9.396536921122439e-19,0.09946359327213859,0.00832768175309941
,,,
0.07655634456346105,9.396536921122439e-19,0.09946359327213859,0.00832768175309941
