Training error,Training violation,Test error,Test violation
0.0706491939918627,2.2182968610993743e-18,0.10175718157627751,0.003924581061905427
,,,
0.0706491939918627,2.2182968610993743e-18,0.10175718157627751,0.003924581061905427
