Training error,Training violation,Test error,Test violation
0.11688768077769167,3.9947101939982744e-18,0.11706669153931243,9.717609296099003e-05
,,,
0.11688768077769167,3.9947101939982744e-18,0.11706669153931243,9.717609296099003e-05
