Training error,Training violation,Test error,Test violation
0.058662353096527134,0.004907743512556066,0.0977947583618205,0.013437637988853487
,,,
0.058662353096527134,0.004907743512556066,0.0977947583618205,0.013437637988853487
