Training error,Training violation,Test error,Test violation
0.07089273251137845,0.0007898125021647351,0.0998213168536689,0.007758768135007244
,,,
0.07089273251137845,0.0007898125021647351,0.0998213168536689,0.007758768135007244
