Training error,Training violation,Test error,Test violation
0.07303303982066084,3.588363111579443e-19,0.09967040798071647,0.0089679009867241
,,,
0.07303303982066084,3.588363111579443e-19,0.09967040798071647,0.0089679009867241
