Training error,Training violation,Test error,Test violation
0.10823052977939095,8.359980223807908e-18,0.10883634733797286,0.0010981986989661544
,,,
0.10823052977939095,8.359980223807908e-18,0.10883634733797286,0.0010981986989661544
