Training error,Training violation,Test error,Test violation
0.07445743120634289,1.0725830323334737e-18,0.09884110029177423,0.010978424617847872
,,,
0.07445743120634289,1.0725830323334737e-18,0.09884110029177423,0.010978424617847872
