Training error,Training violation,Test error,Test violation
0.07798228459112519,3.4577537355973917e-18,0.10021637132776409,0.00831165617617072
,,,
0.07798228459112519,3.4577537355973917e-18,0.10021637132776409,0.00831165617617072
