Training error,Training violation,Test error,Test violation
0.05932259342400634,0.008703705730900731,0.10101213218044104,0.015292088837969758
,,,
0.05932259342400634,0.008703705730900731,0.10101213218044104,0.015292088837969758
