Training error,Training violation,Test error,Test violation
0.08014569698552358,3.9353091726335605e-18,0.10249539279046924,0.010598236604840744
,,,
0.08014569698552358,3.9353091726335605e-18,0.10249539279046924,0.010598236604840744
