Training error,Training violation,Test error,Test violation
0.11689796593425292,4.743759850162809e-17,0.11694001575012025,9.260036510256038e-05
,,,
0.11689796593425292,4.743759850162809e-17,0.11694001575012025,9.260036510256038e-05
