Training error,Training violation,Test error,Test violation
0.07164809844164262,2.719961235806981e-18,0.09761166038723634,0.011385016855405796
,,,
0.07164809844164262,2.719961235806981e-18,0.09761166038723634,0.011385016855405796
