Training error,Training violation,Test error,Test violation
0.08166840628492772,0.0012319562076525993,0.0959314015038979,0.009331798188391088
,,,
0.08166840628492772,0.0012319562076525993,0.0959314015038979,0.009331798188391088
