Training error,Training violation,Test error,Test violation
0.06364716756899512,0.010539432113472053,0.10764796568134594,0.02462914563269008
,,,
0.06364716756899512,0.010539432113472053,0.10764796568134594,0.02462914563269008
