Training error,Training violation,Test error,Test violation
0.08174928824144613,2.165275657070393e-18,0.10751734658444162,0.006404767846464047
,,,
0.08174928824144613,2.165275657070393e-18,0.10751734658444162,0.006404767846464047
