Training error,Training violation,Test error,Test violation
0.07192740744007192,0.00036550664421513586,0.09904023974984211,0.010544950682029031
,,,
0.07192740744007192,0.00036550664421513586,0.09904023974984211,0.010544950682029031
