Training error,Training violation,Test error,Test violation
0.07860754355030859,8.199062042342214e-22,0.09968544150552884,0.0077826152235485075
,,,
0.07860754355030859,8.199062042342214e-22,0.09968544150552884,0.0077826152235485075
