Training error,Training violation,Test error,Test violation
0.1165283445104975,3.3209304731452476e-18,0.11672852661597802,0.0002443883169836163
,,,
0.1165283445104975,3.3209304731452476e-18,0.11672852661597802,0.0002443883169836163
