Training error,Training violation,Test error,Test violation
0.11640981780677587,1.3278161902625738e-17,0.1167166890507117,0.0016929586145944956
,,,
0.11640981780677587,1.3278161902625738e-17,0.1167166890507117,0.0016929586145944956
