Training error,Training violation,Test error,Test violation
0.08363376597089066,8.613938309401729e-19,0.09952547349239715,0.005708973312271687
,,,
0.08363376597089066,8.613938309401729e-19,0.09952547349239715,0.005708973312271687
