Training error,Training violation,Test error,Test violation
0.1167646330753414,3.417426304173312e-17,0.1171064297856292,0.0007789982623726975
,,,
0.1167646330753414,3.417426304173312e-17,0.1171064297856292,0.0007789982623726975
