Training error,Training violation,Test error,Test violation
0.07381439890062494,2.220865306848745e-19,0.10055431257788526,0.008497599518769439
,,,
0.07381439890062494,2.220865306848745e-19,0.10055431257788526,0.008497599518769439
