Training error,Training violation,Test error,Test violation
0.0720876719025222,2.3805600921791222e-18,0.10028250879164245,0.00728895965644373
,,,
0.0720876719025222,2.3805600921791222e-18,0.10028250879164245,0.00728895965644373
