Training error,Training violation,Test error,Test violation
0.07639174044040799,1.6421044219929378e-19,0.1002553585221907,0.010126686735848132
,,,
0.07639174044040799,1.6421044219929378e-19,0.1002553585221907,0.010126686735848132
