Training error,Training violation,Test error,Test violation
0.08037122677063471,2.6220138030489686e-18,0.09876104802081576,0.008204699071306961
,,,
0.08037122677063471,2.6220138030489686e-18,0.09876104802081576,0.008204699071306961
