Training error,Training violation,Test error,Test violation
0.07145408550437818,3.2410412895344834e-17,0.1044559197957898,0.0050751031682318174
,,,
0.07145408550437818,3.2410412895344834e-17,0.1044559197957898,0.0050751031682318174
