Training error,Training violation,Test error,Test violation
0.11677865241713264,3.765516703364878e-17,0.11647841971770692,0.00010671220253883582
,,,
0.11677865241713264,3.765516703364878e-17,0.11647841971770692,0.00010671220253883582
