Training error,Training violation,Test error,Test violation
0.062260662881288786,0.009597192413695513,0.10463167772638916,0.02122420727268387
,,,
0.062260662881288786,0.009597192413695513,0.10463167772638916,0.02122420727268387
