Training error,Training violation,Test error,Test violation
0.07923608734027084,1.1966435784275073e-18,0.10083841240856284,0.005984329501465693
,,,
0.07923608734027084,1.1966435784275073e-18,0.10083841240856284,0.005984329501465693
