Training error,Training violation,Test error,Test violation
0.0773387966199479,3.051071453377733e-18,0.10090135735681732,0.006645547346198843
,,,
0.0773387966199479,3.051071453377733e-18,0.10090135735681732,0.006645547346198843
