Training error,Training violation,Test error,Test violation
0.0738149623947448,0.0008337897519934347,0.10166423846000809,0.0027361541943024406
,,,
0.0738149623947448,0.0008337897519934347,0.10166423846000809,0.0027361541943024406
