Training error,Training violation,Test error,Test violation
0.11699338015660461,1.7012457430656322e-17,0.1168271169164024,0.0001390287477526934
,,,
0.11699338015660461,1.7012457430656322e-17,0.1168271169164024,0.0001390287477526934
