Training error,Training violation,Test error,Test violation
0.05777102865443021,0.006003327120563562,0.10020778872578591,0.01634360865466089
,,,
0.05777102865443021,0.006003327120563562,0.10020778872578591,0.01634360865466089
