Training error,Training violation,Test error,Test violation
0.07810410526218095,0.0007604586578831943,0.10384748395022297,0.003346962030620808
,,,
0.07810410526218095,0.0007604586578831943,0.10384748395022297,0.003346962030620808
