Training error,Training violation,Test error,Test violation
0.05856331704740526,0.004724601085870948,0.10054293183189222,0.017742532192426573
,,,
0.05856331704740526,0.004724601085870948,0.10054293183189222,0.017742532192426573
