Training error,Training violation,Test error,Test violation
0.07139550701147049,4.677351710251705e-18,0.10428648142779957,0.0011251731406204677
,,,
0.07139550701147049,4.677351710251705e-18,0.10428648142779957,0.0011251731406204677
