Training error,Training violation,Test error,Test violation
0.07190254113926091,4.2652866060921e-18,0.10421704550000585,0.006266900663241936
,,,
0.07190254113926091,4.2652866060921e-18,0.10421704550000585,0.006266900663241936
