Training error,Training violation,Test error,Test violation
0.0799219260584241,4.964227869952385e-18,0.09884619938836203,0.001194579066224637
,,,
0.0799219260584241,4.964227869952385e-18,0.09884619938836203,0.001194579066224637
