Training error,Training violation,Test error,Test violation
0.060610062062590786,0.007220338947031783,0.10154836115021114,0.00807012518945497
,,,
0.060610062062590786,0.007220338947031783,0.10154836115021114,0.00807012518945497
