Training error,Training violation,Test error,Test violation
0.07490200689640159,5.972700633696483e-19,0.09998709658113883,0.00797651576224944
,,,
0.07490200689640159,5.972700633696483e-19,0.09998709658113883,0.00797651576224944
