Training error,Training violation,Test error,Test violation
0.11669276579977542,8.35331942106558e-17,0.11651998662462941,0.0006607502965623302
,,,
0.11669276579977542,8.35331942106558e-17,0.11651998662462941,0.0006607502965623302
