Training error,Training violation,Test error,Test violation
0.056813680179585366,0.01031412038451613,0.1030229908170789,0.010557212454644083
,,,
0.056813680179585366,0.01031412038451613,0.1030229908170789,0.010557212454644083
