Training error,Training violation,Test error,Test violation
0.07237351811508355,8.68991886966926e-19,0.0981516372630051,0.009712866395372877
,,,
0.07237351811508355,8.68991886966926e-19,0.0981516372630051,0.009712866395372877
