Training error,Training violation,Test error,Test violation
0.06863420151511881,1.4606070027020684e-19,0.10343652444281073,0.006375825577825305
,,,
0.06863420151511881,1.4606070027020684e-19,0.10343652444281073,0.006375825577825305
