Training error,Training violation,Test error,Test violation
0.07455141205506274,2.5707155939776705e-18,0.09825356261087059,0.011327234757334364
,,,
0.07455141205506274,2.5707155939776705e-18,0.09825356261087059,0.011327234757334364
