Training error,Training violation,Test error,Test violation
0.08213139733695572,9.135053099434397e-19,0.09918030815144901,0.009431225597941066
,,,
0.08213139733695572,9.135053099434397e-19,0.09918030815144901,0.009431225597941066
