Training error,Training violation,Test error,Test violation
0.11680032751592401,4.7426005507162416e-17,0.11637475774731768,0.0017644143240106056
,,,
0.11680032751592401,4.7426005507162416e-17,0.11637475774731768,0.0017644143240106056
