Training error,Training violation,Test error,Test violation
0.11133417298288918,1.531261734922171e-17,0.11229017327745314,0.0018638381062979436
,,,
0.11133417298288918,1.531261734922171e-17,0.11229017327745314,0.0018638381062979436
