Training error,Training violation,Test error,Test violation
0.07283883759231922,0.0013121311441219898,0.0998833192274952,0.007144819134034856
,,,
0.07283883759231922,0.0013121311441219898,0.0998833192274952,0.007144819134034856
