Training error,Training violation,Test error,Test violation
0.07462745267816363,4.547875774821646e-18,0.10073508175521527,0.0012883130094278807
,,,
0.07462745267816363,4.547875774821646e-18,0.10073508175521527,0.0012883130094278807
