Training error,Training violation,Test error,Test violation
0.11698938288055362,5.042486050297312e-18,0.1170270315735825,0.0004042146551285134
,,,
0.11698938288055362,5.042486050297312e-18,0.1170270315735825,0.0004042146551285134
