Training error,Training violation,Test error,Test violation
0.07459943379487467,6.833025260567846e-20,0.0983398270033909,0.01085713393409921
,,,
0.07459943379487467,6.833025260567846e-20,0.0983398270033909,0.01085713393409921
