Training error,Training violation,Test error,Test violation
0.09051916083935177,2.3608548577240303e-18,0.09883840379915686,0.004901626053074507
,,,
0.09051916083935177,2.3608548577240303e-18,0.09883840379915686,0.004901626053074507
