Training error,Training violation,Test error,Test violation
0.07448684251541945,1.3838492898861605e-18,0.09804396893620526,0.010180548232508019
,,,
0.07448684251541945,1.3838492898861605e-18,0.09804396893620526,0.010180548232508019
