Training error,Training violation,Test error,Test violation
0.08065398518294115,2.701109912242586e-19,0.09890407478254856,0.00821095619244909
,,,
0.08065398518294115,2.701109912242586e-19,0.09890407478254856,0.00821095619244909
