Training error,Training violation,Test error,Test violation
0.08883841827900099,3.4024858151853635e-17,0.10385586545031555,0.004481675250464563
,,,
0.08883841827900099,3.4024858151853635e-17,0.10385586545031555,0.004481675250464563
