Training error,Training violation,Test error,Test violation
0.1146539702603053,1.747066101135027e-17,0.11682579480909834,0.001300013438842959
,,,
0.1146539702603053,1.747066101135027e-17,0.11682579480909834,0.001300013438842959
