Training error,Training violation,Test error,Test violation
0.06973379870424318,2.0189484216707416e-19,0.09970762765784089,0.010720899899001721
,,,
0.06973379870424318,2.0189484216707416e-19,0.09970762765784089,0.010720899899001721
