Training error,Training violation,Test error,Test violation
0.07834262231811148,1.0996139579413088e-18,0.10001789336467669,0.008690861829411645
,,,
0.07834262231811148,1.0996139579413088e-18,0.10001789336467669,0.008690861829411645
