Training error,Training violation,Test error,Test violation
0.07622333530119903,0.0012916735816627665,0.09996843146848744,0.005501846982081337
,,,
0.07622333530119903,0.0012916735816627665,0.09996843146848744,0.005501846982081337
