Training error,Training violation,Test error,Test violation
0.06949764463086965,1.3928415730604852e-19,0.10510666781166277,0.001130870444896249
,,,
0.06949764463086965,1.3928415730604852e-19,0.10510666781166277,0.001130870444896249
