Training error,Training violation,Test error,Test violation
0.07683474747371524,3.509624701948092e-19,0.09981213922025121,0.00757249154426485
,,,
0.07683474747371524,3.509624701948092e-19,0.09981213922025121,0.00757249154426485
