Training error,Training violation,Test error,Test violation
0.11698895146121416,8.12205844850987e-18,0.11692341442501131,0.00017187608597745438
,,,
0.11698895146121416,8.12205844850987e-18,0.11692341442501131,0.00017187608597745438
