Training error,Training violation,Test error,Test violation
0.05727584840882081,0.008666318360354502,0.1038943628929553,0.016756172950007753
,,,
0.05727584840882081,0.008666318360354502,0.1038943628929553,0.016756172950007753
