Training error,Training violation,Test error,Test violation
0.06971710487436511,3.9177860246149725e-19,0.10076561861475633,0.010116117312629923
,,,
0.06971710487436511,3.9177860246149725e-19,0.10076561861475633,0.010116117312629923
