Training error,Training violation,Test error,Test violation
0.07131584557070553,6.710276578785399e-18,0.10399881769465925,0.0029302342236711444
,,,
0.07131584557070553,6.710276578785399e-18,0.10399881769465925,0.0029302342236711444
