Training error,Training violation,Test error,Test violation
0.07239755585975126,4.522799047090449e-20,0.09924987096905062,0.006252695264426514
,,,
0.07239755585975126,4.522799047090449e-20,0.09924987096905062,0.006252695264426514
