Training error,Training violation,Test error,Test violation
0.1170065308035719,1.2565129623414996e-17,0.11702940750818429,0.0002778364104271333
,,,
0.1170065308035719,1.2565129623414996e-17,0.11702940750818429,0.0002778364104271333
