Training error,Training violation,Test error,Test violation
0.08002090752206012,0.0006897238614576308,0.09887676528444868,0.005154831114683348
,,,
0.08002090752206012,0.0006897238614576308,0.09887676528444868,0.005154831114683348
