Training error,Training violation,Test error,Test violation
0.08093588915541543,3.131582861493377e-18,0.0976135749407744,0.00874315471785109
,,,
0.08093588915541543,3.131582861493377e-18,0.0976135749407744,0.00874315471785109
