Training error,Training violation,Test error,Test violation
0.05994982173511158,0.005607260474153407,0.10409544875661908,0.017580346807012516
,,,
0.05994982173511158,0.005607260474153407,0.10409544875661908,0.017580346807012516
