Training error,Training violation,Test error,Test violation
0.11595857064717445,7.553994107164441e-18,0.11735670154062725,0.0008101114543764025
,,,
0.11595857064717445,7.553994107164441e-18,0.11735670154062725,0.0008101114543764025
