Training error,Training violation,Test error,Test violation
0.07838357131597265,2.118602988764967e-19,0.10106436464868675,0.000856812681859292
,,,
0.07838357131597265,2.118602988764967e-19,0.10106436464868675,0.000856812681859292
