Training error,Training violation,Test error,Test violation
0.07496515139441785,-1.5977837302357686e-19,0.09858213919950598,0.009689815819514514
,,,
0.07496515139441785,-1.5977837302357686e-19,0.09858213919950598,0.009689815819514514
