Training error,Training violation,Test error,Test violation
0.07903828095272802,1.1232201539824245e-18,0.09743176447648207,0.004814990645344422
,,,
0.07903828095272802,1.1232201539824245e-18,0.09743176447648207,0.004814990645344422
