Training error,Training violation,Test error,Test violation
0.08601311576183157,2.6077906028522233e-17,0.10118808568441551,0.005933753227773025
,,,
0.08601311576183157,2.6077906028522233e-17,0.10118808568441551,0.005933753227773025
