Training error,Training violation,Test error,Test violation
0.07486197650012068,1.0496330085179863e-20,0.10111883629608913,0.00416720484200998
,,,
0.07486197650012068,1.0496330085179863e-20,0.10111883629608913,0.00416720484200998
