Training error,Training violation,Test error,Test violation
0.11626248750520954,2.825196550460468e-17,0.11591242944771915,0.0007025900700769784
,,,
0.11626248750520954,2.825196550460468e-17,0.11591242944771915,0.0007025900700769784
