Training error,Training violation,Test error,Test violation
0.11639890590541348,2.050250237412982e-17,0.1162197428356106,0.00032217526664801986
,,,
0.11639890590541348,2.050250237412982e-17,0.1162197428356106,0.00032217526664801986
