Training error,Training violation,Test error,Test violation
0.07397176946287594,2.4295018075945737e-19,0.09900154468282353,0.009847448946401577
,,,
0.07397176946287594,2.4295018075945737e-19,0.09900154468282353,0.009847448946401577
