Training error,Training violation,Test error,Test violation
0.07250238341505597,9.257507986125448e-18,0.09998652417690782,0.002307677434760536
,,,
0.07250238341505597,9.257507986125448e-18,0.09998652417690782,0.002307677434760536
