Training error,Training violation,Test error,Test violation
0.07527426312553481,5.16371858974267e-19,0.10011006909865924,0.009200523952196461
,,,
0.07527426312553481,5.16371858974267e-19,0.10011006909865924,0.009200523952196461
