Training error,Training violation,Test error,Test violation
0.0810837295344661,1.974664820083826e-19,0.09900241632121558,0.010103129272900434
,,,
0.0810837295344661,1.974664820083826e-19,0.09900241632121558,0.010103129272900434
