Training error,Training violation,Test error,Test violation
0.08054953876145186,1.5074250547873292e-18,0.09996981874373771,0.005511592291761258
,,,
0.08054953876145186,1.5074250547873292e-18,0.09996981874373771,0.005511592291761258
