Training error,Training violation,Test error,Test violation
0.07403017184200446,2.5067857599583825e-18,0.09866136016474805,0.008298402518571828
,,,
0.07403017184200446,2.5067857599583825e-18,0.09866136016474805,0.008298402518571828
