Training error,Training violation,Test error,Test violation
0.07697821713846113,1.8591215372359215e-19,0.09906309939518902,0.007223701118233267
,,,
0.07697821713846113,1.8591215372359215e-19,0.09906309939518902,0.007223701118233267
