Training error,Training violation,Test error,Test violation
0.07162756297745834,4.524488746920246e-19,0.100627704720642,0.008061831731502996
,,,
0.07162756297745834,4.524488746920246e-19,0.100627704720642,0.008061831731502996
