Training error,Training violation,Test error,Test violation
0.1170026508106776,3.287041423532151e-17,0.11694560805978713,0.0001706767944843593
,,,
0.1170026508106776,3.287041423532151e-17,0.11694560805978713,0.0001706767944843593
