Training error,Training violation,Test error,Test violation
0.07183387641385564,7.997918023322027e-19,0.09887972026898503,0.011187943282316828
,,,
0.07183387641385564,7.997918023322027e-19,0.09887972026898503,0.011187943282316828
