Training error,Training violation,Test error,Test violation
0.0710612785311916,1.1647844148398807e-19,0.1043352264055381,0.0075745216757316354
,,,
0.0710612785311916,1.1647844148398807e-19,0.1043352264055381,0.0075745216757316354
