Training error,Training violation,Test error,Test violation
0.07251647914701793,7.48384420498161e-18,0.10292459658221961,0.0034727336292654323
,,,
0.07251647914701793,7.48384420498161e-18,0.10292459658221961,0.0034727336292654323
