Training error,Training violation,Test error,Test violation
0.07545208727631389,1.6787829173116089e-21,0.09889512538304199,0.009995004216379208
,,,
0.07545208727631389,1.6787829173116089e-21,0.09889512538304199,0.009995004216379208
