Training error,Training violation,Test error,Test violation
0.11585372022464373,3.370464196298405e-17,0.11552031655645485,0.0007888674056107686
,,,
0.11585372022464373,3.370464196298405e-17,0.11552031655645485,0.0007888674056107686
