Training error,Training violation,Test error,Test violation
0.11517381360649327,2.589235542412731e-18,0.11545538784930395,0.0005310430719081067
,,,
0.11517381360649327,2.589235542412731e-18,0.11545538784930395,0.0005310430719081067
