Training error,Training violation,Test error,Test violation
0.11597328540581733,2.3388668178659695e-17,0.11587601064318886,0.0009099691594527497
,,,
0.11597328540581733,2.3388668178659695e-17,0.11587601064318886,0.0009099691594527497
