Training error,Training violation,Test error,Test violation
0.09110951424025021,2.3942593635568908e-17,0.1009955422932515,0.006008198429268906
,,,
0.09110951424025021,2.3942593635568908e-17,0.1009955422932515,0.006008198429268906
