Training error,Training violation,Test error,Test violation
0.07803514253891342,2.4156692118573875e-18,0.09890048058704384,0.009371100778550662
,,,
0.07803514253891342,2.4156692118573875e-18,0.09890048058704384,0.009371100778550662
