Training error,Training violation,Test error,Test violation
0.11526832424002793,5.522543060422453e-18,0.11592532979136363,0.0004947426715060135
,,,
0.11526832424002793,5.522543060422453e-18,0.11592532979136363,0.0004947426715060135
