Training error,Training violation,Test error,Test violation
0.06992077380177301,6.916060794591496e-19,0.10135743330487322,0.006377531215353069
,,,
0.06992077380177301,6.916060794591496e-19,0.10135743330487322,0.006377531215353069
