Training error,Training violation,Test error,Test violation
0.07999720228594738,2.1573805205116543e-18,0.09748848578879694,0.007421509216125037
,,,
0.07999720228594738,2.1573805205116543e-18,0.09748848578879694,0.007421509216125037
