Training error,Training violation,Test error,Test violation
0.07196964985121965,5.139336330406614e-19,0.09833829670068343,0.010305733380940357
,,,
0.07196964985121965,5.139336330406614e-19,0.09833829670068343,0.010305733380940357
