Training error,Training violation,Test error,Test violation
0.07316189781127022,1.3690885311246177e-18,0.10025839485349888,0.009217268237652322
,,,
0.07316189781127022,1.3690885311246177e-18,0.10025839485349888,0.009217268237652322
