Training error,Training violation,Test error,Test violation
0.058662353096527134,0.010395507723333756,0.10322407668074268,0.0185592968969034
,,,
0.058662353096527134,0.010395507723333756,0.10322407668074268,0.0185592968969034
