Training error,Training violation,Test error,Test violation
0.07994282016186162,6.616237601036694e-19,0.09935263424062193,0.010737916726255934
,,,
0.07994282016186162,6.616237601036694e-19,0.09935263424062193,0.010737916726255934
