Training error,Training violation,Test error,Test violation
0.07162354538260524,1.2048149648109892e-18,0.10026384178680935,0.010461247180766818
,,,
0.07162354538260524,1.2048149648109892e-18,0.10026384178680935,0.010461247180766818
