Training error,Training violation,Test error,Test violation
0.07640829582777361,1.9153719249142165e-18,0.09893600899738414,0.008334042693185299
,,,
0.07640829582777361,1.9153719249142165e-18,0.09893600899738414,0.008334042693185299
