Training error,Training violation,Test error,Test violation
0.08772828310772227,2.844852157337573e-18,0.10126269483957331,0.0032991621207739056
,,,
0.08772828310772227,2.844852157337573e-18,0.10126269483957331,0.0032991621207739056
