Training error,Training violation,Test error,Test violation
0.07448803997929913,5.211504846482544e-18,0.10125053509318713,0.002971549129541963
,,,
0.07448803997929913,5.211504846482544e-18,0.10125053509318713,0.002971549129541963
