Training error,Training violation,Test error,Test violation
0.0593556054403803,0.005508511359694154,0.10228567598364502,0.022514052486484547
,,,
0.0593556054403803,0.005508511359694154,0.10228567598364502,0.022514052486484547
