Training error,Training violation,Test error,Test violation
0.07859564630183667,3.009222031944747e-21,0.09753172216661116,0.006900106225898875
,,,
0.07859564630183667,3.009222031944747e-21,0.09753172216661116,0.006900106225898875
