Training error,Training violation,Test error,Test violation
0.05737488445794269,0.007120304873373326,0.10047590321067096,0.013578461207976802
,,,
0.05737488445794269,0.007120304873373326,0.10047590321067096,0.013578461207976802
