Training error,Training violation,Test error,Test violation
0.07724544386738068,2.7915615249504034e-19,0.09908580051560337,0.008090827493564655
,,,
0.07724544386738068,2.7915615249504034e-19,0.09908580051560337,0.008090827493564655
