Training error,Training violation,Test error,Test violation
0.07635821067025322,2.0282571371721405e-18,0.09858148523337126,0.010099762512618776
,,,
0.07635821067025322,2.0282571371721405e-18,0.09858148523337126,0.010099762512618776
