Training error,Training violation,Test error,Test violation
0.05928958140763238,0.008347788120852628,0.0986661304376969,0.022068907904001525
,,,
0.05928958140763238,0.008347788120852628,0.0986661304376969,0.022068907904001525
