Training error,Training violation,Test error,Test violation
0.08471662947222319,8.735103863112357e-19,0.09935499944723528,0.004670952314572038
,,,
0.08471662947222319,8.735103863112357e-19,0.09935499944723528,0.004670952314572038
