Training error,Training violation,Test error,Test violation
0.07367450879242768,2.0417511837665625e-18,0.09749976935595486,0.010333043127943592
,,,
0.07367450879242768,2.0417511837665625e-18,0.09749976935595486,0.010333043127943592
