Training error,Training violation,Test error,Test violation
0.07618840138716954,5.59994255401582e-19,0.0984258861329685,0.010479214513333675
,,,
0.07618840138716954,5.59994255401582e-19,0.0984258861329685,0.010479214513333675
