Training error,Training violation,Test error,Test violation
0.08798003982535746,6.1518563879556305e-18,0.10810834206528248,0.00533921031029125
,,,
0.08798003982535746,6.1518563879556305e-18,0.10810834206528248,0.00533921031029125
