Training error,Training violation,Test error,Test violation
0.11690887079273503,3.638088238058179e-17,0.11697088418123941,0.0001830617674617428
,,,
0.11690887079273503,3.638088238058179e-17,0.11697088418123941,0.0001830617674617428
