Training error,Training violation,Test error,Test violation
0.07673079979708786,2.241804522964533e-18,0.09811327432386678,0.008234990891731837
,,,
0.07673079979708786,2.241804522964533e-18,0.09811327432386678,0.008234990891731837
