Training error,Training violation,Test error,Test violation
0.10724370058305907,3.1444636424368615e-17,0.10902557871407392,0.0013417861781521
,,,
0.10724370058305907,3.1444636424368615e-17,0.10902557871407392,0.0013417861781521
