Training error,Training violation,Test error,Test violation
0.07803769711750128,0.0017039856262436985,0.10181058793552841,0.0064528593752531515
,,,
0.07803769711750128,0.0017039856262436985,0.10181058793552841,0.0064528593752531515
