Training error,Training violation,Test error,Test violation
0.06761919634276262,3.701151673827924e-20,0.10099419516205041,0.0058318408977838755
,,,
0.06761919634276262,3.701151673827924e-20,0.10099419516205041,0.0058318408977838755
