Training error,Training violation,Test error,Test violation
0.07403662355131872,1.9907427079525155e-18,0.10113451138174784,0.003511163845427647
,,,
0.07403662355131872,1.9907427079525155e-18,0.10113451138174784,0.003511163845427647
