Training error,Training violation,Test error,Test violation
0.11682952594744488,0.0,0.11669682954621624,0.0
,,,
0.11682952594744488,0.0,0.11669682954621624,0.0
