Training error,Training violation,Test error,Test violation
0.05925656939125842,0.003746802683319443,0.09940344527113078,0.012341842397336288
,,,
0.05925656939125842,0.003746802683319443,0.09940344527113078,0.012341842397336288
