Training error,Training violation,Test error,Test violation
0.11655087057833503,1.415435806727307e-17,0.11669666785324644,0.0002928578385800383
,,,
0.11655087057833503,1.415435806727307e-17,0.11669666785324644,0.0002928578385800383
