Training error,Training violation,Test error,Test violation
0.11702759804568863,0.0,0.11689791540988002,0.0
,,,
0.11702759804568863,0.0,0.11689791540988002,0.0
