Training error,Training violation,Test error,Test violation
0.11686674073610478,2.974877861033641e-17,0.11682545447926895,0.0001678965046325691
,,,
0.11686674073610478,2.974877861033641e-17,0.11682545447926895,0.0001678965046325691
