Training error,Training violation,Test error,Test violation
0.07003294405072516,-6.549439336222979e-21,0.1011993324136348,0.010034721970171216
,,,
0.07003294405072516,-6.549439336222979e-21,0.1011993324136348,0.010034721970171216
