Training error,Training violation,Test error,Test violation
0.07534185204502197,5.625426153276463e-19,0.09970497617774046,0.009090919587454083
,,,
0.07534185204502197,5.625426153276463e-19,0.09970497617774046,0.009090919587454083
