Training error,Training violation,Test error,Test violation
0.09100034128170652,4.383250287312534e-18,0.1005713302073044,0.004575233168878315
,,,
0.09100034128170652,4.383250287312534e-18,0.1005713302073044,0.004575233168878315
