Training error,Training violation,Test error,Test violation
0.08138551750179794,3.0170373308866853e-19,0.09845616775082303,0.010297771924816377
,,,
0.08138551750179794,3.0170373308866853e-19,0.09845616775082303,0.010297771924816377
