Training error,Training violation,Test error,Test violation
0.11680569139620249,3.817717664114824e-17,0.11657822442611329,0.00010643338318961779
,,,
0.11680569139620249,3.817717664114824e-17,0.11657822442611329,0.00010643338318961779
