Training error,Training violation,Test error,Test violation
0.07812455779457705,0.0006255980626364014,0.09756516280875444,0.0063731325920591475
,,,
0.07812455779457705,0.0006255980626364014,0.09756516280875444,0.0063731325920591475
