Training error,Training violation,Test error,Test violation
0.08168200434641008,1.0330823114890938e-19,0.09987907094368566,0.005690339575821426
,,,
0.08168200434641008,1.0330823114890938e-19,0.09987907094368566,0.005690339575821426
