Training error,Training violation,Test error,Test violation
0.08116455461432959,9.716919422064204e-19,0.09914388699467919,0.007574882125901075
,,,
0.08116455461432959,9.716919422064204e-19,0.09914388699467919,0.007574882125901075
