Training error,Training violation,Test error,Test violation
0.08174090327102405,2.219065838191279e-18,0.09866759563360161,0.006650722170363133
,,,
0.08174090327102405,2.219065838191279e-18,0.09866759563360161,0.006650722170363133
