Training error,Training violation,Test error,Test violation
0.0868688926473894,0.0011558983441914107,0.09869914978153994,0.0030314696275622415
,,,
0.0868688926473894,0.0011558983441914107,0.09869914978153994,0.0030314696275622415
