Training error,Training violation,Test error,Test violation
0.0791539284927066,1.01586323838746e-18,0.10037183826892301,0.007138101569807169
,,,
0.0791539284927066,1.01586323838746e-18,0.10037183826892301,0.007138101569807169
