Training error,Training violation,Test error,Test violation
0.07814325607620078,1.4588974534393333e-19,0.10058529900801264,0.009529519071584305
,,,
0.07814325607620078,1.4588974534393333e-19,0.10058529900801264,0.009529519071584305
