Training error,Training violation,Test error,Test violation
0.07372042680080276,4.5820688456917544e-20,0.09849858322266436,0.009586409955462222
,,,
0.07372042680080276,4.5820688456917544e-20,0.09849858322266436,0.009586409955462222
