Training error,Training violation,Test error,Test violation
0.08200881496349952,0.00040475127248967147,0.10026703209033186,0.005355589288106036
,,,
0.08200881496349952,0.00040475127248967147,0.10026703209033186,0.005355589288106036
