Training error,Training violation,Test error,Test violation
0.07250045166663693,2.593133981111007e-18,0.10512527753688977,0.00380443557276002
,,,
0.07250045166663693,2.593133981111007e-18,0.10512527753688977,0.00380443557276002
