Training error,Training violation,Test error,Test violation
0.11446318722977097,9.81959460313708e-18,0.11528122629272491,0.0009888390193517377
,,,
0.11446318722977097,9.81959460313708e-18,0.11528122629272491,0.0009888390193517377
