Training error,Training violation,Test error,Test violation
0.07813910735423361,5.672221929410331e-19,0.0983330089737911,0.010973750977394947
,,,
0.07813910735423361,5.672221929410331e-19,0.0983330089737911,0.010973750977394947
