Training error,Training violation,Test error,Test violation
0.0888578572881741,7.75199212573597e-18,0.10186820093806864,0.003507394120055138
,,,
0.0888578572881741,7.75199212573597e-18,0.10186820093806864,0.003507394120055138
