Training error,Training violation,Test error,Test violation
0.0691051408732025,2.451536107072008e-18,0.10085286732294578,0.008478787134488833
,,,
0.0691051408732025,2.451536107072008e-18,0.10085286732294578,0.008478787134488833
