Training error,Training violation,Test error,Test violation
0.0730211127955226,2.6918611340735785e-19,0.10156501656891238,0.009634928904972747
,,,
0.0730211127955226,2.6918611340735785e-19,0.10156501656891238,0.009634928904972747
