Training error,Training violation,Test error,Test violation
0.07603794951608331,6.045567039932687e-19,0.10305540476679012,0.012272072313122639
,,,
0.07603794951608331,6.045567039932687e-19,0.10305540476679012,0.012272072313122639
