Training error,Training violation,Test error,Test violation
0.07379699944618565,8.487259271693001e-19,0.0957653429134176,0.008983945105819588
,,,
0.07379699944618565,8.487259271693001e-19,0.0957653429134176,0.008983945105819588
