Training error,Training violation,Test error,Test violation
0.08270389072305181,5.507962997505562e-19,0.10151059832156376,0.007452214592923969
,,,
0.08270389072305181,5.507962997505562e-19,0.10151059832156376,0.007452214592923969
