Training error,Training violation,Test error,Test violation
0.07403957494354989,3.2591177544005004e-20,0.09990949132374059,0.00820412242347778
,,,
0.07403957494354989,3.2591177544005004e-20,0.09990949132374059,0.00820412242347778
