Training error,Training violation,Test error,Test violation
0.07400757759701737,1.7554344392535014e-18,0.09801870574494588,0.012108502511355375
,,,
0.07400757759701737,1.7554344392535014e-18,0.09801870574494588,0.012108502511355375
