Training error,Training violation,Test error,Test violation
0.06880798508861494,4.3865946076864606e-18,0.10595898734884232,0.006499100656250197
,,,
0.06880798508861494,4.3865946076864606e-18,0.10595898734884232,0.006499100656250197
