Training error,Training violation,Test error,Test violation
0.07031812613126287,7.839018940096187e-18,0.10563518376407213,0.005765337696790415
,,,
0.07031812613126287,7.839018940096187e-18,0.10563518376407213,0.005765337696790415
