Training error,Training violation,Test error,Test violation
0.11587168557794547,1.2271496179434943e-17,0.11647937093938297,0.001569998992918288
,,,
0.11587168557794547,1.2271496179434943e-17,0.11647937093938297,0.001569998992918288
