Training error,Training violation,Test error,Test violation
0.07650364991442456,2.980328825958502e-19,0.09858124686741573,0.009211661105078765
,,,
0.07650364991442456,2.980328825958502e-19,0.09858124686741573,0.009211661105078765
