Training error,Training violation,Test error,Test violation
0.06974133256014996,5.6056222193034785e-19,0.09877436996692238,0.011489822317452977
,,,
0.06974133256014996,5.6056222193034785e-19,0.09877436996692238,0.011489822317452977
