Training error,Training violation,Test error,Test violation
0.08704678569330167,2.9527491173215197e-18,0.09854036484250871,0.0035860240448794727
,,,
0.08704678569330167,2.9527491173215197e-18,0.09854036484250871,0.0035860240448794727
