Training error,Training violation,Test error,Test violation
0.05701175227782913,0.006085398734330016,0.10087807493799852,0.016875275977706966
,,,
0.05701175227782913,0.006085398734330016,0.10087807493799852,0.016875275977706966
