Training error,Training violation,Test error,Test violation
0.0801833627062478,2.6087786567642216e-19,0.09962138407549215,0.00834735422187614
,,,
0.0801833627062478,2.6087786567642216e-19,0.09962138407549215,0.00834735422187614
