Training error,Training violation,Test error,Test violation
0.08236075520943976,9.450759672923769e-19,0.09781353329127576,0.009640662720853023
,,,
0.08236075520943976,9.450759672923769e-19,0.09781353329127576,0.009640662720853023
