Training error,Training violation,Test error,Test violation
0.07850130336319584,1.4629068830839775e-18,0.09780965681731843,0.00732934524522858
,,,
0.07850130336319584,1.4629068830839775e-18,0.09780965681731843,0.00732934524522858
