Training error,Training violation,Test error,Test violation
0.10648467295939501,7.207507079023683e-18,0.10782333797690674,0.0012107918752679529
,,,
0.10648467295939501,7.207507079023683e-18,0.10782333797690674,0.0012107918752679529
