Training error,Training violation,Test error,Test violation
0.07122410510351815,8.004289280511004e-19,0.0986859487264524,0.007352101873987359
,,,
0.07122410510351815,8.004289280511004e-19,0.0986859487264524,0.007352101873987359
