Training error,Training violation,Test error,Test violation
0.0586953651129011,0.008289683492233097,0.10067698907433474,0.018263339419760598
,,,
0.0586953651129011,0.008289683492233097,0.10067698907433474,0.018263339419760598
