Training error,Training violation,Test error,Test violation
0.07686533837745409,2.461029853719159e-18,0.10090731312331978,0.010222403567618804
,,,
0.07686533837745409,2.461029853719159e-18,0.10090731312331978,0.010222403567618804
