Training error,Training violation,Test error,Test violation
0.07694810476222057,2.9886432587815307e-18,0.10038929979144065,0.009065585530648892
,,,
0.07694810476222057,2.9886432587815307e-18,0.10038929979144065,0.009065585530648892
