Training error,Training violation,Test error,Test violation
0.07483982637820627,0.0014415611305377458,0.09617487287279947,0.0040141273434264576
,,,
0.07483982637820627,0.0014415611305377458,0.09617487287279947,0.0040141273434264576
