Training error,Training violation,Test error,Test violation
0.11060431708702158,1.23788229232409e-17,0.11168931865990842,0.0021395512720530506
,,,
0.11060431708702158,1.23788229232409e-17,0.11168931865990842,0.0021395512720530506
