Training error,Training violation,Test error,Test violation
0.07878072939677781,1.0120708810709762e-19,0.09894827525732425,0.008367078559108801
,,,
0.07878072939677781,1.0120708810709762e-19,0.09894827525732425,0.008367078559108801
