Training error,Training violation,Test error,Test violation
0.07783944511621457,6.016759472719888e-19,0.10028305670855484,0.007475719229819474
,,,
0.07783944511621457,6.016759472719888e-19,0.10028305670855484,0.007475719229819474
