Training error,Training violation,Test error,Test violation
0.11665647168300002,4.164686194310951e-17,0.11690692679367347,0.00141329667244155
,,,
0.11665647168300002,4.164686194310951e-17,0.11690692679367347,0.00141329667244155
