Training error,Training violation,Test error,Test violation
0.08803075363261892,8.638255049121156e-17,0.1022626134831903,0.006476942870018759
,,,
0.08803075363261892,8.638255049121156e-17,0.1022626134831903,0.006476942870018759
