Training error,Training violation,Test error,Test violation
0.07459679840547617,5.449164688013762e-19,0.10205962653312883,0.01110330761295088
,,,
0.07459679840547617,5.449164688013762e-19,0.10205962653312883,0.01110330761295088
