Training error,Training violation,Test error,Test violation
0.08562219180777748,5.072155793357713e-19,0.11124300621744129,0.002933461584654873
,,,
0.08562219180777748,5.072155793357713e-19,0.11124300621744129,0.002933461584654873
