Training error,Training violation,Test error,Test violation
0.0768505138954402,0.0008596630705044288,0.10276133648248181,0.0027824123149630645
,,,
0.0768505138954402,0.0008596630705044288,0.10276133648248181,0.0027824123149630645
