Training error,Training violation,Test error,Test violation
0.08800566979466296,1.3299906348554565e-18,0.10194489017380609,0.005081088856192411
,,,
0.08800566979466296,1.3299906348554565e-18,0.10194489017380609,0.005081088856192411
