Training error,Training violation,Test error,Test violation
0.09172211464275683,3.972209437915609e-18,0.1040200517750105,0.004761244951292461
,,,
0.09172211464275683,3.972209437915609e-18,0.1040200517750105,0.004761244951292461
