Training error,Training violation,Test error,Test violation
0.0808389376516157,2.0811758442165222e-18,0.09863347793213448,0.007329438287426374
,,,
0.0808389376516157,2.0811758442165222e-18,0.09863347793213448,0.007329438287426374
