Training error,Training violation,Test error,Test violation
0.09092533171865481,8.503819179874947e-19,0.10316826643058086,0.006041507340544739
,,,
0.09092533171865481,8.503819179874947e-19,0.10316826643058086,0.006041507340544739
