Training error,Training violation,Test error,Test violation
0.11696157401294072,0.0,0.11689791540988002,0.00023475415479603138
,,,
0.11696157401294072,0.0,0.11689791540988002,0.00023475415479603138
