Training error,Training violation,Test error,Test violation
0.07726304857974736,1.1005252094159769e-19,0.09885148026494016,0.008663478365418939
,,,
0.07726304857974736,1.1005252094159769e-19,0.09885148026494016,0.008663478365418939
