Training error,Training violation,Test error,Test violation
0.09109526113344005,6.193195495914983e-18,0.10225894392500778,0.0045839236887187254
,,,
0.09109526113344005,6.193195495914983e-18,0.10225894392500778,0.0045839236887187254
