Training error,Training violation,Test error,Test violation
0.11693111651956113,2.5785617466265762e-17,0.11710747784785981,0.00025992735420656785
,,,
0.11693111651956113,2.5785617466265762e-17,0.11710747784785981,0.00025992735420656785
