Training error,Training violation,Test error,Test violation
0.07303483348468667,9.954102303907717e-19,0.10084223682251171,0.009857748064023668
,,,
0.07303483348468667,9.954102303907717e-19,0.10084223682251171,0.009857748064023668
