Training error,Training violation,Test error,Test violation
0.08870753395176062,4.3903158831349326e-18,0.10314945504948721,0.007414704558641583
,,,
0.08870753395176062,4.3903158831349326e-18,0.10314945504948721,0.007414704558641583
