Training error,Training violation,Test error,Test violation
0.07950801945557741,9.693052992114356e-19,0.09976417259740598,0.0077921280101833764
,,,
0.07950801945557741,9.693052992114356e-19,0.09976417259740598,0.0077921280101833764
