Training error,Training violation,Test error,Test violation
0.07634688314993736,5.067180553916327e-19,0.0991000521659509,0.00881836501507126
,,,
0.07634688314993736,5.067180553916327e-19,0.0991000521659509,0.00881836501507126
