Training error,Training violation,Test error,Test violation
0.07309904956537473,0.0008462527469331965,0.09925750899604247,0.008586293810501326
,,,
0.07309904956537473,0.0008462527469331965,0.09925750899604247,0.008586293810501326
