Training error,Training violation,Test error,Test violation
0.07973766518442071,5.0037586174495826e-18,0.09772457241821529,0.009093886029837845
,,,
0.07973766518442071,5.0037586174495826e-18,0.09772457241821529,0.009093886029837845
