Training error,Training violation,Test error,Test violation
0.08838311764574859,4.9767587164489515e-18,0.10116346257109432,0.00645894819147393
,,,
0.08838311764574859,4.9767587164489515e-18,0.10116346257109432,0.00645894819147393
