Training error,Training violation,Test error,Test violation
0.07416589389251312,1.1147333352050014e-19,0.10298676415310722,0.005212874188967309
,,,
0.07416589389251312,1.1147333352050014e-19,0.10298676415310722,0.005212874188967309
