Training error,Training violation,Test error,Test violation
0.0901680253864254,3.476147794667939e-17,0.10159953788291062,0.00668687204589497
,,,
0.0901680253864254,3.476147794667939e-17,0.10159953788291062,0.00668687204589497
