Training error,Training violation,Test error,Test violation
0.07658787798758751,0.0008382233650012347,0.09705744352838663,0.009326793407563878
,,,
0.07658787798758751,0.0008382233650012347,0.09705744352838663,0.009326793407563878
