Training error,Training violation,Test error,Test violation
0.05750693252343853,0.006080071095804062,0.10174944701387492,0.015335409879106844
,,,
0.05750693252343853,0.006080071095804062,0.10174944701387492,0.015335409879106844
