Training error,Training violation,Test error,Test violation
0.07687928307574164,2.394752759346743e-18,0.10032767655302241,0.006903573038930496
,,,
0.07687928307574164,2.394752759346743e-18,0.10032767655302241,0.006903573038930496
