Training error,Training violation,Test error,Test violation
0.08301970299697241,8.375798632426463e-19,0.0964186064797165,0.00650184333917986
,,,
0.08301970299697241,8.375798632426463e-19,0.0964186064797165,0.00650184333917986
