Training error,Training violation,Test error,Test violation
0.07162897662407701,2.429116864175712e-19,0.09936461177481413,0.00948461367999396
,,,
0.07162897662407701,2.429116864175712e-19,0.09936461177481413,0.00948461367999396
