Training error,Training violation,Test error,Test violation
0.07885567049078221,1.670761705539584e-18,0.09791967959997235,0.00783667157405201
,,,
0.07885567049078221,1.670761705539584e-18,0.09791967959997235,0.00783667157405201
