Training error,Training violation,Test error,Test violation
0.07825209589702051,2.0133730988659415e-19,0.1000871712425784,0.004371014372595716
,,,
0.07825209589702051,2.0133730988659415e-19,0.1000871712425784,0.004371014372595716
