Training error,Training violation,Test error,Test violation
0.07479187351188887,4.074436636929779e-19,0.0986122965172244,0.005280230400144664
,,,
0.07479187351188887,4.074436636929779e-19,0.0986122965172244,0.005280230400144664
