Training error,Training violation,Test error,Test violation
0.07346084882606504,2.0329471280043006e-19,0.10095528498416995,0.009477169677889096
,,,
0.07346084882606504,2.0329471280043006e-19,0.10095528498416995,0.009477169677889096
