Training error,Training violation,Test error,Test violation
0.1154718425142712,3.6839264888223286e-17,0.11586955158981643,0.0003408600615792544
,,,
0.1154718425142712,3.6839264888223286e-17,0.11586955158981643,0.0003408600615792544
