Training error,Training violation,Test error,Test violation
0.08470190651887864,1.6004895829131174e-18,0.10357005458319711,0.0025797799452155655
,,,
0.08470190651887864,1.6004895829131174e-18,0.10357005458319711,0.0025797799452155655
