Training error,Training violation,Test error,Test violation
0.07650837852425202,1.5880123528162451e-18,0.0993734280152278,0.008236584981981482
,,,
0.07650837852425202,1.5880123528162451e-18,0.0993734280152278,0.008236584981981482
