Training error,Training violation,Test error,Test violation
0.07126916840935775,4.0375035899209765e-19,0.09849135616292269,0.010276598658319735
,,,
0.07126916840935775,4.0375035899209765e-19,0.09849135616292269,0.010276598658319735
