Training error,Training violation,Test error,Test violation
0.058233196883665655,0.006038734946795646,0.1033581339231852,0.014229231558722091
,,,
0.058233196883665655,0.006038734946795646,0.1033581339231852,0.014229231558722091
