Training error,Training violation,Test error,Test violation
0.07276672087581226,1.6717723504890702e-18,0.10160439822953538,0.01091629391071367
,,,
0.07276672087581226,1.6717723504890702e-18,0.10160439822953538,0.01091629391071367
