Training error,Training violation,Test error,Test violation
0.08270270539478691,3.955275966031405e-18,0.10576186794166655,0.005357573776828868
,,,
0.08270270539478691,3.955275966031405e-18,0.10576186794166655,0.005357573776828868
