Training error,Training violation,Test error,Test violation
0.08069803812649678,2.985773368557204e-19,0.09957121355347638,0.006645744113430698
,,,
0.08069803812649678,2.985773368557204e-19,0.09957121355347638,0.006645744113430698
