Training error,Training violation,Test error,Test violation
0.1160340516963522,1.2860287781625802e-17,0.11655799857905014,0.00015923472117603283
,,,
0.1160340516963522,1.2860287781625802e-17,0.11655799857905014,0.00015923472117603283
