Training error,Training violation,Test error,Test violation
0.08108220052897017,2.8045222435449895e-18,0.09980457177506506,0.008659055748818895
,,,
0.08108220052897017,2.8045222435449895e-18,0.09980457177506506,0.008659055748818895
