Training error,Training violation,Test error,Test violation
0.05856331704740526,0.007592739891565753,0.10396139151417655,0.014902080126024848
,,,
0.05856331704740526,0.007592739891565753,0.10396139151417655,0.014902080126024848
