Training error,Training violation,Test error,Test violation
0.09272986616579128,2.89608625742756e-18,0.10593454925305096,0.0021613375034145966
,,,
0.09272986616579128,2.89608625742756e-18,0.10593454925305096,0.0021613375034145966
