Training error,Training violation,Test error,Test violation
0.05846428099828337,0.011953555347430606,0.10322407668074268,0.017513032843171114
,,,
0.05846428099828337,0.011953555347430606,0.10322407668074268,0.017513032843171114
