Training error,Training violation,Test error,Test violation
0.0744009844375971,0.0010682708329420065,0.10133685193690477,0.0056526258577851525
,,,
0.0744009844375971,0.0010682708329420065,0.10133685193690477,0.0056526258577851525
