Training error,Training violation,Test error,Test violation
0.07288869792297357,3.987274935527368e-18,0.10066721399778002,0.006677137336862053
,,,
0.07288869792297357,3.987274935527368e-18,0.10066721399778002,0.006677137336862053
