Training error,Training violation,Test error,Test violation
0.08247156017245373,1.9049998488817304e-18,0.10565757545993104,0.007347090776642022
,,,
0.08247156017245373,1.9049998488817304e-18,0.10565757545993104,0.007347090776642022
