Training error,Training violation,Test error,Test violation
0.10718087493036796,8.450851206513645e-18,0.10843295874467791,0.0015692568405351038
,,,
0.10718087493036796,8.450851206513645e-18,0.10843295874467791,0.0015692568405351038
