Training error,Training violation,Test error,Test violation
0.11697021397140102,4.201505125149538e-17,0.11723682969626587,0.0005791524305093427
,,,
0.11697021397140102,4.201505125149538e-17,0.11723682969626587,0.0005791524305093427
