Training error,Training violation,Test error,Test violation
0.08927583456479853,2.0906801307499427e-18,0.1011276898011639,0.004182716339133208
,,,
0.08927583456479853,2.0906801307499427e-18,0.1011276898011639,0.004182716339133208
