Training error,Training violation,Test error,Test violation
0.1168382016364721,1.732394314537593e-17,0.11653992138620956,0.0006077944296682704
,,,
0.1168382016364721,1.732394314537593e-17,0.11653992138620956,0.0006077944296682704
