Training error,Training violation,Test error,Test violation
0.07889890348727309,7.739220315365149e-19,0.09820579282537578,0.007551892577180675
,,,
0.07889890348727309,7.739220315365149e-19,0.09820579282537578,0.007551892577180675
