Training error,Training violation,Test error,Test violation
0.0750034514999543,1.5962125673966572e-19,0.09912717926234106,0.008888920302605638
,,,
0.0750034514999543,1.5962125673966572e-19,0.09912717926234106,0.008888920302605638
