Training error,Training violation,Test error,Test violation
0.10802347420735742,1.7868335535594984e-17,0.10924639594299082,0.002409924294185256
,,,
0.10802347420735742,1.7868335535594984e-17,0.10924639594299082,0.002409924294185256
