Training error,Training violation,Test error,Test violation
0.07432106951935485,-6.340011475233537e-20,0.09800204938730099,0.00811745964912407
,,,
0.07432106951935485,-6.340011475233537e-20,0.09800204938730099,0.00811745964912407
