Training error,Training violation,Test error,Test violation
0.06899267091795738,1.730599388033825e-18,0.10057220730862348,0.010117949752876092
,,,
0.06899267091795738,1.730599388033825e-18,0.10057220730862348,0.010117949752876092
