Training error,Training violation,Test error,Test violation
0.08024514908415467,3.5243234455493304e-18,0.09911643633532116,0.009421342831160296
,,,
0.08024514908415467,3.5243234455493304e-18,0.09911643633532116,0.009421342831160296
