Training error,Training violation,Test error,Test violation
0.08927482057063413,1.1927883662773e-18,0.10177211576228953,0.005199604878212386
,,,
0.08927482057063413,1.1927883662773e-18,0.10177211576228953,0.005199604878212386
