Training error,Training violation,Test error,Test violation
0.07281621501544783,9.926781000693342e-19,0.10051125219640455,0.01077705457826643
,,,
0.07281621501544783,9.926781000693342e-19,0.10051125219640455,0.01077705457826643
