Training error,Training violation,Test error,Test violation
0.07671907118986139,1.2912292706602952e-19,0.09932752676586634,0.00807364378877575
,,,
0.07671907118986139,1.2912292706602952e-19,0.09932752676586634,0.00807364378877575
