Training error,Training violation,Test error,Test violation
0.08492797660775125,5.406147485375984e-19,0.10567588156834977,0.0015914019809970972
,,,
0.08492797660775125,5.406147485375984e-19,0.10567588156834977,0.0015914019809970972
