Training error,Training violation,Test error,Test violation
0.0710074731754837,1.0769468315821782e-19,0.09895086103338452,0.004857637958967527
,,,
0.0710074731754837,1.0769468315821782e-19,0.09895086103338452,0.004857637958967527
