Training error,Training violation,Test error,Test violation
0.0774588873134679,3.860449197621758e-19,0.09853356396233623,0.007950473961765892
,,,
0.0774588873134679,3.860449197621758e-19,0.09853356396233623,0.007950473961765892
