Training error,Training violation,Test error,Test violation
0.07352633860876182,9.72812867538206e-19,0.09863551389299002,0.008618319919491758
,,,
0.07352633860876182,9.72812867538206e-19,0.09863551389299002,0.008618319919491758
