Training error,Training violation,Test error,Test violation
0.11691193315138182,1.2742371223682864e-17,0.11669007582240172,0.000211748765981189
,,,
0.11691193315138182,1.2742371223682864e-17,0.11669007582240172,0.000211748765981189
