Training error,Training violation,Test error,Test violation
0.07422521335377616,3.0082155467197568e-18,0.10144556486843193,0.009825770118967623
,,,
0.07422521335377616,3.0082155467197568e-18,0.10144556486843193,0.009825770118967623
