Training error,Training violation,Test error,Test violation
0.05466789911527796,0.004714100161235198,0.10188350425631745,0.016647691334598355
,,,
0.05466789911527796,0.004714100161235198,0.10188350425631745,0.016647691334598355
