Training error,Training violation,Test error,Test violation
0.07020864327995197,7.973845630930368e-19,0.09818918667914295,0.0085579017762633
,,,
0.07020864327995197,7.973845630930368e-19,0.09818918667914295,0.0085579017762633
