Training error,Training violation,Test error,Test violation
0.08905706865465773,1.8509918504471422e-18,0.10153453767607971,0.005448522138903001
,,,
0.08905706865465773,1.8509918504471422e-18,0.10153453767607971,0.005448522138903001
