Training error,Training violation,Test error,Test violation
0.08773159880156477,7.971952254587184e-18,0.10226481546791732,0.008747300263859033
,,,
0.08773159880156477,7.971952254587184e-18,0.10226481546791732,0.008747300263859033
