Training error,Training violation,Test error,Test violation
0.07136019429570027,6.563297785491942e-20,0.1033406711399056,0.004105279079863961
,,,
0.07136019429570027,6.563297785491942e-20,0.1033406711399056,0.004105279079863961
