Training error,Training violation,Test error,Test violation
0.08842995546513036,9.082685281959942e-18,0.10267223271360405,0.005082451150003342
,,,
0.08842995546513036,9.082685281959942e-18,0.10267223271360405,0.005082451150003342
