Training error,Training violation,Test error,Test violation
0.07315320277177476,8.803769432633096e-18,0.09978550353620821,0.011728000552857169
,,,
0.07315320277177476,8.803769432633096e-18,0.09978550353620821,0.011728000552857169
