Training error,Training violation,Test error,Test violation
0.0755116812858633,8.633068715761258e-19,0.0980875672762822,0.005843206783153162
,,,
0.0755116812858633,8.633068715761258e-19,0.0980875672762822,0.005843206783153162
