Training error,Training violation,Test error,Test violation
0.05948765350587614,0.0076306522644691115,0.10228567598364502,0.020323416037139143
,,,
0.05948765350587614,0.0076306522644691115,0.10228567598364502,0.020323416037139143
