Training error,Training violation,Test error,Test violation
0.0700303302531236,6.47061590674729e-19,0.1047268694396649,0.004106740582980779
,,,
0.0700303302531236,6.47061590674729e-19,0.1047268694396649,0.004106740582980779
