Training error,Training violation,Test error,Test violation
0.11618441046941466,8.621209860464967e-18,0.11662555006845317,0.001679148636907736
,,,
0.11618441046941466,8.621209860464967e-18,0.11662555006845317,0.001679148636907736
