Training error,Training violation,Test error,Test violation
0.08835288598930785,2.3517372548554848e-17,0.10264052539277803,0.006281343355516831
,,,
0.08835288598930785,2.3517372548554848e-17,0.10264052539277803,0.006281343355516831
