Training error,Training violation,Test error,Test violation
0.07594991759891827,2.2464895350069908e-18,0.09852236299981545,0.0052101626696557015
,,,
0.07594991759891827,2.2464895350069908e-18,0.09852236299981545,0.0052101626696557015
