Training error,Training violation,Test error,Test violation
0.08040524902573275,3.2088177799369028e-19,0.09921310869787481,0.0022384946591107622
,,,
0.08040524902573275,3.2088177799369028e-19,0.09921310869787481,0.0022384946591107622
