Training error,Training violation,Test error,Test violation
0.07437675134079691,9.820852880621753e-19,0.09707807451241593,0.010809144515528413
,,,
0.07437675134079691,9.820852880621753e-19,0.09707807451241593,0.010809144515528413
