Training error,Training violation,Test error,Test violation
0.07749132209905377,5.212941425299009e-19,0.09919702103218922,0.006522748949674334
,,,
0.07749132209905377,5.212941425299009e-19,0.09919702103218922,0.006522748949674334
