Training error,Training violation,Test error,Test violation
0.061864518684801265,0.008080060667865943,0.10402842013539781,0.022536130703042015
,,,
0.061864518684801265,0.008080060667865943,0.10402842013539781,0.022536130703042015
