Training error,Training violation,Test error,Test violation
0.07922561796739061,0.001953378327273908,0.09768822805752182,0.010423710432704255
,,,
0.07922561796739061,0.001953378327273908,0.09768822805752182,0.010423710432704255
