Training error,Training violation,Test error,Test violation
0.08123624276193445,3.896173061618722e-18,0.09885656631114806,0.008375844875080272
,,,
0.08123624276193445,3.896173061618722e-18,0.09885656631114806,0.008375844875080272
