Training error,Training violation,Test error,Test violation
0.05856331704740526,0.005449907335908673,0.10188350425631745,0.013632881028248181
,,,
0.05856331704740526,0.005449907335908673,0.10188350425631745,0.013632881028248181
