Training error,Training violation,Test error,Test violation
0.05876138914564902,0.005476639429402994,0.10047590321067096,0.0118593387482782
,,,
0.05876138914564902,0.005476639429402994,0.10047590321067096,0.0118593387482782
