Training error,Training violation,Test error,Test violation
0.05711078832695101,0.0036432794125739847,0.10201756149875997,0.017536667740742064
,,,
0.05711078832695101,0.0036432794125739847,0.10201756149875997,0.017536667740742064
