Training error,Training violation,Test error,Test violation
0.07943332674321077,1.6918049692667495e-18,0.0974724725633831,0.009467271145939914
,,,
0.07943332674321077,1.6918049692667495e-18,0.0974724725633831,0.009467271145939914
