Training error,Training violation,Test error,Test violation
0.0799857154152314,3.120317217502022e-20,0.10045149106876433,0.008175579897233554
,,,
0.0799857154152314,3.120317217502022e-20,0.10045149106876433,0.008175579897233554
