Training error,Training violation,Test error,Test violation
0.07557539555442731,9.388439453119695e-19,0.09711546578815561,0.006511661079367083
,,,
0.07557539555442731,9.388439453119695e-19,0.09711546578815561,0.006511661079367083
