Training error,Training violation,Test error,Test violation
0.07383895993333175,1.1647105848858025e-18,0.10371767068036218,0.0031066538578422348
,,,
0.07383895993333175,1.1647105848858025e-18,0.10371767068036218,0.0031066538578422348
