Training error,Training violation,Test error,Test violation
0.1142925617724746,3.553242427486187e-17,0.11509200393945156,0.0006881471270765802
,,,
0.1142925617724746,3.553242427486187e-17,0.11509200393945156,0.0006881471270765802
