Training error,Training violation,Test error,Test violation
0.07195821876525063,2.3560078711382387e-18,0.09935412472291072,0.011750152558008634
,,,
0.07195821876525063,2.3560078711382387e-18,0.09935412472291072,0.011750152558008634
