Training error,Training violation,Test error,Test violation
0.09604993592702221,7.821569348625746e-19,0.10991929698339332,0.006798138381923569
,,,
0.09604993592702221,7.821569348625746e-19,0.10991929698339332,0.006798138381923569
