Training error,Training violation,Test error,Test violation
0.0680492923884217,1.0034254797515393e-18,0.10638543292576497,0.0033744029766355887
,,,
0.0680492923884217,1.0034254797515393e-18,0.10638543292576497,0.0033744029766355887
