Training error,Training violation,Test error,Test violation
0.09150605615058634,3.287064392868827e-18,0.09840463438875739,0.005438443208673804
,,,
0.09150605615058634,3.287064392868827e-18,0.09840463438875739,0.005438443208673804
