Training error,Training violation,Test error,Test violation
0.08834946776048272,3.0125253365530027e-19,0.09983912432985989,0.005577594198575003
,,,
0.08834946776048272,3.0125253365530027e-19,0.09983912432985989,0.005577594198575003
