Training error,Training violation,Test error,Test violation
0.07703234113801061,1.3544394041607267e-18,0.09885117687384558,0.008729865729197518
,,,
0.07703234113801061,1.3544394041607267e-18,0.09885117687384558,0.008729865729197518
