Training error,Training violation,Test error,Test violation
0.07316034113801512,1.8994704610016147e-19,0.10136539340181289,0.0075867344744795645
,,,
0.07316034113801512,1.8994704610016147e-19,0.10136539340181289,0.0075867344744795645
