Training error,Training violation,Test error,Test violation
0.07228989657805376,2.10761362179466e-18,0.09987071962675331,0.007215946221416998
,,,
0.07228989657805376,2.10761362179466e-18,0.09987071962675331,0.007215946221416998
