Training error,Training violation,Test error,Test violation
0.09227014171450694,1.0341798493601654e-17,0.11155928938943316,0.006693330568201647
,,,
0.09227014171450694,1.0341798493601654e-17,0.11155928938943316,0.006693330568201647
