Training error,Training violation,Test error,Test violation
0.11696179012748299,5.898464942651842e-17,0.1167426219562488,0.00010753242975449848
,,,
0.11696179012748299,5.898464942651842e-17,0.1167426219562488,0.00010753242975449848
