Training error,Training violation,Test error,Test violation
0.07639368845404357,2.343597403960288e-18,0.10146809311704276,0.0021170933159655745
,,,
0.07639368845404357,2.343597403960288e-18,0.10146809311704276,0.0021170933159655745
