Training error,Training violation,Test error,Test violation
0.11647472372039872,2.5259814432416593e-17,0.11636783634469515,0.0004725599134645104
,,,
0.11647472372039872,2.5259814432416593e-17,0.11636783634469515,0.0004725599134645104
