Training error,Training violation,Test error,Test violation
0.08344621871579172,3.719992928161968e-19,0.09799390829645102,0.0064546023708618215
,,,
0.08344621871579172,3.719992928161968e-19,0.09799390829645102,0.0064546023708618215
