Training error,Training violation,Test error,Test violation
0.057837052687178134,0.00404485260003366,0.10094510355921979,0.018545224541429477
,,,
0.057837052687178134,0.00404485260003366,0.10094510355921979,0.018545224541429477
