Training error,Training violation,Test error,Test violation
0.07644367951770964,1.8857256869830207e-18,0.09972382785205937,0.012133813148081847
,,,
0.07644367951770964,1.8857256869830207e-18,0.09972382785205937,0.012133813148081847
