Training error,Training violation,Test error,Test violation
0.0887461449878401,6.3808563834545436e-18,0.10293243640255348,0.004555966349395455
,,,
0.0887461449878401,6.3808563834545436e-18,0.10293243640255348,0.004555966349395455
