Training error,Training violation,Test error,Test violation
0.07732499703514256,6.83596468152135e-19,0.09898606599072916,0.008079314733089787
,,,
0.07732499703514256,6.83596468152135e-19,0.09898606599072916,0.008079314733089787
