Training error,Training violation,Test error,Test violation
0.07325940363517355,4.405479291431821e-18,0.0999493683100065,0.009855183806173198
,,,
0.07325940363517355,4.405479291431821e-18,0.0999493683100065,0.009855183806173198
