Training error,Training violation,Test error,Test violation
0.07297980602479583,4.860126415409192e-19,0.1014036979484277,0.010587680486461193
,,,
0.07297980602479583,4.860126415409192e-19,0.1014036979484277,0.010587680486461193
