Training error,Training violation,Test error,Test violation
0.05770500462168229,0.004459501584044762,0.10148133252898987,0.015292088837969758
,,,
0.05770500462168229,0.004459501584044762,0.10148133252898987,0.015292088837969758
