Training error,Training violation,Test error,Test violation
0.08788249119593192,6.532677135032173e-18,0.1004767092667259,0.004300179453542964
,,,
0.08788249119593192,6.532677135032173e-18,0.1004767092667259,0.004300179453542964
