Training error,Training violation,Test error,Test violation
0.11934989723051086,6.102226209462287e-17,0.11874838214571885,0.0008715140452656641
,,,
0.11934989723051086,6.102226209462287e-17,0.11874838214571885,0.0008715140452656641
