Training error,Training violation,Test error,Test violation
0.1169496080602069,5.32656969810361e-17,0.11700318893790804,0.00017375683470969276
,,,
0.1169496080602069,5.32656969810361e-17,0.11700318893790804,0.00017375683470969276
