Training error,Training violation,Test error,Test violation
0.11296170648169025,4.510489224080423e-18,0.11478055894352233,0.0009614934655614761
,,,
0.11296170648169025,4.510489224080423e-18,0.11478055894352233,0.0009614934655614761
