Training error,Training violation,Test error,Test violation
0.08207381703240577,5.486228405723892e-19,0.09823743010223075,0.011572173656619101
,,,
0.08207381703240577,5.486228405723892e-19,0.09823743010223075,0.011572173656619101
