Training error,Training violation,Test error,Test violation
0.07514625517136285,4.0233619105748893e-19,0.09771684835307175,0.007266008972996848
,,,
0.07514625517136285,4.0233619105748893e-19,0.09771684835307175,0.007266008972996848
