Training error,Training violation,Test error,Test violation
0.07426904177839931,8.629541084263397e-18,0.09871378318693949,0.0073850921762909725
,,,
0.07426904177839931,8.629541084263397e-18,0.09871378318693949,0.0073850921762909725
