Training error,Training violation,Test error,Test violation
0.11624506227541245,7.917107201924064e-18,0.11588642553407941,0.000981939904420568
,,,
0.11624506227541245,7.917107201924064e-18,0.11588642553407941,0.000981939904420568
