Training error,Training violation,Test error,Test violation
0.07791940216234666,7.431520957549494e-19,0.0998126915769509,0.0060332310811440195
,,,
0.07791940216234666,7.431520957549494e-19,0.0998126915769509,0.0060332310811440195
