Training error,Training violation,Test error,Test violation
0.08447659421140372,4.994755047340359e-19,0.10854051237646556,0.009826939409042824
,,,
0.08447659421140372,4.994755047340359e-19,0.10854051237646556,0.009826939409042824
