Training error,Training violation,Test error,Test violation
0.08594590949187655,2.4252579894303372e-18,0.10121543000850622,0.00850332671371181
,,,
0.08594590949187655,2.4252579894303372e-18,0.10121543000850622,0.00850332671371181
