Training error,Training violation,Test error,Test violation
0.07716030615977075,1.4754254583737288e-19,0.09934872721113497,0.006630638316346911
,,,
0.07716030615977075,1.4754254583737288e-19,0.09934872721113497,0.006630638316346911
