Training error,Training violation,Test error,Test violation
0.10713856758496232,3.0565363618512146e-17,0.10852185197221337,0.002091149011166932
,,,
0.10713856758496232,3.0565363618512146e-17,0.10852185197221337,0.002091149011166932
