Training error,Training violation,Test error,Test violation
0.07078477498636708,6.2110113715024596e-18,0.10110875689014617,0.0044834789332316655
,,,
0.07078477498636708,6.2110113715024596e-18,0.10110875689014617,0.0044834789332316655
