Training error,Training violation,Test error,Test violation
0.0837046382206208,1.0422480489012088e-19,0.09980317988285495,0.008804870922032977
,,,
0.0837046382206208,1.0422480489012088e-19,0.09980317988285495,0.008804870922032977
