Training error,Training violation,Test error,Test violation
0.06999648475976493,5.5061841576536926e-18,0.10241673326379391,0.004694047701664711
,,,
0.06999648475976493,5.5061841576536926e-18,0.10241673326379391,0.004694047701664711
