Training error,Training violation,Test error,Test violation
0.0729027027569287,2.369796866497151e-18,0.09908125750274135,0.008952753259294921
,,,
0.0729027027569287,2.369796866497151e-18,0.09908125750274135,0.008952753259294921
