Training error,Training violation,Test error,Test violation
0.08112645366669294,0.0011428424187648718,0.10105638209599985,0.0031397662244597056
,,,
0.08112645366669294,0.0011428424187648718,0.10105638209599985,0.0031397662244597056
