Training error,Training violation,Test error,Test violation
0.08493137902189603,1.0008425874264903e-18,0.10007199083386414,0.002929964319017979
,,,
0.08493137902189603,1.0008425874264903e-18,0.10007199083386414,0.002929964319017979
