Training error,Training violation,Test error,Test violation
0.08270624015435679,3.46070641639816e-18,0.09989071067075521,0.00623098555022745
,,,
0.08270624015435679,3.46070641639816e-18,0.09989071067075521,0.00623098555022745
