Training error,Training violation,Test error,Test violation
0.07521747121053463,1.295726522415943e-18,0.09832008442957092,0.00843468517730916
,,,
0.07521747121053463,1.295726522415943e-18,0.09832008442957092,0.00843468517730916
