Training error,Training violation,Test error,Test violation
0.07697854836419005,1.506867420027909e-19,0.09989926065530161,0.0076124988721655
,,,
0.07697854836419005,1.506867420027909e-19,0.09989926065530161,0.0076124988721655
