Training error,Training violation,Test error,Test violation
0.07837525989612429,2.1650801162119824e-18,0.09825803907272673,0.009511372150555334
,,,
0.07837525989612429,2.1650801162119824e-18,0.09825803907272673,0.009511372150555334
