Training error,Training violation,Test error,Test violation
0.11690049188196215,3.9734671720212225e-17,0.11682436318997212,0.0002525872732009972
,,,
0.11690049188196215,3.9734671720212225e-17,0.11682436318997212,0.0002525872732009972
