Training error,Training violation,Test error,Test violation
0.11599746095756672,3.020404964165545e-17,0.11615281270591343,0.0008619891661456378
,,,
0.11599746095756672,3.020404964165545e-17,0.11615281270591343,0.0008619891661456378
