Training error,Training violation,Test error,Test violation
0.08051126692931108,1.4662033427308177e-18,0.09759877759848765,0.011041362953953592
,,,
0.08051126692931108,1.4662033427308177e-18,0.09759877759848765,0.011041362953953592
