Training error,Training violation,Test error,Test violation
0.05833223293278753,0.0077397194553522515,0.10228567598364502,0.01684281503228193
,,,
0.05833223293278753,0.0077397194553522515,0.10228567598364502,0.01684281503228193
