Training error,Training violation,Test error,Test violation
0.07398218787876651,1.4556310945665596e-18,0.10084842843680045,0.0073475298302588775
,,,
0.07398218787876651,1.4556310945665596e-18,0.10084842843680045,0.0073475298302588775
