Training error,Training violation,Test error,Test violation
0.07785435039349381,0.0006759881258315592,0.10460195382747191,0.0029171317358918677
,,,
0.07785435039349381,0.0006759881258315592,0.10460195382747191,0.0029171317358918677
