Training error,Training violation,Test error,Test violation
0.07073126127887402,1.8731577030620094e-19,0.09970374371031783,0.011500348990944698
,,,
0.07073126127887402,1.8731577030620094e-19,0.09970374371031783,0.011500348990944698
