Training error,Training violation,Test error,Test violation
0.07851036993960436,8.287467167163857e-19,0.09943142111584793,0.009336187474027027
,,,
0.07851036993960436,8.287467167163857e-19,0.09943142111584793,0.009336187474027027
