Training error,Training violation,Test error,Test violation
0.10746633444792786,2.943115577681765e-17,0.10789189798374495,0.001899858370715594
,,,
0.10746633444792786,2.943115577681765e-17,0.10789189798374495,0.001899858370715594
