Training error,Training violation,Test error,Test violation
0.06785970334076608,8.09092841358013e-18,0.10307573325411326,0.003918695283755161
,,,
0.06785970334076608,8.09092841358013e-18,0.10307573325411326,0.003918695283755161
