Training error,Training violation,Test error,Test violation
0.07604805438993666,9.902984900255272e-19,0.09934230218343358,0.006662974871647509
,,,
0.07604805438993666,9.902984900255272e-19,0.09934230218343358,0.006662974871647509
