Training error,Training violation,Test error,Test violation
0.05849729301465734,0.004270779353206397,0.10489979221127421,0.01483691955175253
,,,
0.05849729301465734,0.004270779353206397,0.10489979221127421,0.01483691955175253
