Training error,Training violation,Test error,Test violation
0.11540586979781504,8.123029699718973e-18,0.11607907838654839,0.0006850330117711489
,,,
0.11540586979781504,8.123029699718973e-18,0.11607907838654839,0.0006850330117711489
