Training error,Training violation,Test error,Test violation
0.05727584840882081,0.004543146224081911,0.10503384945371674,0.015303306958815176
,,,
0.05727584840882081,0.004543146224081911,0.10503384945371674,0.015303306958815176
