Training error,Training violation,Test error,Test violation
0.07385114514553953,7.136001797410331e-19,0.09926834166638474,0.006601875904418952
,,,
0.07385114514553953,7.136001797410331e-19,0.09926834166638474,0.006601875904418952
