Training error,Training violation,Test error,Test violation
0.11696157401294072,0.0,0.11696494403110128,0.00016266275225854186
,,,
0.11696157401294072,0.0,0.11696494403110128,0.00016266275225854186
