Training error,Training violation,Test error,Test violation
0.07539786280440915,1.1844165195675685e-19,0.09861948443218534,0.008524278938722256
,,,
0.07539786280440915,1.1844165195675685e-19,0.09861948443218534,0.008524278938722256
