Training error,Training violation,Test error,Test violation
0.08264504564562704,2.837581994207064e-19,0.09788251989116967,0.00796106367837368
,,,
0.08264504564562704,2.837581994207064e-19,0.09788251989116967,0.00796106367837368
