Training error,Training violation,Test error,Test violation
0.08023959025917624,0.00036619313727747493,0.1008554653489816,0.004904575356717871
,,,
0.08023959025917624,0.00036619313727747493,0.1008554653489816,0.004904575356717871
