Training error,Training violation,Test error,Test violation
0.11699458602931467,0.0,0.11689791540988002,0.0
,,,
0.11699458602931467,0.0,0.11689791540988002,0.0
