Training error,Training violation,Test error,Test violation
0.08086413596212877,4.075788898245615e-18,0.1020382367019469,0.0036815998729885333
,,,
0.08086413596212877,4.075788898245615e-18,0.1020382367019469,0.0036815998729885333
