Training error,Training violation,Test error,Test violation
0.07948541821379883,1.1179814527139316e-19,0.09902770893979254,0.00951258355644677
,,,
0.07948541821379883,1.1179814527139316e-19,0.09902770893979254,0.00951258355644677
