Training error,Training violation,Test error,Test violation
0.09173426056756057,8.106450353431725e-18,0.10130631914230709,0.006007798745302076
,,,
0.09173426056756057,8.106450353431725e-18,0.10130631914230709,0.006007798745302076
