Training error,Training violation,Test error,Test violation
0.07558492685039175,7.735603725861965e-19,0.09761046428347717,0.01218874610398723
,,,
0.07558492685039175,7.735603725861965e-19,0.09761046428347717,0.01218874610398723
