Training error,Training violation,Test error,Test violation
0.07154106541858762,2.732901960794744e-19,0.10114307758690153,0.006190332322782764
,,,
0.07154106541858762,2.732901960794744e-19,0.10114307758690153,0.006190332322782764
