Training error,Training violation,Test error,Test violation
0.08084295343900494,1.5349281164042591e-18,0.09970655198408651,0.005786022315031863
,,,
0.08084295343900494,1.5349281164042591e-18,0.09970655198408651,0.005786022315031863
