Training error,Training violation,Test error,Test violation
0.08444365489027866,4.513700656857356e-19,0.09805909370649132,0.0063010252198972974
,,,
0.08444365489027866,4.513700656857356e-19,0.09805909370649132,0.0063010252198972974
