Training error,Training violation,Test error,Test violation
0.06882324491576339,0.0008011456563459529,0.10070480560715414,0.012413604834820366
,,,
0.06882324491576339,0.0008011456563459529,0.10070480560715414,0.012413604834820366
