Training error,Training violation,Test error,Test violation
0.07304251749341739,1.4657583150411913e-19,0.10404055793921849,0.0034376472079074402
,,,
0.07304251749341739,1.4657583150411913e-19,0.10404055793921849,0.0034376472079074402
