Training error,Training violation,Test error,Test violation
0.07689749731932523,1.3078561923122406e-18,0.0989039260964718,0.006972053286395
,,,
0.07689749731932523,1.3078561923122406e-18,0.0989039260964718,0.006972053286395
