Training error,Training violation,Test error,Test violation
0.06826053254332609,0.0006420916877510916,0.09839485654745829,0.012578681054450369
,,,
0.06826053254332609,0.0006420916877510916,0.09839485654745829,0.012578681054450369
