Training error,Training violation,Test error,Test violation
0.07176826947320386,1.2911551440832387e-17,0.10076187350480875,0.004928556885898397
,,,
0.07176826947320386,1.2911551440832387e-17,0.10076187350480875,0.004928556885898397
