Training error,Training violation,Test error,Test violation
0.07472555032442355,2.077037191641731e-18,0.09836845509795701,0.008604567540629774
,,,
0.07472555032442355,2.077037191641731e-18,0.09836845509795701,0.008604567540629774
