Training error,Training violation,Test error,Test violation
0.08733453501021178,2.4186085358850993e-18,0.10195087424905676,0.006355979962057826
,,,
0.08733453501021178,2.4186085358850993e-18,0.10195087424905676,0.006355979962057826
