Training error,Training violation,Test error,Test violation
0.07298489490904934,0.0008965573865213423,0.10526902823355574,0.003463353657540249
,,,
0.07298489490904934,0.0008965573865213423,0.10526902823355574,0.003463353657540249
