Training error,Training violation,Test error,Test violation
0.08900724527082592,2.907195990401732e-19,0.10151786828497338,0.007854245560123735
,,,
0.08900724527082592,2.907195990401732e-19,0.10151786828497338,0.007854245560123735
