Training error,Training violation,Test error,Test violation
0.08512928475031226,8.155837892776726e-18,0.10129812644315811,0.009108474978312842
,,,
0.08512928475031226,8.155837892776726e-18,0.10129812644315811,0.009108474978312842
