Training error,Training violation,Test error,Test violation
0.07540421335673722,2.354208760618275e-19,0.09932938723769555,0.008552267471078056
,,,
0.07540421335673722,2.354208760618275e-19,0.09932938723769555,0.008552267471078056
