Training error,Training violation,Test error,Test violation
0.07438867309711615,3.592503707348323e-19,0.0977259591947272,0.007608935608825689
,,,
0.07438867309711615,3.592503707348323e-19,0.0977259591947272,0.007608935608825689
