Training error,Training violation,Test error,Test violation
0.11651674297125153,3.8789471068655583e-17,0.11624538037608301,0.00024413924187634866
,,,
0.11651674297125153,3.8789471068655583e-17,0.11624538037608301,0.00024413924187634866
