Training error,Training violation,Test error,Test violation
0.07392235366294622,1.2808013111297557e-18,0.10056495846274666,0.011659125886448173
,,,
0.07392235366294622,1.2808013111297557e-18,0.10056495846274666,0.011659125886448173
