Training error,Training violation,Test error,Test violation
0.11488405271333658,1.726985735858754e-17,0.11600177591100176,0.0005406697887092846
,,,
0.11488405271333658,1.726985735858754e-17,0.11600177591100176,0.0005406697887092846
