Training error,Training violation,Test error,Test violation
0.07540558330243823,1.7817760199236734e-18,0.09746900511897016,0.006609211882054652
,,,
0.07540558330243823,1.7817760199236734e-18,0.09746900511897016,0.006609211882054652
