Training error,Training violation,Test error,Test violation
0.07938309892644119,2.2210254164281745e-18,0.09930113913412461,0.007207055947950073
,,,
0.07938309892644119,2.2210254164281745e-18,0.09930113913412461,0.007207055947950073
