Training error,Training violation,Test error,Test violation
0.0874660183812132,2.2474468428493927e-18,0.1022869188106226,0.005275785361556418
,,,
0.0874660183812132,2.2474468428493927e-18,0.1022869188106226,0.005275785361556418
