Training error,Training violation,Test error,Test violation
0.07128155035564399,2.7044582700426635e-18,0.09683887748498025,0.009741311069166474
,,,
0.07128155035564399,2.7044582700426635e-18,0.09683887748498025,0.009741311069166474
