Training error,Training violation,Test error,Test violation
0.07541740435810487,4.785708028617333e-19,0.10046357929322094,0.007598800278375992
,,,
0.07541740435810487,4.785708028617333e-19,0.10046357929322094,0.007598800278375992
