Training error,Training violation,Test error,Test violation
0.07170884340009048,2.8135368097571826e-19,0.10368248422624454,0.0032940246862693616
,,,
0.07170884340009048,2.8135368097571826e-19,0.10368248422624454,0.0032940246862693616
