Training error,Training violation,Test error,Test violation
0.11418376903010415,1.1358590736502354e-17,0.11292043343279413,0.0016199985300615787
,,,
0.11418376903010415,1.1358590736502354e-17,0.11292043343279413,0.0016199985300615787
