Training error,Training violation,Test error,Test violation
0.08421870453183548,2.246821485950687e-18,0.10162154915918215,0.002271427945723084
,,,
0.08421870453183548,2.246821485950687e-18,0.10162154915918215,0.002271427945723084
