Training error,Training violation,Test error,Test violation
0.07097598928572385,7.530735954755204e-18,0.10236394461199896,0.0026076068232032735
,,,
0.07097598928572385,7.530735954755204e-18,0.10236394461199896,0.0026076068232032735
