Training error,Training violation,Test error,Test violation
0.07038790142344745,1.999461838227108e-18,0.09988375093599014,0.01009404508978334
,,,
0.07038790142344745,1.999461838227108e-18,0.09988375093599014,0.01009404508978334
