Training error,Training violation,Test error,Test violation
0.07375559369421941,8.955351247583609e-18,0.10200275663430591,0.0031633391255920366
,,,
0.07375559369421941,8.955351247583609e-18,0.10200275663430591,0.0031633391255920366
