Training error,Training violation,Test error,Test violation
0.058167172850917735,0.006160267376287033,0.10215161874120249,0.01121465993579416
,,,
0.058167172850917735,0.006160267376287033,0.10215161874120249,0.01121465993579416
