Training error,Training violation,Test error,Test violation
0.11302722576967306,1.1070934387422e-17,0.11428891250150258,0.0007758726593036902
,,,
0.11302722576967306,1.1070934387422e-17,0.11428891250150258,0.0007758726593036902
