Training error,Training violation,Test error,Test violation
0.08130910004664405,1.0942472588160123e-18,0.0984165766668829,0.004531645382405782
,,,
0.08130910004664405,1.0942472588160123e-18,0.0984165766668829,0.004531645382405782
