Training error,Training violation,Test error,Test violation
0.08947496926214538,2.862153896016357e-17,0.10397068576418042,0.006478557401260866
,,,
0.08947496926214538,2.862153896016357e-17,0.10397068576418042,0.006478557401260866
