Training error,Training violation,Test error,Test violation
0.07125477689342938,0.001548830148054022,0.10372520550569475,0.003525381275012767
,,,
0.07125477689342938,0.001548830148054022,0.10372520550569475,0.003525381275012767
