Training error,Training violation,Test error,Test violation
0.08127520813773709,1.3071571658715335e-18,0.09881777824421283,0.008599711375673499
,,,
0.08127520813773709,1.3071571658715335e-18,0.09881777824421283,0.008599711375673499
