Training error,Training violation,Test error,Test violation
0.07541988736395605,4.956590258461677e-19,0.09725533042172309,0.011391047731465218
,,,
0.07541988736395605,4.956590258461677e-19,0.09725533042172309,0.011391047731465218
