Training error,Training violation,Test error,Test violation
0.05763898058893437,0.005544514950001071,0.10094510355921979,0.02210196555798217
,,,
0.05763898058893437,0.005544514950001071,0.10094510355921979,0.02210196555798217
