Training error,Training violation,Test error,Test violation
0.07293420613823348,1.907434168302531e-18,0.0984103361317166,0.006635675252979882
,,,
0.07293420613823348,1.907434168302531e-18,0.0984103361317166,0.006635675252979882
