Training error,Training violation,Test error,Test violation
0.05915753334213654,0.006764984001887308,0.09926938802868825,0.015552253768214529
,,,
0.05915753334213654,0.006764984001887308,0.09926938802868825,0.015552253768214529
