Training error,Training violation,Test error,Test violation
0.09345720193542931,5.770629978843745e-19,0.10710757338199299,0.005606309021295524
,,,
0.09345720193542931,5.770629978843745e-19,0.10710757338199299,0.005606309021295524
