Training error,Training violation,Test error,Test violation
0.08976228768280735,6.670349542041653e-18,0.1029078083285799,0.00648901752493024
,,,
0.08976228768280735,6.670349542041653e-18,0.1029078083285799,0.00648901752493024
