Training error,Training violation,Test error,Test violation
0.07849107940038019,1.6651982403018223e-19,0.09987411285865273,0.00785296827419827
,,,
0.07849107940038019,1.6651982403018223e-19,0.09987411285865273,0.00785296827419827
