Training error,Training violation,Test error,Test violation
0.08934836485115268,6.189942285185542e-17,0.10168139236007274,0.003226015735651352
,,,
0.08934836485115268,6.189942285185542e-17,0.10168139236007274,0.003226015735651352
