Training error,Training violation,Test error,Test violation
0.08533365503003482,1.697683914298497e-18,0.09801453960222281,0.005701571886855455
,,,
0.08533365503003482,1.697683914298497e-18,0.09801453960222281,0.005701571886855455
