Training error,Training violation,Test error,Test violation
0.059124521325762576,0.006007494648681794,0.1016153897714324,0.021808981657178997
,,,
0.059124521325762576,0.006007494648681794,0.1016153897714324,0.021808981657178997
