Training error,Training violation,Test error,Test violation
0.0767357787230489,2.2263227512118224e-19,0.0993827028384555,0.004501093270724454
,,,
0.0767357787230489,2.2263227512118224e-19,0.0993827028384555,0.004501093270724454
