Training error,Training violation,Test error,Test violation
0.11696200381669117,2.4201245925830373e-17,0.1167976303861279,0.00018078514830006189
,,,
0.11696200381669117,2.4201245925830373e-17,0.1167976303861279,0.00018078514830006189
