Training error,Training violation,Test error,Test violation
0.07525803548533828,4.575270975515194e-19,0.09882106233419799,0.007974115919697317
,,,
0.07525803548533828,4.575270975515194e-19,0.09882106233419799,0.007974115919697317
