Training error,Training violation,Test error,Test violation
0.07166321856795231,7.889221121004131e-19,0.10582929406047518,0.002960908176581721
,,,
0.07166321856795231,7.889221121004131e-19,0.10582929406047518,0.002960908176581721
