Training error,Training violation,Test error,Test violation
0.07919797974766274,4.773168312182586e-19,0.0986765324445863,0.007672991456760477
,,,
0.07919797974766274,4.773168312182586e-19,0.0986765324445863,0.007672991456760477
