Training error,Training violation,Test error,Test violation
0.08795149939084321,2.7508497657221504e-18,0.10208198797393453,0.009065532451252058
,,,
0.08795149939084321,2.7508497657221504e-18,0.10208198797393453,0.009065532451252058
