Training error,Training violation,Test error,Test violation
0.07578141457129858,1.3003674294763097e-18,0.09760598467713906,0.006225395088201691
,,,
0.07578141457129858,1.3003674294763097e-18,0.09760598467713906,0.006225395088201691
