Training error,Training violation,Test error,Test violation
0.09732703206077098,9.870202458717838e-19,0.11261655974981974,0.0038454445102045947
,,,
0.09732703206077098,9.870202458717838e-19,0.11261655974981974,0.0038454445102045947
