Training error,Training violation,Test error,Test violation
0.08148300197652493,0.0007569434280221384,0.09949778971010848,0.0026847825141638835
,,,
0.08148300197652493,0.0007569434280221384,0.09949778971010848,0.0026847825141638835
