Training error,Training violation,Test error,Test violation
0.07756599881525299,2.3768636368964264e-19,0.09711014582853311,0.00907317865627281
,,,
0.07756599881525299,2.3768636368964264e-19,0.09711014582853311,0.00907317865627281
