Training error,Training violation,Test error,Test violation
0.05697874026145517,0.0078065966395203384,0.10114618942288357,0.01023880276395403
,,,
0.05697874026145517,0.0078065966395203384,0.10114618942288357,0.01023880276395403
