Training error,Training violation,Test error,Test violation
0.07863001693323599,4.009108466443815e-19,0.09758458596266192,0.00942273986852572
,,,
0.07863001693323599,4.009108466443815e-19,0.09758458596266192,0.00942273986852572
