Training error,Training violation,Test error,Test violation
0.08825666782255058,2.7060750696785577e-18,0.10210447953124242,0.0054948881686369975
,,,
0.08825666782255058,2.7060750696785577e-18,0.10210447953124242,0.0054948881686369975
