Training error,Training violation,Test error,Test violation
0.08904232388577485,1.9928765520355906e-18,0.09979004872932512,0.004920238750186293
,,,
0.08904232388577485,1.9928765520355906e-18,0.09979004872932512,0.004920238750186293
