Training error,Training violation,Test error,Test violation
0.073163379559088,3.2841570819706e-17,0.09741732510220835,0.009183924955512512
,,,
0.073163379559088,3.2841570819706e-17,0.09741732510220835,0.009183924955512512
