Training error,Training violation,Test error,Test violation
0.08643799791310464,1.0579157417857126e-17,0.09917279526628212,0.0073573478428503045
,,,
0.08643799791310464,1.0579157417857126e-17,0.09917279526628212,0.0073573478428503045
