Training error,Training violation,Test error,Test violation
0.07779570964416985,1.7624093692640635e-18,0.09908651116650852,0.010747395473456866
,,,
0.07779570964416985,1.7624093692640635e-18,0.09908651116650852,0.010747395473456866
