Training error,Training violation,Test error,Test violation
0.07074912073864001,1.1029702430117953e-18,0.10096346966252051,0.008469476743346638
,,,
0.07074912073864001,1.1029702430117953e-18,0.10096346966252051,0.008469476743346638
