Training error,Training violation,Test error,Test violation
0.07759340694312769,1.1566680026220527e-18,0.10008914093727551,0.009529972844586489
,,,
0.07759340694312769,1.1566680026220527e-18,0.10008914093727551,0.009529972844586489
