Training error,Training violation,Test error,Test violation
0.08806969797284629,1.2249903397564241e-18,0.09996030298881149,0.0052898883645665536
,,,
0.08806969797284629,1.2249903397564241e-18,0.09996030298881149,0.0052898883645665536
