Training error,Training violation,Test error,Test violation
0.11198325201192025,4.397470981428378e-17,0.11282772416919748,0.0017540791712171988
,,,
0.11198325201192025,4.397470981428378e-17,0.11282772416919748,0.0017540791712171988
