Training error,Training violation,Test error,Test violation
0.07765167546276028,2.4779477689200287e-20,0.09996692839358548,0.005497027435353563
,,,
0.07765167546276028,2.4779477689200287e-20,0.09996692839358548,0.005497027435353563
