Training error,Training violation,Test error,Test violation
0.07165629170260089,3.482569821975051e-20,0.10075805819107643,0.007288161954364403
,,,
0.07165629170260089,3.482569821975051e-20,0.10075805819107643,0.007288161954364403
