Training error,Training violation,Test error,Test violation
0.06471008591595367,0.0027999514887083327,0.10367796358419785,0.007679205708113709
,,,
0.06471008591595367,0.0027999514887083327,0.10367796358419785,0.007679205708113709
