Training error,Training violation,Test error,Test violation
0.07516301985593743,4.770694381267918e-19,0.10013070199874667,0.005041906932174442
,,,
0.07516301985593743,4.770694381267918e-19,0.10013070199874667,0.005041906932174442
