Training error,Training violation,Test error,Test violation
0.07594830740200942,7.645553790040628e-20,0.10148845976639193,0.012228185988541177
,,,
0.07594830740200942,7.645553790040628e-20,0.10148845976639193,0.012228185988541177
