Training error,Training violation,Test error,Test violation
0.08929870485973787,1.0599930784749294e-17,0.10431323958577052,0.003674698749614674
,,,
0.08929870485973787,1.0599930784749294e-17,0.10431323958577052,0.003674698749614674
