Training error,Training violation,Test error,Test violation
0.07472338612726073,1.897288766366507e-18,0.09684406616370096,0.009003171249483315
,,,
0.07472338612726073,1.897288766366507e-18,0.09684406616370096,0.009003171249483315
