Training error,Training violation,Test error,Test violation
0.07206126547542978,5.022862877128031e-19,0.10404494333509651,0.0015888814788385134
,,,
0.07206126547542978,5.022862877128031e-19,0.10404494333509651,0.0015888814788385134
