Training error,Training violation,Test error,Test violation
0.07487052533961777,1.2016085620329666e-18,0.09924109102656746,0.011390550753052068
,,,
0.07487052533961777,1.2016085620329666e-18,0.09924109102656746,0.011390550753052068
