Training error,Training violation,Test error,Test violation
0.08282955332515168,5.4560773969663695e-19,0.09965853439310807,0.004819117366103019
,,,
0.08282955332515168,5.4560773969663695e-19,0.09965853439310807,0.004819117366103019
