Training error,Training violation,Test error,Test violation
0.0774358720175881,7.175724018270495e-20,0.10063237840507486,0.007899625342860497
,,,
0.0774358720175881,7.175724018270495e-20,0.10063237840507486,0.007899625342860497
