Training error,Training violation,Test error,Test violation
0.07037898722251786,7.245030250792992e-18,0.10040225950282147,0.003098264336365567
,,,
0.07037898722251786,7.245030250792992e-18,0.10040225950282147,0.003098264336365567
