Training error,Training violation,Test error,Test violation
0.07008665629351976,7.79204960851745e-19,0.0996742641908516,0.011958243641807592
,,,
0.07008665629351976,7.79204960851745e-19,0.0996742641908516,0.011958243641807592
