Training error,Training violation,Test error,Test violation
0.11647403814508106,5.274184529408714e-17,0.1164243925644262,0.0009991381131362648
,,,
0.11647403814508106,5.274184529408714e-17,0.1164243925644262,0.0009991381131362648
