Training error,Training violation,Test error,Test violation
0.07722134487184172,1.5343337197950857e-18,0.0992156854593549,0.005484260899264504
,,,
0.07722134487184172,1.5343337197950857e-18,0.0992156854593549,0.005484260899264504
