Training error,Training violation,Test error,Test violation
0.07702509483391201,4.819845159732464e-18,0.09895035646017772,0.007573305860489899
,,,
0.07702509483391201,4.819845159732464e-18,0.09895035646017772,0.007573305860489899
