Training error,Training violation,Test error,Test violation
0.05915753334213654,0.0050518714553504755,0.10275487633219385,0.011323499576336923
,,,
0.05915753334213654,0.0050518714553504755,0.10275487633219385,0.011323499576336923
