Training error,Training violation,Test error,Test violation
0.07748700325876592,2.7622373997296553e-18,0.09973375775523437,0.0056312949016370985
,,,
0.07748700325876592,2.7622373997296553e-18,0.09973375775523437,0.0056312949016370985
