Training error,Training violation,Test error,Test violation
0.07280258699151011,0.0005076011099867421,0.1027658412835974,0.004839102080358613
,,,
0.07280258699151011,0.0005076011099867421,0.1027658412835974,0.004839102080358613
