Training error,Training violation,Test error,Test violation
0.07998592949656676,1.946684691666973e-18,0.10044039070013897,0.008494112675083975
,,,
0.07998592949656676,1.946684691666973e-18,0.10044039070013897,0.008494112675083975
