Training error,Training violation,Test error,Test violation
0.07382279144985435,0.0012240373067146477,0.09890750605210626,0.0067864383766923055
,,,
0.07382279144985435,0.0012240373067146477,0.09890750605210626,0.0067864383766923055
