Training error,Training violation,Test error,Test violation
0.07119524029526529,0.0006277604356251208,0.10031943447085376,0.008839104518645693
,,,
0.07119524029526529,0.0006277604356251208,0.10031943447085376,0.008839104518645693
