Training error,Training violation,Test error,Test violation
0.0744456362569971,1.783160042688627e-18,0.09817418510561349,0.010380911017695236
,,,
0.0744456362569971,1.783160042688627e-18,0.09817418510561349,0.010380911017695236
