Training error,Training violation,Test error,Test violation
0.08841079187605505,2.2482744080434117e-18,0.10084893822689056,0.005745861833362861
,,,
0.08841079187605505,2.2482744080434117e-18,0.10084893822689056,0.005745861833362861
