Training error,Training violation,Test error,Test violation
0.06784499704789344,6.560108477382214e-18,0.10222358359348856,0.004172683689852258
,,,
0.06784499704789344,6.560108477382214e-18,0.10222358359348856,0.004172683689852258
