Training error,Training violation,Test error,Test violation
0.07070081477250315,7.36861093207069e-18,0.10483832425606573,0.003922108264232375
,,,
0.07070081477250315,7.36861093207069e-18,0.10483832425606573,0.003922108264232375
