Training error,Training violation,Test error,Test violation
0.05846428099828337,0.0087892709413444,0.10221864736242375,0.0231534853746733
,,,
0.05846428099828337,0.0087892709413444,0.10221864736242375,0.0231534853746733
