Training error,Training violation,Test error,Test violation
0.07497425115495829,7.584361173608295e-19,0.09961877571014746,0.007937050183286496
,,,
0.07497425115495829,7.584361173608295e-19,0.09961877571014746,0.007937050183286496
