Training error,Training violation,Test error,Test violation
0.0765492366335665,1.9585442441328335e-18,0.09772175291700747,0.008514259148731598
,,,
0.0765492366335665,1.9585442441328335e-18,0.09772175291700747,0.008514259148731598
