Training error,Training violation,Test error,Test violation
0.05856331704740526,0.008020171684881252,0.10342516254440647,0.017894573532395305
,,,
0.05856331704740526,0.008020171684881252,0.10342516254440647,0.017894573532395305
