Training error,Training violation,Test error,Test violation
0.06996221201971395,1.3118284124089642e-19,0.0990334016818891,0.009703121685953513
,,,
0.06996221201971395,1.3118284124089642e-19,0.0990334016818891,0.009703121685953513
