Training error,Training violation,Test error,Test violation
0.07840278021936598,1.3998405612116923e-18,0.09855520864644152,0.006829923212880652
,,,
0.07840278021936598,1.3998405612116923e-18,0.09855520864644152,0.006829923212880652
