Training error,Training violation,Test error,Test violation
0.08417799788268042,1.0578489237688646e-18,0.10092073115352052,0.011396101115941297
,,,
0.08417799788268042,1.0578489237688646e-18,0.10092073115352052,0.011396101115941297
