Training error,Training violation,Test error,Test violation
0.08805213060103369,1.5620827789106466e-17,0.10170584236730057,0.004099789964579467
,,,
0.08805213060103369,1.5620827789106466e-17,0.10170584236730057,0.004099789964579467
