Training error,Training violation,Test error,Test violation
0.11688327304704206,9.367314627394065e-18,0.11699759409703353,0.00021473950876387018
,,,
0.11688327304704206,9.367314627394065e-18,0.11699759409703353,0.00021473950876387018
