Training error,Training violation,Test error,Test violation
0.07625458499870766,2.5672871971669794e-19,0.09892827367402626,0.009465480209518125
,,,
0.07625458499870766,2.5672871971669794e-19,0.09892827367402626,0.009465480209518125
