Training error,Training violation,Test error,Test violation
0.07237825166647849,0.00040878012395067175,0.09952971275497213,0.009769928500420466
,,,
0.07237825166647849,0.00040878012395067175,0.09952971275497213,0.009769928500420466
