Training error,Training violation,Test error,Test violation
0.07424738910831838,4.830681735891865e-19,0.10408227082766967,0.002307680180104289
,,,
0.07424738910831838,4.830681735891865e-19,0.10408227082766967,0.002307680180104289
