Training error,Training violation,Test error,Test violation
0.07231361650187071,2.1639158271005587e-18,0.09733389109839016,0.010417452710407341
,,,
0.07231361650187071,2.1639158271005587e-18,0.09733389109839016,0.010417452710407341
