Training error,Training violation,Test error,Test violation
0.0715868685726733,3.78779462084494e-19,0.10037765652516963,0.006852068279018382
,,,
0.0715868685726733,3.78779462084494e-19,0.10037765652516963,0.006852068279018382
