Training error,Training violation,Test error,Test violation
0.0783956426882025,3.6522162972125762e-19,0.09942358198556193,0.0075233081329276795
,,,
0.0783956426882025,3.6522162972125762e-19,0.09942358198556193,0.0075233081329276795
