Training error,Training violation,Test error,Test violation
0.0761005202924352,2.3177393049008187e-18,0.09949936010100309,0.0070206350887031905
,,,
0.0761005202924352,2.3177393049008187e-18,0.09949936010100309,0.0070206350887031905
