Training error,Training violation,Test error,Test violation
0.07296946540121658,0.0006142088036148083,0.09990049769245755,0.008048900240771885
,,,
0.07296946540121658,0.0006142088036148083,0.09990049769245755,0.008048900240771885
