Training error,Training violation,Test error,Test violation
0.07147945446967688,3.4898704527838444e-18,0.10415776887822037,0.004159793495937978
,,,
0.07147945446967688,3.4898704527838444e-18,0.10415776887822037,0.004159793495937978
