Training error,Training violation,Test error,Test violation
0.07276018375890402,1.9672533181314669e-19,0.09880478067048931,0.006421769824095789
,,,
0.07276018375890402,1.9672533181314669e-19,0.09880478067048931,0.006421769824095789
