Training error,Training violation,Test error,Test violation
0.07110337116689154,7.913804191892604e-19,0.10335883051167463,0.0034918333380149283
,,,
0.07110337116689154,7.913804191892604e-19,0.10335883051167463,0.0034918333380149283
