Training error,Training violation,Test error,Test violation
0.10751698912937063,5.7806679551253275e-18,0.10918574708145208,0.00027789332763255057
,,,
0.10751698912937063,5.7806679551253275e-18,0.10918574708145208,0.00027789332763255057
