Training error,Training violation,Test error,Test violation
0.07070989986353148,1.961213081918893e-18,0.09934345954392258,0.008252923355968625
,,,
0.07070989986353148,1.961213081918893e-18,0.09934345954392258,0.008252923355968625
