Training error,Training violation,Test error,Test violation
0.08850583728806952,4.452617614903204e-18,0.10100028240535183,0.0067022263577782605
,,,
0.08850583728806952,4.452617614903204e-18,0.10100028240535183,0.0067022263577782605
