Training error,Training violation,Test error,Test violation
0.11638773966749817,6.0652031695394874e-18,0.11657090058892045,0.0003107357892140877
,,,
0.11638773966749817,6.0652031695394874e-18,0.11657090058892045,0.0003107357892140877
