Training error,Training violation,Test error,Test violation
0.07148674453841619,1.3847132649011986e-18,0.09933110679566334,0.009059167656695797
,,,
0.07148674453841619,1.3847132649011986e-18,0.09933110679566334,0.009059167656695797
