Training error,Training violation,Test error,Test violation
0.0792946762575889,5.18919826401622e-19,0.09775057106273591,0.009564525502290968
,,,
0.0792946762575889,5.18919826401622e-19,0.09775057106273591,0.009564525502290968
