Training error,Training violation,Test error,Test violation
0.05958668955499802,0.010069582764605036,0.10315704805952142,0.010737437476890314
,,,
0.05958668955499802,0.010069582764605036,0.10315704805952142,0.010737437476890314
