Training error,Training violation,Test error,Test violation
0.07254165348996702,6.125186531494494e-19,0.0992302775031384,0.01146430037519998
,,,
0.07254165348996702,6.125186531494494e-19,0.0992302775031384,0.01146430037519998
