Training error,Training violation,Test error,Test violation
0.0765271914475634,1.462515207995979e-18,0.1015883740222012,0.0071612384318569195
,,,
0.0765271914475634,1.462515207995979e-18,0.1015883740222012,0.0071612384318569195
