Training error,Training violation,Test error,Test violation
0.08036857490599995,1.0693835985465063e-18,0.09760016537082081,0.01080974958224996
,,,
0.08036857490599995,1.0693835985465063e-18,0.09760016537082081,0.01080974958224996
