Training error,Training violation,Test error,Test violation
0.08764859253512015,2.4102965303099123e-19,0.10191275151887247,0.007942598049003768
,,,
0.08764859253512015,2.4102965303099123e-19,0.10191275151887247,0.007942598049003768
