Training error,Training violation,Test error,Test violation
0.08731724187737161,0.0006784131038875892,0.1110456245540488,0.004964303901913517
,,,
0.08731724187737161,0.0006784131038875892,0.1110456245540488,0.004964303901913517
