Training error,Training violation,Test error,Test violation
0.08434560485260673,4.666934708136195e-19,0.0984324718843767,0.0059335298947372096
,,,
0.08434560485260673,4.666934708136195e-19,0.0984324718843767,0.0059335298947372096
