Training error,Training violation,Test error,Test violation
0.06973086622262924,0.0005972863230998115,0.09784872891175375,0.010489107012313158
,,,
0.06973086622262924,0.0005972863230998115,0.09784872891175375,0.010489107012313158
