Training error,Training violation,Test error,Test violation
0.06997928682203906,8.48950024571035e-18,0.10164082043372694,0.006999210451683957
,,,
0.06997928682203906,8.48950024571035e-18,0.10164082043372694,0.006999210451683957
