Training error,Training violation,Test error,Test violation
0.07518219340351301,1.5549617723675052e-19,0.0986971986596486,0.00786777163444203
,,,
0.07518219340351301,1.5549617723675052e-19,0.0986971986596486,0.00786777163444203
