Training error,Training violation,Test error,Test violation
0.11682750666723397,1.8588602184573526e-17,0.11672711270448541,0.0002613350071414021
,,,
0.11682750666723397,1.8588602184573526e-17,0.11672711270448541,0.0002613350071414021
