Training error,Training violation,Test error,Test violation
0.07373506739660127,2.348772829293444e-18,0.09858218846661192,0.008012845495230458
,,,
0.07373506739660127,2.348772829293444e-18,0.09858218846661192,0.008012845495230458
