Training error,Training violation,Test error,Test violation
0.08215232897951671,0.002009576975281376,0.09983801625393704,0.004615792767250956
,,,
0.08215232897951671,0.002009576975281376,0.09983801625393704,0.004615792767250956
