Training error,Training violation,Test error,Test violation
0.08754086957576515,2.134939756486539e-17,0.10225815582342573,0.0067761293909737765
,,,
0.08754086957576515,2.134939756486539e-17,0.10225815582342573,0.0067761293909737765
