Training error,Training violation,Test error,Test violation
0.11686253796381883,0.0,0.11696494403110128,0.00023856408053178664
,,,
0.11686253796381883,0.0,0.11696494403110128,0.00023856408053178664
