Training error,Training violation,Test error,Test violation
0.05889343721114486,0.004241571242178211,0.10201756149875997,0.016668934159177973
,,,
0.05889343721114486,0.004241571242178211,0.10201756149875997,0.016668934159177973
