Training error,Training violation,Test error,Test violation
0.07812764062731674,5.585162021192992e-19,0.10197777113039909,0.009337626134960905
,,,
0.07812764062731674,5.585162021192992e-19,0.10197777113039909,0.009337626134960905
