Training error,Training violation,Test error,Test violation
0.07917768975592508,4.718639827835277e-16,0.10025159242568774,0.0012606819491144483
,,,
0.07917768975592508,4.718639827835277e-16,0.10025159242568774,0.0012606819491144483
