Training error,Training violation,Test error,Test violation
0.08005658411760559,1.356494320557087e-17,0.09688917352479472,0.008070026535730156
,,,
0.08005658411760559,1.356494320557087e-17,0.09688917352479472,0.008070026535730156
