Training error,Training violation,Test error,Test violation
0.07180558727362077,3.0081964456873374e-18,0.10497258199750757,0.0029252145007719003
,,,
0.07180558727362077,3.0081964456873374e-18,0.10497258199750757,0.0029252145007719003
