Training error,Training violation,Test error,Test violation
0.07958513500608526,4.938557104515522e-20,0.09830833872897947,0.009408674171617113
,,,
0.07958513500608526,4.938557104515522e-20,0.09830833872897947,0.009408674171617113
