Training error,Training violation,Test error,Test violation
0.08200771520206693,3.992748383910501e-19,0.09868280794314052,0.007233418779228899
,,,
0.08200771520206693,3.992748383910501e-19,0.09868280794314052,0.007233418779228899
