Training error,Training violation,Test error,Test violation
0.11515654993475491,3.03377034252097e-17,0.11520792308371945,0.0021424323863067
,,,
0.11515654993475491,3.03377034252097e-17,0.11520792308371945,0.0021424323863067
