Training error,Training violation,Test error,Test violation
0.08007423614257812,3.0668703353252537e-18,0.10014365840250955,0.006544655103710992
,,,
0.08007423614257812,3.0668703353252537e-18,0.10014365840250955,0.006544655103710992
