Training error,Training violation,Test error,Test violation
0.05849729301465734,0.008045301248480213,0.1038943628929553,0.02223180933968231
,,,
0.05849729301465734,0.008045301248480213,0.1038943628929553,0.02223180933968231
