Training error,Training violation,Test error,Test violation
0.07088574071927838,2.8166504389324216e-18,0.0982500591192313,0.008817648065917005
,,,
0.07088574071927838,2.8166504389324216e-18,0.0982500591192313,0.008817648065917005
