Training error,Training violation,Test error,Test violation
0.07034449306443988,0.0005883005600966877,0.09780664806185875,0.007397642554362775
,,,
0.07034449306443988,0.0005883005600966877,0.09780664806185875,0.007397642554362775
