Training error,Training violation,Test error,Test violation
0.07490225359404462,0.0011344707083789794,0.09820514310680714,0.010219716325648234
,,,
0.07490225359404462,0.0011344707083789794,0.09820514310680714,0.010219716325648234
