Training error,Training violation,Test error,Test violation
0.07636376217820182,1.6453806781193958e-18,0.10182147784728642,0.006806667871097962
,,,
0.07636376217820182,1.6453806781193958e-18,0.10182147784728642,0.006806667871097962
