Training error,Training violation,Test error,Test violation
0.09652356774301064,8.79058134594396e-19,0.12079528618455633,0.01013439754212059
,,,
0.09652356774301064,8.79058134594396e-19,0.12079528618455633,0.01013439754212059
