Training error,Training violation,Test error,Test violation
0.07557866572597335,4.0184041896014063e-20,0.09942524724386656,0.00936240471555956
,,,
0.07557866572597335,4.0184041896014063e-20,0.09942524724386656,0.00936240471555956
