Training error,Training violation,Test error,Test violation
0.0802840748844233,1.6630788557479757e-18,0.09741865865856024,0.006023751891205759
,,,
0.0802840748844233,1.6630788557479757e-18,0.09741865865856024,0.006023751891205759
