Training error,Training violation,Test error,Test violation
0.07908899993932836,0.0010662155299039843,0.09881772970247339,0.0030524974022507635
,,,
0.07908899993932836,0.0010662155299039843,0.09881772970247339,0.0030524974022507635
