Training error,Training violation,Test error,Test violation
0.0734740511757281,5.79074203003842e-19,0.09834607678816035,0.008525647954251009
,,,
0.0734740511757281,5.79074203003842e-19,0.09834607678816035,0.008525647954251009
