Training error,Training violation,Test error,Test violation
0.10743078886135368,9.920905473609295e-18,0.10829839972080875,0.0012971355296958857
,,,
0.10743078886135368,9.920905473609295e-18,0.10829839972080875,0.0012971355296958857
