Training error,Training violation,Test error,Test violation
0.08626341516886517,1.1575007169283706e-17,0.09610903398970298,0.0066274870692220374
,,,
0.08626341516886517,1.1575007169283706e-17,0.09610903398970298,0.0066274870692220374
