Training error,Training violation,Test error,Test violation
0.07972526061676989,6.953020750577319e-19,0.09694517045686502,0.004934960857301323
,,,
0.07972526061676989,6.953020750577319e-19,0.09694517045686502,0.004934960857301323
