Training error,Training violation,Test error,Test violation
0.08916747099914099,8.557559097143814e-18,0.10183080316553841,0.005898004193866825
,,,
0.08916747099914099,8.557559097143814e-18,0.10183080316553841,0.005898004193866825
