Training error,Training violation,Test error,Test violation
0.07570905683049921,1.1384402716571595e-18,0.09856781895373312,0.008678469470250336
,,,
0.07570905683049921,1.1384402716571595e-18,0.09856781895373312,0.008678469470250336
