Training error,Training violation,Test error,Test violation
0.072311929520751,3.591950905772352e-18,0.09804951408246831,0.010692238317767475
,,,
0.072311929520751,3.591950905772352e-18,0.09804951408246831,0.010692238317767475
