Training error,Training violation,Test error,Test violation
0.09215814083508002,1.6238391885099062e-17,0.09970705302478895,0.004368579392413794
,,,
0.09215814083508002,1.6238391885099062e-17,0.09970705302478895,0.004368579392413794
