Training error,Training violation,Test error,Test violation
0.07752652223670667,1.2447641852753454e-19,0.10495735639542533,0.004486593249900823
,,,
0.07752652223670667,1.2447641852753454e-19,0.10495735639542533,0.004486593249900823
