Training error,Training violation,Test error,Test violation
0.07503184157294343,0.0013300587320502835,0.09944591414183503,0.011050542155422666
,,,
0.07503184157294343,0.0013300587320502835,0.09944591414183503,0.011050542155422666
