Training error,Training violation,Test error,Test violation
0.1167377822494507,3.655610745772755e-17,0.1170204111499026,0.00013782287418718017
,,,
0.1167377822494507,3.655610745772755e-17,0.1170204111499026,0.00013782287418718017
