Training error,Training violation,Test error,Test violation
0.07189794505610456,2.5697709024918562e-18,0.098017087362016,0.009473431159388292
,,,
0.07189794505610456,2.5697709024918562e-18,0.098017087362016,0.009473431159388292
