Training error,Training violation,Test error,Test violation
0.07515916088534749,2.8095734595512914e-18,0.09987768175487438,0.00903035474132937
,,,
0.07515916088534749,2.8095734595512914e-18,0.09987768175487438,0.00903035474132937
