Training error,Training violation,Test error,Test violation
0.0815612742218657,2.6100499300849777e-18,0.09856930294738502,0.005332479597870223
,,,
0.0815612742218657,2.6100499300849777e-18,0.09856930294738502,0.005332479597870223
