Training error,Training violation,Test error,Test violation
0.08753463248264147,1.0023204014683568e-17,0.10209314332205464,0.005836391419737026
,,,
0.08753463248264147,1.0023204014683568e-17,0.10209314332205464,0.005836391419737026
