Training error,Training violation,Test error,Test violation
0.07509869342798958,1.175090115117319e-18,0.10346135900296106,0.0010927770320797278
,,,
0.07509869342798958,1.175090115117319e-18,0.10346135900296106,0.0010927770320797278
