Training error,Training violation,Test error,Test violation
0.11637366654272162,1.743443886982265e-17,0.11656936924121453,0.001232361899584736
,,,
0.11637366654272162,1.743443886982265e-17,0.11656936924121453,0.001232361899584736
