Training error,Training violation,Test error,Test violation
0.07511372546842372,3.128290509999462e-19,0.09900292816055051,0.008649269715079726
,,,
0.07511372546842372,3.128290509999462e-19,0.09900292816055051,0.008649269715079726
