Training error,Training violation,Test error,Test violation
0.07837103298091203,5.247326878105033e-19,0.09856635323920107,0.006425908660464969
,,,
0.07837103298091203,5.247326878105033e-19,0.09856635323920107,0.006425908660464969
