Training error,Training violation,Test error,Test violation
0.08709746419890993,8.927821921852307e-19,0.09954023379866532,0.00641388446636564
,,,
0.08709746419890993,8.927821921852307e-19,0.09954023379866532,0.00641388446636564
