Training error,Training violation,Test error,Test violation
0.0877967539262901,1.0834123210098811e-17,0.10167783514831785,0.007958125096325742
,,,
0.0877967539262901,1.0834123210098811e-17,0.10167783514831785,0.007958125096325742
