Training error,Training violation,Test error,Test violation
0.05800211276904793,0.008146937852034034,0.10530196393860178,0.01676703304571981
,,,
0.05800211276904793,0.008146937852034034,0.10530196393860178,0.01676703304571981
