Training error,Training violation,Test error,Test violation
0.06709968696514437,2.7791731223161165e-20,0.10747448610682994,0.0039000638021044923
,,,
0.06709968696514437,2.7791731223161165e-20,0.10747448610682994,0.0039000638021044923
