Training error,Training violation,Test error,Test violation
0.05856331704740526,0.006602209324252067,0.10148133252898987,0.011594166577160385
,,,
0.05856331704740526,0.006602209324252067,0.10148133252898987,0.011594166577160385
