Training error,Training violation,Test error,Test violation
0.0720179588843246,1.899620866717883e-19,0.1053226577526736,0.0030952438436283847
,,,
0.0720179588843246,1.899620866717883e-19,0.1053226577526736,0.0030952438436283847
