Training error,Training violation,Test error,Test violation
0.0911476640065966,4.60415844211516e-18,0.1122336466678591,0.005563980299725824
,,,
0.0911476640065966,4.60415844211516e-18,0.1122336466678591,0.005563980299725824
