Training error,Training violation,Test error,Test violation
0.07581000786692212,0.0003517135212696003,0.09605571583485037,0.008508796166161058
,,,
0.07581000786692212,0.0003517135212696003,0.09605571583485037,0.008508796166161058
