Training error,Training violation,Test error,Test violation
0.07482559050638077,7.026490952959083e-19,0.10080360709366454,0.007045658332186494
,,,
0.07482559050638077,7.026490952959083e-19,0.10080360709366454,0.007045658332186494
