Training error,Training violation,Test error,Test violation
0.0706868522401335,1.099261660247038e-17,0.09902149749776354,0.010866079981881807
,,,
0.0706868522401335,1.099261660247038e-17,0.09902149749776354,0.010866079981881807
