Training error,Training violation,Test error,Test violation
0.06854041061109738,1.8965827447303274e-18,0.09975879948396713,0.002437204270489437
,,,
0.06854041061109738,1.8965827447303274e-18,0.09975879948396713,0.002437204270489437
