Training error,Training violation,Test error,Test violation
0.08594870158832377,1.995342627240796e-19,0.0954069256290846,0.0034846017568206126
,,,
0.08594870158832377,1.995342627240796e-19,0.0954069256290846,0.0034846017568206126
