Training error,Training violation,Test error,Test violation
0.09019543409915978,6.598629263962234e-18,0.10247534750608824,0.007925239510612815
,,,
0.09019543409915978,6.598629263962234e-18,0.10247534750608824,0.007925239510612815
