Training error,Training violation,Test error,Test violation
0.07575100899826716,0.001793705799858948,0.09846454892468678,0.0069294445811263344
,,,
0.07575100899826716,0.001793705799858948,0.09846454892468678,0.0069294445811263344
