Training error,Training violation,Test error,Test violation
0.11624903619251656,2.3742907522002386e-17,0.11634319026075732,0.0003736013099214485
,,,
0.11624903619251656,2.3742907522002386e-17,0.11634319026075732,0.0003736013099214485
