Training error,Training violation,Test error,Test violation
0.08052188871781563,3.581956520156412e-19,0.09973051409923331,0.004062609845929315
,,,
0.08052188871781563,3.581956520156412e-19,0.09973051409923331,0.004062609845929315
