Training error,Training violation,Test error,Test violation
0.056945728245081206,0.010361099744517342,0.10154836115021114,0.02548518372656427
,,,
0.056945728245081206,0.010361099744517342,0.10154836115021114,0.02548518372656427
