Training error,Training violation,Test error,Test violation
0.08236447661411907,3.4040269664631023e-19,0.09942680758800103,0.01032614029332627
,,,
0.08236447661411907,3.4040269664631023e-19,0.09942680758800103,0.01032614029332627
