Training error,Training violation,Test error,Test violation
0.11659236927976199,4.906788229674748e-19,0.11635034299803113,0.00040061940031061794
,,,
0.11659236927976199,4.906788229674748e-19,0.11635034299803113,0.00040061940031061794
