Training error,Training violation,Test error,Test violation
0.07642381844669568,4.567424949921031e-19,0.09895457557948473,0.010556717261917429
,,,
0.07642381844669568,4.567424949921031e-19,0.09895457557948473,0.010556717261917429
