Training error,Training violation,Test error,Test violation
0.11522535953324263,1.5903078496417914e-17,0.11583780917796707,0.0006546624575833116
,,,
0.11522535953324263,1.5903078496417914e-17,0.11583780917796707,0.0006546624575833116
