Training error,Training violation,Test error,Test violation
0.08032141765716483,6.881390333250866e-20,0.09986625720027537,0.007378295197362044
,,,
0.08032141765716483,6.881390333250866e-20,0.09986625720027537,0.007378295197362044
