Training error,Training violation,Test error,Test violation
0.1165565826737622,1.1477842707267561e-17,0.11658864713629224,0.00044177377653419
,,,
0.1165565826737622,1.1477842707267561e-17,0.11658864713629224,0.00044177377653419
