Training error,Training violation,Test error,Test violation
0.08475239407424909,4.958343032101265e-19,0.1005030784111712,0.006734312949989474
,,,
0.08475239407424909,4.958343032101265e-19,0.1005030784111712,0.006734312949989474
