Training error,Training violation,Test error,Test violation
0.07448645956788971,1.996788486336407e-19,0.10142839746611243,0.002176027620384943
,,,
0.07448645956788971,1.996788486336407e-19,0.10142839746611243,0.002176027620384943
