Training error,Training violation,Test error,Test violation
0.08059895723664505,2.7244145484912658e-19,0.10015345499769836,0.006140828993040936
,,,
0.08059895723664505,2.7244145484912658e-19,0.10015345499769836,0.006140828993040936
