Training error,Training violation,Test error,Test violation
0.07030347133192177,5.326965663593765e-18,0.10431528492734192,0.007562190050390461
,,,
0.07030347133192177,5.326965663593765e-18,0.10431528492734192,0.007562190050390461
