Training error,Training violation,Test error,Test violation
0.11632152508220106,1.4222801885109823e-17,0.11659807539109218,0.00027020255928812204
,,,
0.11632152508220106,1.4222801885109823e-17,0.11659807539109218,0.00027020255928812204
