Training error,Training violation,Test error,Test violation
0.08874293613659193,1.6314740574783736e-18,0.10209497894703597,0.007382561659838628
,,,
0.08874293613659193,1.6314740574783736e-18,0.10209497894703597,0.007382561659838628
