Training error,Training violation,Test error,Test violation
0.07079043162358675,1.2745549876802388e-19,0.10346379548175677,0.00397819451359031
,,,
0.07079043162358675,1.2745549876802388e-19,0.10346379548175677,0.00397819451359031
