Training error,Training violation,Test error,Test violation
0.07060370806771465,1.793029845157587e-18,0.10173131701152807,0.012006478628593418
,,,
0.07060370806771465,1.793029845157587e-18,0.10173131701152807,0.012006478628593418
