Training error,Training violation,Test error,Test violation
0.07700173520582318,2.4764410493707582e-18,0.0999622010064938,0.008392765667176082
,,,
0.07700173520582318,2.4764410493707582e-18,0.0999622010064938,0.008392765667176082
