Training error,Training violation,Test error,Test violation
0.11611561656022303,1.4929634017970153e-17,0.11725670373581132,0.0005489971605667091
,,,
0.11611561656022303,1.4929634017970153e-17,0.11725670373581132,0.0005489971605667091
