Training error,Training violation,Test error,Test violation
0.11676548982364865,1.0413002967434284e-17,0.11632117223239397,0.00034575607864047793
,,,
0.11676548982364865,1.0413002967434284e-17,0.11632117223239397,0.00034575607864047793
