Training error,Training violation,Test error,Test violation
0.08062103987979252,0.0009905495212939354,0.09869716574564799,0.005486337299729143
,,,
0.08062103987979252,0.0009905495212939354,0.09869716574564799,0.005486337299729143
