Training error,Training violation,Test error,Test violation
0.07229131177708717,1.779118813294575e-18,0.10032360144835215,0.011064489934674399
,,,
0.07229131177708717,1.779118813294575e-18,0.10032360144835215,0.011064489934674399
