Training error,Training violation,Test error,Test violation
0.0788133620631689,2.2288110377699877e-18,0.09873932930909776,0.009194855415509266
,,,
0.0788133620631689,2.2288110377699877e-18,0.09873932930909776,0.009194855415509266
