Training error,Training violation,Test error,Test violation
0.07178521066931134,0.0009982462330848374,0.0978408318144326,0.013438097580637055
,,,
0.07178521066931134,0.0009982462330848374,0.0978408318144326,0.013438097580637055
