Training error,Training violation,Test error,Test violation
0.07559031329700418,0.0011131601542751677,0.09909160224501362,0.006075474807532836
,,,
0.07559031329700418,0.0011131601542751677,0.09909160224501362,0.006075474807532836
