Training error,Training violation,Test error,Test violation
0.11692856199656675,0.0,0.11676385816743749,0.0
,,,
0.11692856199656675,0.0,0.11676385816743749,0.0
