Training error,Training violation,Test error,Test violation
0.11665252911977267,3.6051840336551335e-18,0.11750136398533217,0.0014917254255773016
,,,
0.11665252911977267,3.6051840336551335e-18,0.11750136398533217,0.0014917254255773016
