Training error,Training violation,Test error,Test violation
0.11651656735430166,5.104180501866993e-17,0.1165800670233661,0.00024202643532188274
,,,
0.11651656735430166,5.104180501866993e-17,0.1165800670233661,0.00024202643532188274
