Training error,Training violation,Test error,Test violation
0.07897406868230197,4.2799441911202866e-18,0.09878432973510878,0.00772440351535786
,,,
0.07897406868230197,4.2799441911202866e-18,0.09878432973510878,0.00772440351535786
