Training error,Training violation,Test error,Test violation
0.05853030503103129,0.007377879887005629,0.10215161874120249,0.012960748511212157
,,,
0.05853030503103129,0.007377879887005629,0.10215161874120249,0.012960748511212157
