Training error,Training violation,Test error,Test violation
0.06621047313427332,0.0006713618340309301,0.10147692322232651,0.005345243491075913
,,,
0.06621047313427332,0.0006713618340309301,0.10147692322232651,0.005345243491075913
