Training error,Training violation,Test error,Test violation
0.07094654838862371,1.9565235335845848e-19,0.09981696253820241,0.012636513166756066
,,,
0.07094654838862371,1.9565235335845848e-19,0.09981696253820241,0.012636513166756066
