Training error,Training violation,Test error,Test violation
0.061039218275452264,0.010030729988008642,0.10449762048394665,0.021441051161791555
,,,
0.061039218275452264,0.010030729988008642,0.10449762048394665,0.021441051161791555
