Training error,Training violation,Test error,Test violation
0.08069118409167626,5.321370616303736e-19,0.09829710692962887,0.007448731942299398
,,,
0.08069118409167626,5.321370616303736e-19,0.09829710692962887,0.007448731942299398
