Training error,Training violation,Test error,Test violation
0.06277630382890823,2.5113105376013156e-19,0.10526374666549608,0.004633411547019649
,,,
0.06277630382890823,2.5113105376013156e-19,0.10526374666549608,0.004633411547019649
