Training error,Training violation,Test error,Test violation
0.07537416425587212,2.4772355475906547e-19,0.10062451346254075,0.010807872520254336
,,,
0.07537416425587212,2.4772355475906547e-19,0.10062451346254075,0.010807872520254336
