Training error,Training violation,Test error,Test violation
0.06727080547240921,5.081869247086952e-19,0.10205235368703319,0.004923699983018374
,,,
0.06727080547240921,5.081869247086952e-19,0.10205235368703319,0.004923699983018374
