Training error,Training violation,Test error,Test violation
0.08541772414771379,3.1354357789441865e-19,0.10900085480323371,0.0041107405737893935
,,,
0.08541772414771379,3.1354357789441865e-19,0.10900085480323371,0.0041107405737893935
