Training error,Training violation,Test error,Test violation
0.07261177062759216,0.0005248656016343357,0.09908855178857641,0.011195366918044168
,,,
0.07261177062759216,0.0005248656016343357,0.09908855178857641,0.011195366918044168
