Training error,Training violation,Test error,Test violation
0.08145037029861768,2.8954193382196003e-19,0.0992033852916778,0.006111096552630576
,,,
0.08145037029861768,2.8954193382196003e-19,0.0992033852916778,0.006111096552630576
