Training error,Training violation,Test error,Test violation
0.07260792418645226,2.4501791621170814e-18,0.09901207937254707,0.011321256448391236
,,,
0.07260792418645226,2.4501791621170814e-18,0.09901207937254707,0.011321256448391236
