Training error,Training violation,Test error,Test violation
0.07943878801043164,7.908473735988543e-19,0.1003213589929902,0.006453176835245895
,,,
0.07943878801043164,7.908473735988543e-19,0.1003213589929902,0.006453176835245895
