Training error,Training violation,Test error,Test violation
0.11578332996105195,7.604046721326808e-18,0.11587236063480144,0.001063949402174388
,,,
0.11578332996105195,7.604046721326808e-18,0.11587236063480144,0.001063949402174388
