Training error,Training violation,Test error,Test violation
0.07205646824401633,1.7670114503779247e-18,0.09719546147134792,0.01204996508414695
,,,
0.07205646824401633,1.7670114503779247e-18,0.09719546147134792,0.01204996508414695
