Training error,Training violation,Test error,Test violation
0.10995491663362014,2.9825519995742895e-17,0.1108549886210159,0.001316149929112595
,,,
0.10995491663362014,2.9825519995742895e-17,0.1108549886210159,0.001316149929112595
