Training error,Training violation,Test error,Test violation
0.07085354793645135,5.873353247685125e-19,0.10096808472723381,0.011454761498358427
,,,
0.07085354793645135,5.873353247685125e-19,0.10096808472723381,0.011454761498358427
