Training error,Training violation,Test error,Test violation
0.08030330646515117,1.8213624807064806e-19,0.09736503307384783,0.006442677882480325
,,,
0.08030330646515117,1.8213624807064806e-19,0.09736503307384783,0.006442677882480325
