Training error,Training violation,Test error,Test violation
0.08924942360561738,2.0866659490033305e-18,0.10304587487775058,0.0032268460387587044
,,,
0.08924942360561738,2.0866659490033305e-18,0.10304587487775058,0.0032268460387587044
