Training error,Training violation,Test error,Test violation
0.07914125448604112,0.0007960119811109834,0.100925527342505,0.0013711034100321695
,,,
0.07914125448604112,0.0007960119811109834,0.100925527342505,0.0013711034100321695
