Training error,Training violation,Test error,Test violation
0.07429880526021829,2.0394493769790838e-18,0.09736712806157194,0.014692720181206091
,,,
0.07429880526021829,2.0394493769790838e-18,0.09736712806157194,0.014692720181206091
