Training error,Training violation,Test error,Test violation
0.07989297458869644,0.0017849669438911523,0.09861561752854048,0.00554092756163675
,,,
0.07989297458869644,0.0017849669438911523,0.09861561752854048,0.00554092756163675
