Training error,Training violation,Test error,Test violation
0.07986385153309912,2.829655969061009e-20,0.09938406691996952,0.0014189299324715294
,,,
0.07986385153309912,2.829655969061009e-20,0.09938406691996952,0.0014189299324715294
