Training error,Training violation,Test error,Test violation
0.07579791001326551,1.4509100904472597e-18,0.0999450418191058,0.011217220957135773
,,,
0.07579791001326551,1.4509100904472597e-18,0.0999450418191058,0.011217220957135773
