Training error,Training violation,Test error,Test violation
0.07940220126853902,1.453040146327324e-20,0.10409303124084927,0.0024197864089538913
,,,
0.07940220126853902,1.453040146327324e-20,0.10409303124084927,0.0024197864089538913
