Training error,Training violation,Test error,Test violation
0.05846428099828337,0.004075944943550878,0.10141430390776862,0.009284546441826885
,,,
0.05846428099828337,0.004075944943550878,0.10141430390776862,0.009284546441826885
