Training error,Training violation,Test error,Test violation
0.07887941531448453,2.9358081372724835e-20,0.09949130348372982,0.0062730471831025265
,,,
0.07887941531448453,2.9358081372724835e-20,0.09949130348372982,0.0062730471831025265
