Training error,Training violation,Test error,Test violation
0.07221660385433731,1.9378773669295766e-18,0.09958185648739792,0.009262271939282071
,,,
0.07221660385433731,1.9378773669295766e-18,0.09958185648739792,0.009262271939282071
