Training error,Training violation,Test error,Test violation
0.07564961069906471,5.03776746354081e-18,0.09989231526125894,0.011663408592297416
,,,
0.07564961069906471,5.03776746354081e-18,0.09989231526125894,0.011663408592297416
