Training error,Training violation,Test error,Test violation
0.08738003823208457,6.105836038688484e-18,0.1010099266094249,0.004476214135851418
,,,
0.08738003823208457,6.105836038688484e-18,0.1010099266094249,0.004476214135851418
