Training error,Training violation,Test error,Test violation
0.07357847037893729,0.00048033257511679987,0.10251093776230488,0.012948299655352696
,,,
0.07357847037893729,0.00048033257511679987,0.10251093776230488,0.012948299655352696
