Training error,Training violation,Test error,Test violation
0.0731279607872617,1.9494690234517327e-19,0.1006241006460196,0.009402233294512593
,,,
0.0731279607872617,1.9494690234517327e-19,0.1006241006460196,0.009402233294512593
