Training error,Training violation,Test error,Test violation
0.07884151430658311,3.5825169645251995e-19,0.09830616032638297,0.007335286863323841
,,,
0.07884151430658311,3.5825169645251995e-19,0.09830616032638297,0.007335286863323841
