Training error,Training violation,Test error,Test violation
0.07306279375267746,1.278647960415499e-19,0.10396603624702165,0.0034015987454088384
,,,
0.07306279375267746,1.278647960415499e-19,0.10396603624702165,0.0034015987454088384
