Training error,Training violation,Test error,Test violation
0.05846428099828337,0.00842077748383787,0.10262081908975132,0.014168559459426515
,,,
0.05846428099828337,0.00842077748383787,0.10262081908975132,0.014168559459426515
