Training error,Training violation,Test error,Test violation
0.08619475105450514,2.155623591513069e-18,0.10029418125884532,0.004392537374090587
,,,
0.08619475105450514,2.155623591513069e-18,0.10029418125884532,0.004392537374090587
