Training error,Training violation,Test error,Test violation
0.07145109264192864,0.0010496558637899738,0.1042843588629089,0.002757557160461969
,,,
0.07145109264192864,0.0010496558637899738,0.1042843588629089,0.002757557160461969
