Training error,Training violation,Test error,Test violation
0.07857017788162725,1.294066799189268e-18,0.09829500803386426,0.007882822410599892
,,,
0.07857017788162725,1.294066799189268e-18,0.09829500803386426,0.007882822410599892
