Training error,Training violation,Test error,Test violation
0.08363857873699226,3.552016791611062e-18,0.09655124212158459,0.00473180078509592
,,,
0.08363857873699226,3.552016791611062e-18,0.09655124212158459,0.00473180078509592
