Training error,Training violation,Test error,Test violation
0.09281922831071929,5.472202853491762e-17,0.10037302007241058,0.00446790114769486
,,,
0.09281922831071929,5.472202853491762e-17,0.10037302007241058,0.00446790114769486
