Training error,Training violation,Test error,Test violation
0.07668627745341566,2.0867079261305731e-19,0.09992286315718846,0.009727297971391869
,,,
0.07668627745341566,2.0867079261305731e-19,0.09992286315718846,0.009727297971391869
