Training error,Training violation,Test error,Test violation
0.07464003357796667,5.010728031417229e-19,0.10252581204461712,0.0018794149918860618
,,,
0.07464003357796667,5.010728031417229e-19,0.10252581204461712,0.0018794149918860618
