Training error,Training violation,Test error,Test violation
0.0700060061393348,1.3080440879686109e-18,0.09822807577737316,0.012839717778348725
,,,
0.0700060061393348,1.3080440879686109e-18,0.09822807577737316,0.012839717778348725
