Training error,Training violation,Test error,Test violation
0.07562034033456648,4.749778010631962e-19,0.10132235123914732,0.010625101996337576
,,,
0.07562034033456648,4.749778010631962e-19,0.10132235123914732,0.010625101996337576
