Training error,Training violation,Test error,Test violation
0.08099593846231724,1.6934392304916026e-18,0.09842505773708823,0.006419097803738105
,,,
0.08099593846231724,1.6934392304916026e-18,0.09842505773708823,0.006419097803738105
