Training error,Training violation,Test error,Test violation
0.09262265366176817,1.742648039069446e-17,0.10061706385574977,0.006921551908049113
,,,
0.09262265366176817,1.742648039069446e-17,0.10061706385574977,0.006921551908049113
