Training error,Training violation,Test error,Test violation
0.06094018222633039,0.012511608185496514,0.10429653462028286,0.013026267110617828
,,,
0.06094018222633039,0.012511608185496514,0.10429653462028286,0.013026267110617828
