Training error,Training violation,Test error,Test violation
0.07784262605352187,6.110289859945002e-19,0.10036258538795749,0.004881940947227608
,,,
0.07784262605352187,6.110289859945002e-19,0.10036258538795749,0.004881940947227608
