Training error,Training violation,Test error,Test violation
0.08963944111042829,1.855517826324973e-18,0.10125380811867649,0.005050795615944005
,,,
0.08963944111042829,1.855517826324973e-18,0.10125380811867649,0.005050795615944005
