Training error,Training violation,Test error,Test violation
0.08756384729878253,5.916641805286591e-19,0.10102439456277212,0.006332187587933749
,,,
0.08756384729878253,5.916641805286591e-19,0.10102439456277212,0.006332187587933749
