Training error,Training violation,Test error,Test violation
0.11696157401294072,0.0,0.11676385816743749,0.0
,,,
0.11696157401294072,0.0,0.11676385816743749,0.0
