Training error,Training violation,Test error,Test violation
0.06995805394920449,2.623710305943911e-19,0.09900230299255647,0.010260886101928818
,,,
0.06995805394920449,2.623710305943911e-19,0.09900230299255647,0.010260886101928818
