Training error,Training violation,Test error,Test violation
0.07436115194434904,3.1721283726618083e-18,0.10116492065418478,0.004286574748900986
,,,
0.07436115194434904,3.1721283726618083e-18,0.10116492065418478,0.004286574748900986
