Training error,Training violation,Test error,Test violation
0.07328121837409983,0.00020777790251217185,0.09932682506592705,0.010210725207181047
,,,
0.07328121837409983,0.00020777790251217185,0.09932682506592705,0.010210725207181047
