Training error,Training violation,Test error,Test violation
0.09666187046938,1.6280499568271614e-17,0.12219755916240452,0.007434867841753849
,,,
0.09666187046938,1.6280499568271614e-17,0.12219755916240452,0.007434867841753849
