Training error,Training violation,Test error,Test violation
0.08100734966595803,3.521268222335836e-18,0.0982095925576754,0.008179622294391528
,,,
0.08100734966595803,3.521268222335836e-18,0.0982095925576754,0.008179622294391528
