Training error,Training violation,Test error,Test violation
0.07573004351996065,0.0011119583783943644,0.10084621955955389,0.004637840070463642
,,,
0.07573004351996065,0.0011119583783943644,0.10084621955955389,0.004637840070463642
