Training error,Training violation,Test error,Test violation
0.07745422513267873,3.8340552591106534e-19,0.09822249022091589,0.004095576260958622
,,,
0.07745422513267873,3.8340552591106534e-19,0.09822249022091589,0.004095576260958622
