Training error,Training violation,Test error,Test violation
0.08508602864833006,1.032223421604946e-18,0.10211815824364393,0.005996146824766556
,,,
0.08508602864833006,1.032223421604946e-18,0.10211815824364393,0.005996146824766556
