Training error,Training violation,Test error,Test violation
0.08677711680289198,5.08189514737564e-19,0.10094357640357653,0.005408701767154387
,,,
0.08677711680289198,5.08189514737564e-19,0.10094357640357653,0.005408701767154387
