Training error,Training violation,Test error,Test violation
0.11633442951952563,2.155434170384653e-17,0.11596916359556235,0.0008522799628586457
,,,
0.11633442951952563,2.155434170384653e-17,0.11596916359556235,0.0008522799628586457
