Training error,Training violation,Test error,Test violation
0.07063918019280332,1.793029245818847e-19,0.0987529728078626,0.013212713235178159
,,,
0.07063918019280332,1.793029245818847e-19,0.0987529728078626,0.013212713235178159
