Training error,Training violation,Test error,Test violation
0.11695625410805259,3.3022840393781564e-17,0.1166399945803503,0.00025366488023962513
,,,
0.11695625410805259,3.3022840393781564e-17,0.1166399945803503,0.00025366488023962513
