Training error,Training violation,Test error,Test violation
0.0728794516744119,0.0006998637478382794,0.0981390319569515,0.00988408817213883
,,,
0.0728794516744119,0.0006998637478382794,0.0981390319569515,0.00988408817213883
