Training error,Training violation,Test error,Test violation
0.07265936720230877,6.717091451231041e-19,0.10054959841213204,0.00881633654864082
,,,
0.07265936720230877,6.717091451231041e-19,0.10054959841213204,0.00881633654864082
