Training error,Training violation,Test error,Test violation
0.13080843450588298,0.0,0.15550783296275408,0.010650022740161946
,,,
0.13080843450588298,0.0,0.15550783296275408,0.010650022740161946
