Training error,Training violation,Test error,Test violation
0.13964558828045823,-0.006116137799833554,0.15582580922547756,-0.004048697756541181
,,,
0.13964558828045823,-0.006116137799833554,0.15582580922547756,-0.004048697756541181
