Training error,Training violation,Test error,Test violation
0.14072049384232674,-0.007435945675145135,0.1590197162336466,-0.012544212195834157
,,,
0.14072049384232674,-0.007435945675145135,0.1590197162336466,-0.012544212195834157
