Training error,Training violation,Test error,Test violation
0.1405257724769798,6.505213034913027e-19,0.15406353393501332,-0.0014252097988047554
,,,
0.1405257724769798,6.505213034913027e-19,0.15406353393501332,-0.0014252097988047554
