Training error,Training violation,Test error,Test violation
0.12118792420380209,0.07643000854161928,0.14550703273754684,0.0762732893159895
,,,
0.12118792420380209,0.07643000854161928,0.14550703273754684,0.0762732893159895
