Training error,Training violation,Test error,Test violation
0.14252808677798684,3.2526065174565133e-19,0.15550992160051774,-0.002085941268281642
,,,
0.14252808677798684,3.2526065174565133e-19,0.15550992160051774,-0.002085941268281642
