Training error,Training violation,Test error,Test violation
0.1472443061470734,-1.6263032587282567e-18,0.15354039952837464,0.0023007755157298726
,,,
0.1472443061470734,-1.6263032587282567e-18,0.15354039952837464,0.0023007755157298726
