Training error,Training violation,Test error,Test violation
0.1415128144813809,0.0,0.1557921765526807,-0.004997689462079193
,,,
0.1415128144813809,0.0,0.1557921765526807,-0.004997689462079193
