Training error,Training violation,Test error,Test violation
0.11989803752955991,0.07385894255975382,0.1456298753147841,0.0727128940212205
,,,
0.11989803752955991,0.07385894255975382,0.1456298753147841,0.0727128940212205
