Training error,Training violation,Test error,Test violation
0.14339608390208083,-5.421010862427522e-19,0.1551249008589745,-0.0009027926429059789
,,,
0.14339608390208083,-5.421010862427522e-19,0.1551249008589745,-0.0009027926429059789
