Training error,Training violation,Test error,Test violation
0.12269279199041798,0.06943231445405952,0.1436643940789878,0.07052445871653272
,,,
0.12269279199041798,0.06943231445405952,0.1436643940789878,0.07052445871653272
