Training error,Training violation,Test error,Test violation
0.14422161481526977,-0.0015692700226327403,0.1554572814937657,-0.004545168559628609
,,,
0.14422161481526977,-0.0015692700226327403,0.1554572814937657,-0.004545168559628609
