Training error,Training violation,Test error,Test violation
0.13927704923067474,-0.003554389367459637,0.15637860082304528,-0.006904561820628985
,,,
0.13927704923067474,-0.003554389367459637,0.15637860082304528,-0.006904561820628985
