Training error,Training violation,Test error,Test violation
0.1387856638309634,8.984944932603197e-19,0.15508173912797998,0.005091700595496134
,,,
0.1387856638309634,8.984944932603197e-19,0.15508173912797998,0.005091700595496134
