Training error,Training violation,Test error,Test violation
0.14339240195325698,0.000857874349095622,0.1541674344327744,-0.0011047606189403258
,,,
0.14339240195325698,0.000857874349095622,0.1541674344327744,-0.0011047606189403258
