Training error,Training violation,Test error,Test violation
0.1318415686837915,-2.8128477654306096e-18,0.15860834439572977,-0.006084768983001938
,,,
0.1318415686837915,-2.8128477654306096e-18,0.15860834439572977,-0.006084768983001938
