Training error,Training violation,Test error,Test violation
0.13696650460578663,0.0011778734751145268,0.15493903676245643,0.010492600023441986
,,,
0.13696650460578663,0.0011778734751145268,0.15493903676245643,0.010492600023441986
