Training error,Training violation,Test error,Test violation
0.1378950277939866,-0.0042883639536249445,0.15459738345310478,0.006139169937517505
,,,
0.1378950277939866,-0.0042883639536249445,0.15459738345310478,0.006139169937517505
