Training error,Training violation,Test error,Test violation
0.13924633764319275,-0.0024096167261458685,0.1554572814937657,0.0006431568323156666
,,,
0.13924633764319275,-0.0024096167261458685,0.1554572814937657,0.0006431568323156666
