Training error,Training violation,Test error,Test violation
0.1187617087927275,0.07783433929060671,0.14599840304649592,0.07343771281397303
,,,
0.1187617087927275,0.07783433929060671,0.14599840304649592,0.07343771281397303
