Training error,Training violation,Test error,Test violation
0.12395196707717822,0.06935993764113527,0.14329586634727598,0.06735451031954129
,,,
0.12395196707717822,0.06935993764113527,0.14329586634727598,0.06735451031954129
