Training error,Training violation,Test error,Test violation
0.14010339103936667,-4.119968255444917e-18,0.15466530525117456,0.010927698393898537
,,,
0.14010339103936667,-4.119968255444917e-18,0.15466530525117456,0.010927698393898537
