Training error,Training violation,Test error,Test violation
0.11952949847977642,0.07333882838176446,0.14587556046925865,0.07168412312714781
,,,
0.11952949847977642,0.07333882838176446,0.14587556046925865,0.07168412312714781
