Training error,Training violation,Test error,Test violation
0.1442830379902337,-0.0027272978888918387,0.15564154535962166,-0.0015187543803457104
,,,
0.1442830379902337,-0.0027272978888918387,0.15564154535962166,-0.0015187543803457104
