Training error,Training violation,Test error,Test violation
0.1385706827185897,-0.0022034875858533416,0.15705423499785023,0.0037406233674518448
,,,
0.1385706827185897,-0.0022034875858533416,0.15705423499785023,0.0037406233674518448
