Training error,Training violation,Test error,Test violation
0.1424935469474986,0.0,0.15459708999938582,-0.00032162964480646325
,,,
0.1424935469474986,0.0,0.15459708999938582,-0.00032162964480646325
