Training error,Training violation,Test error,Test violation
0.1408415510027476,1.734723475976807e-18,0.15472780908867986,0.0038792680097962822
,,,
0.1408415510027476,1.734723475976807e-18,0.15472780908867986,0.0038792680097962822
