Training error,Training violation,Test error,Test violation
0.1391466355813896,2.168404344971009e-19,0.15653182926172493,0.007482731698022241
,,,
0.1391466355813896,2.168404344971009e-19,0.15653182926172493,0.007482731698022241
