Training error,Training violation,Test error,Test violation
0.1464635607014528,-0.0006165036828770792,0.15588723051409634,-0.0013359181260680652
,,,
0.1464635607014528,-0.0006165036828770792,0.15588723051409634,-0.0013359181260680652
