Training error,Training violation,Test error,Test violation
0.1395904419328314,1.734723475976807e-18,0.157923709464847,0.004968054139655613
,,,
0.1395904419328314,1.734723475976807e-18,0.157923709464847,0.004968054139655613
