Training error,Training violation,Test error,Test violation
0.14845981388777987,-0.005419712706457525,0.15613291566857077,-0.004964872767347196
,,,
0.14845981388777987,-0.005419712706457525,0.15613291566857077,-0.004964872767347196
