Training error,Training violation,Test error,Test violation
0.1401983968551334,-0.006153740461925681,0.15748418401818068,-0.005866767899652818
,,,
0.1401983968551334,-0.006153740461925681,0.15748418401818068,-0.005866767899652818
