Training error,Training violation,Test error,Test violation
0.14348552279004803,7.589415207398531e-19,0.15555510957929383,0.009165356167248822
,,,
0.14348552279004803,7.589415207398531e-19,0.15555510957929383,0.009165356167248822
