Training error,Training violation,Test error,Test violation
0.1448317747941422,0.0,0.15578091338949457,0.007729322284771862
,,,
0.1448317747941422,0.0,0.15578091338949457,0.007729322284771862
