Training error,Training violation,Test error,Test violation
0.14038266638002522,-0.007595507355810107,0.15662428597751984,-0.0020740485769600307
,,,
0.14038266638002522,-0.007595507355810107,0.15662428597751984,-0.0020740485769600307
