Training error,Training violation,Test error,Test violation
0.1409460358541741,-1.734723475976807e-18,0.15529303271890804,0.0022115359899078165
,,,
0.1409460358541741,-1.734723475976807e-18,0.15529303271890804,0.0022115359899078165
