Training error,Training violation,Test error,Test violation
0.14128140259128627,0.0,0.1547849354861626,0.0005705221119412605
,,,
0.14128140259128627,0.0,0.1547849354861626,0.0005705221119412605
