Training error,Training violation,Test error,Test violation
0.14769202420073096,-0.006351625618842701,0.15631717953442667,-0.007415354445193258
,,,
0.14769202420073096,-0.006351625618842701,0.15631717953442667,-0.007415354445193258
