Training error,Training violation,Test error,Test violation
0.13973772304290405,-0.0047687103104376285,0.1575456053067993,0.0008906755755471727
,,,
0.13973772304290405,-0.0047687103104376285,0.1575456053067993,0.0008906755755471727
