Training error,Training violation,Test error,Test violation
0.13371377461891168,6.505213034913027e-19,0.1566214206376487,-0.0021296254318753385
,,,
0.13371377461891168,6.505213034913027e-19,0.1566214206376487,-0.0021296254318753385
