Training error,Training violation,Test error,Test violation
0.1442830379902337,-0.0033328222719120615,0.15723849886370617,-0.008601013053570417
,,,
0.1442830379902337,-0.0033328222719120615,0.15723849886370617,-0.008601013053570417
