Training error,Training violation,Test error,Test violation
0.12639451859035572,1.734723475976807e-18,0.15523290557509134,0.0022552922445341996
,,,
0.12639451859035572,1.734723475976807e-18,0.15523290557509134,0.0022552922445341996
