Training error,Training violation,Test error,Test violation
0.14047480114247102,-0.007746860651177299,0.15889687365640928,-0.014207597896031678
,,,
0.14047480114247102,-0.007746860651177299,0.15889687365640928,-0.014207597896031678
