Training error,Training violation,Test error,Test violation
0.14513460341567952,2.710505431213761e-19,0.15469789572223241,-0.00043954052418427334
,,,
0.14513460341567952,2.710505431213761e-19,0.15469789572223241,-0.00043954052418427334
