Training error,Training violation,Test error,Test violation
0.1444980191026074,0.0036157332756765748,0.15214053190835944,0.0037163788550738652
,,,
0.1444980191026074,0.0036157332756765748,0.15214053190835944,0.0037163788550738652
