Training error,Training violation,Test error,Test violation
0.1405976474923989,0.0014706701783525344,0.15515017505067255,0.01311149742386683
,,,
0.1405976474923989,0.0014706701783525344,0.15515017505067255,0.01311149742386683
