Training error,Training violation,Test error,Test violation
0.12502687263904672,0.0743692402069306,0.14470855598550458,0.0747000885493077
,,,
0.12502687263904672,0.0743692402069306,0.14470855598550458,0.0747000885493077
