Training error,Training violation,Test error,Test violation
0.1406283590798809,-0.008367193089014017,0.1574841840181808,0.0011653282845899842
,,,
0.1406283590798809,-0.008367193089014017,0.1574841840181808,0.0011653282845899842
