Training error,Training violation,Test error,Test violation
0.14022910844261546,-0.006741079414384707,0.15754560530679942,0.007333127389051095
,,,
0.14022910844261546,-0.006741079414384707,0.15754560530679942,0.007333127389051095
