Training error,Training violation,Test error,Test violation
0.148367679125334,-0.005858465556421444,0.1571156562864689,-0.006754703393810013
,,,
0.148367679125334,-0.005858465556421444,0.1571156562864689,-0.006754703393810013
