Training error,Training violation,Test error,Test violation
0.14287356938924395,3.2526065174565133e-19,0.15505030290333077,-0.003340125600468832
,,,
0.14287356938924395,3.2526065174565133e-19,0.15505030290333077,-0.003340125600468832
