Training error,Training violation,Test error,Test violation
0.14013697368016956,-0.0074433220447315835,0.15822123948160435,-0.009909262707621021
,,,
0.14013697368016956,-0.0074433220447315835,0.15822123948160435,-0.009909262707621021
