Training error,Training violation,Test error,Test violation
0.14528198576382553,0.010620743897176321,0.15478164731896074,0.010869529890270733
,,,
0.14528198576382553,0.010620743897176321,0.15478164731896074,0.010869529890270733
