Training error,Training violation,Test error,Test violation
0.1387856638309634,-0.002554869333315418,0.1557029666482403,0.004381238357842626
,,,
0.1387856638309634,-0.002554869333315418,0.1557029666482403,0.004381238357842626
