Training error,Training violation,Test error,Test violation
0.14154822718682306,0.0,0.15556070856311574,0.0021575614983527554
,,,
0.14154822718682306,0.0,0.15556070856311574,0.0021575614983527554
