Training error,Training violation,Test error,Test violation
0.14759988943828506,-0.004823727705767611,0.15601007309133347,-0.004715108722648964
,,,
0.14759988943828506,-0.004823727705767611,0.15601007309133347,-0.004715108722648964
