Training error,Training violation,Test error,Test violation
0.13998341574275971,-0.004933984329266338,0.1575456053067993,-0.003364446501526396
,,,
0.13998341574275971,-0.004933984329266338,0.1575456053067993,-0.003364446501526396
