Training error,Training violation,Test error,Test violation
0.1407774661499101,4.336808689942018e-19,0.15643290400909635,0.00813589437709505
,,,
0.1407774661499101,4.336808689942018e-19,0.15643290400909635,0.00813589437709505
