Training error,Training violation,Test error,Test violation
0.1254568348637941,0.06574758945474092,0.14513850500583503,0.06430638284796748
,,,
0.1254568348637941,0.06574758945474092,0.14513850500583503,0.06430638284796748
