Training error,Training violation,Test error,Test violation
0.12207856024077884,0.06504961376344708,0.14391007923346233,0.0682788240054227
,,,
0.12207856024077884,0.06504961376344708,0.14391007923346233,0.0682788240054227
