Training error,Training violation,Test error,Test violation
0.13219065667364752,4.336808689942018e-19,0.15551754095923762,0.012774486992755109
,,,
0.13219065667364752,4.336808689942018e-19,0.15551754095923762,0.012774486992755109
