Training error,Training violation,Test error,Test violation
0.14013697368016953,-0.0028666716407025616,0.15496591118481665,-0.001733756538209591
,,,
0.14013697368016953,-0.0028666716407025616,0.15496591118481665,-0.001733756538209591
