Training error,Training violation,Test error,Test violation
0.14781785116644255,-4.689174395999807e-18,0.15573459715849186,-0.0004034212350058594
,,,
0.14781785116644255,-4.689174395999807e-18,0.15573459715849186,-0.0004034212350058594
