Training error,Training violation,Test error,Test violation
0.1336875534383779,-0.002895602711621592,0.15877403107917204,-0.006018620065889713
,,,
0.1336875534383779,-0.002895602711621592,0.15877403107917204,-0.006018620065889713
