Training error,Training violation,Test error,Test violation
0.13986056939283192,-0.0050259388881722655,0.15521159633929119,-0.001722755005667792
,,,
0.13986056939283192,-0.0050259388881722655,0.15521159633929119,-0.001722755005667792
