Training error,Training violation,Test error,Test violation
0.14030333445397233,2.439454888092385e-19,0.15458569323420587,0.006423097452526809
,,,
0.14030333445397233,2.439454888092385e-19,0.15458569323420587,0.006423097452526809
