Training error,Training violation,Test error,Test violation
0.1292292659093685,-0.004325196420535193,0.15858976721331614,-0.01004214615295898
,,,
0.1292292659093685,-0.004325196420535193,0.15858976721331614,-0.01004214615295898
