Training error,Training violation,Test error,Test violation
0.14686281133871806,-0.005228371903415684,0.15619433695718934,-0.005158973556792622
,,,
0.14686281133871806,-0.005228371903415684,0.15619433695718934,-0.005158973556792622
