Training error,Training violation,Test error,Test violation
0.124105525014588,0.07886369726722273,0.14341870892451325,0.07660598399708606
,,,
0.124105525014588,0.07886369726722273,0.14341870892451325,0.07660598399708606
