Training error,Training violation,Test error,Test violation
0.13253771638295067,4.93807207922994e-19,0.15967076279185716,-0.0018878545409746488
,,,
0.13253771638295067,4.93807207922994e-19,0.15967076279185716,-0.0018878545409746488
