Training error,Training violation,Test error,Test violation
0.14029053161757932,-0.008664852840100878,0.15686997113199436,-0.005542978159715106
,,,
0.14029053161757932,-0.008664852840100878,0.15686997113199436,-0.005542978159715106
