Training error,Training violation,Test error,Test violation
0.14649427228893458,-0.00245786793476202,0.1557643879368589,-0.004230924058643975
,,,
0.14649427228893458,-0.00245786793476202,0.1557643879368589,-0.004230924058643975
