Training error,Training violation,Test error,Test violation
0.12088080832898253,0.07049944160996285,0.1440329218106996,0.06679294910799259
,,,
0.12088080832898253,0.07049944160996285,0.1440329218106996,0.06679294910799259
