Training error,Training violation,Test error,Test violation
0.14004870101154943,2.168404344971009e-19,0.15462813112890167,0.009933613860123909
,,,
0.14004870101154943,2.168404344971009e-19,0.15462813112890167,0.009933613860123909
