Training error,Training violation,Test error,Test violation
0.1390705645445166,1.0842021724855044e-19,0.15289980185080745,0.003915109194705819
,,,
0.1390705645445166,1.0842021724855044e-19,0.15289980185080745,0.003915109194705819
