Training error,Training violation,Test error,Test violation
0.13914582870430228,0.003471146167023239,0.1521767845036986,0.014177865274352549
,,,
0.13914582870430228,0.003471146167023239,0.1521767845036986,0.014177865274352549
