Training error,Training violation,Test error,Test violation
0.13563471661158039,-0.0030712898205854664,0.15693139242061302,-0.002565975454530273
,,,
0.13563471661158039,-0.0030712898205854664,0.15693139242061302,-0.002565975454530273
