Training error,Training violation,Test error,Test violation
0.13742278759708887,-0.010112756849076698,0.16264357226214607,-0.018697761950324077
,,,
0.13742278759708887,-0.010112756849076698,0.16264357226214607,-0.018697761950324077
