Training error,Training violation,Test error,Test violation
0.13939989558060253,-0.006313135625395565,0.1580369756157484,-0.011444922633374986
,,,
0.13939989558060253,-0.006313135625395565,0.1580369756157484,-0.011444922633374986
