Training error,Training violation,Test error,Test violation
0.14145546548108232,-4.336808689942018e-19,0.15412702430066486,0.010035360743699848
,,,
0.14145546548108232,-4.336808689942018e-19,0.15412702430066486,0.010035360743699848
