Training error,Training violation,Test error,Test violation
0.1504814827130138,8.673617379884035e-19,0.1561790930101175,-0.0002987650190184139
,,,
0.1504814827130138,8.673617379884035e-19,0.1561790930101175,-0.0002987650190184139
