Training error,Training violation,Test error,Test violation
0.14744633150087527,0.0008255518520326188,0.15496591118481665,0.013797582267638567
,,,
0.14744633150087527,0.0008255518520326188,0.15496591118481665,0.013797582267638567
