Training error,Training violation,Test error,Test violation
0.13982985780534996,-0.004766769130532561,0.15601007309133347,-0.0017319229494526245
,,,
0.13982985780534996,-0.004766769130532561,0.15601007309133347,-0.0017319229494526245
