Training error,Training violation,Test error,Test violation
0.13220822774106256,0.0,0.1575180983012804,0.01796853245551923
,,,
0.13220822774106256,0.0,0.1575180983012804,0.01796853245551923
