Training error,Training violation,Test error,Test violation
0.12223211817818863,0.07194165216952474,0.14575271789202138,0.07037195094033206
,,,
0.12223211817818863,0.07194165216952474,0.14575271789202138,0.07037195094033206
