Training error,Training violation,Test error,Test violation
0.14729551449953787,2.8471149049469346e-16,0.1552961027475677,-0.001492765064102435
,,,
0.14729551449953787,2.8471149049469346e-16,0.1552961027475677,-0.001492765064102435
