Training error,Training violation,Test error,Test violation
0.14151067741872742,7.115076756936123e-19,0.15343578635581787,-0.00040423420285009214
,,,
0.14151067741872742,7.115076756936123e-19,0.15343578635581787,-0.00040423420285009214
