Training error,Training violation,Test error,Test violation
0.12223211817818863,0.0770622652073689,0.14501566242859776,0.07574960060016792
,,,
0.12223211817818863,0.0770622652073689,0.14501566242859776,0.07574960060016792
