Training error,Training violation,Test error,Test violation
0.14738683108790557,1.734723475976807e-18,0.15620913330496972,-0.001130042745581556
,,,
0.14738683108790557,1.734723475976807e-18,0.15620913330496972,-0.001130042745581556
