Training error,Training violation,Test error,Test violation
0.14152794775300315,-1.734723475976807e-18,0.1543467187144385,-0.0017844852615933934
,,,
0.14152794775300315,-1.734723475976807e-18,0.1543467187144385,-0.0017844852615933934
