Training error,Training violation,Test error,Test violation
0.14001412733024168,-0.001573429530925263,0.154228855721393,0.0029360949855636305
,,,
0.14001412733024168,-0.001573429530925263,0.154228855721393,0.0029360949855636305
