Training error,Training violation,Test error,Test violation
0.11909953625502902,0.0732957905299909,0.1454456114489282,0.0727466876267239
,,,
0.11909953625502902,0.0732957905299909,0.1454456114489282,0.0727466876267239
