Training error,Training violation,Test error,Test violation
0.13575338865082062,-3.7947076036992655e-19,0.1582393867234365,-0.006461002274125063
,,,
0.13575338865082062,-3.7947076036992655e-19,0.1582393867234365,-0.006461002274125063
