Training error,Training violation,Test error,Test violation
0.1488532830190239,3.0357660829594124e-18,0.15464379262442526,-0.0026832382371006647
,,,
0.1488532830190239,3.0357660829594124e-18,0.15464379262442526,-0.0026832382371006647
