Training error,Training violation,Test error,Test violation
0.141213676716467,-2.168404344971009e-19,0.15438628262949025,0.0029853360387849643
,,,
0.141213676716467,-2.168404344971009e-19,0.15438628262949025,0.0029853360387849643
