Training error,Training violation,Test error,Test violation
0.13912349129326498,-0.003152795513910429,0.15515017505067258,-0.002026745134822095
,,,
0.13912349129326498,-0.003152795513910429,0.15515017505067258,-0.002026745134822095
