Training error,Training violation,Test error,Test violation
0.15033320984103177,3.469446951953614e-18,0.1567827749758691,-0.00093999989756627
,,,
0.15033320984103177,3.469446951953614e-18,0.1567827749758691,-0.00093999989756627
