Training error,Training violation,Test error,Test violation
0.14435826097797355,-9.215718466126788e-19,0.1545025436342831,-0.0019376296950499416
,,,
0.14435826097797355,-9.215718466126788e-19,0.1545025436342831,-0.0019376296950499416
