Training error,Training violation,Test error,Test violation
0.14655729587348618,0.0020898065127053977,0.1582332826567654,0.0017694555927975047
,,,
0.14655729587348618,0.0020898065127053977,0.1582332826567654,0.0017694555927975047
