Training error,Training violation,Test error,Test violation
0.14025982003009735,-0.000515227186510675,0.15601007309133347,0.0053584782094699135
,,,
0.14025982003009735,-0.000515227186510675,0.15601007309133347,0.0053584782094699135
