Training error,Training violation,Test error,Test violation
0.13327606307909443,-0.0033244681214655044,0.15699281370923177,-0.002551447807183501
,,,
0.13327606307909443,-0.0033244681214655044,0.15699281370923177,-0.002551447807183501
