Training error,Training violation,Test error,Test violation
0.14360738306563067,-0.001695610382336843,0.15447454087586757,-0.0024451723224048483
,,,
0.14360738306563067,-0.001695610382336843,0.15447454087586757,-0.0024451723224048483
