Training error,Training violation,Test error,Test violation
0.1389699333558552,-0.0016151363856663496,0.1565628646889012,0.008133988593425347
,,,
0.1389699333558552,-0.0016151363856663496,0.1565628646889012,0.008133988593425347
