Training error,Training violation,Test error,Test violation
0.12103436626639232,0.07358757142571891,0.14495424113997912,0.0745760223050033
,,,
0.12103436626639232,0.07358757142571891,0.14495424113997912,0.0745760223050033
