Training error,Training violation,Test error,Test violation
0.13881637541844535,-0.007042393689698582,0.15711565628646887,-0.011497726841783849
,,,
0.13881637541844535,-0.007042393689698582,0.15711565628646887,-0.011497726841783849
