Training error,Training violation,Test error,Test violation
0.13912349129326496,-0.002432688481903811,0.1543516982986303,0.0017095028019478986
,,,
0.13912349129326496,-0.002432688481903811,0.1543516982986303,0.0017095028019478986
