Training error,Training violation,Test error,Test violation
0.12284634992782777,0.07888804470436957,0.14329586634727598,0.0748491311980819
,,,
0.12284634992782777,0.07888804470436957,0.14329586634727598,0.0748491311980819
