Training error,Training violation,Test error,Test violation
0.1434016460035085,9.75781955236954e-19,0.1552980641750777,-0.0032428250806678144
,,,
0.1434016460035085,9.75781955236954e-19,0.1552980641750777,-0.0032428250806678144
