Training error,Training violation,Test error,Test violation
0.14677067657627227,-0.004073616214094079,0.1552115963392912,-0.0032313648167233986
,,,
0.14677067657627227,-0.004073616214094079,0.1552115963392912,-0.0032313648167233986
