Training error,Training violation,Test error,Test violation
0.1387856638309634,-0.00016564202298366415,0.15508875376205392,0.011864735763924411
,,,
0.1387856638309634,-0.00016564202298366415,0.15508875376205392,0.011864735763924411
