Training error,Training violation,Test error,Test violation
0.1407819170172906,-0.01118134509231383,0.1584055033474602,-0.01001078079363779
,,,
0.1407819170172906,-0.01118134509231383,0.1584055033474602,-0.01001078079363779
