Training error,Training violation,Test error,Test violation
0.14121867207670635,-2.6020852139652106e-18,0.15334960225665173,0.01065364310359177
,,,
0.14121867207670635,-2.6020852139652106e-18,0.15334960225665173,0.01065364310359177
