Training error,Training violation,Test error,Test violation
0.14044408955498913,-0.006946501455338901,0.15766844788403664,-0.005137046791257039
,,,
0.14044408955498913,-0.006946501455338901,0.15766844788403664,-0.005137046791257039
