Training error,Training violation,Test error,Test violation
0.141211879242038,-0.00871920473691462,0.15883545236779067,-0.014759106768417435
,,,
0.141211879242038,-0.00871920473691462,0.15883545236779067,-0.014759106768417435
