Training error,Training violation,Test error,Test violation
0.12833864248958585,-0.0003060753464607379,0.1584055033474602,0.006259447064390964
,,,
0.12833864248958585,-0.0003060753464607379,0.1584055033474602,0.006259447064390964
