Training error,Training violation,Test error,Test violation
0.11952949847977642,0.07353538254164897,0.14427860696517414,0.07445542118812538
,,,
0.11952949847977642,0.07353538254164897,0.14427860696517414,0.07445542118812538
