Training error,Training violation,Test error,Test violation
0.13617668529568627,-2.168404344971009e-19,0.15751167397232074,0.016555589766618094
,,,
0.13617668529568627,-2.168404344971009e-19,0.15751167397232074,0.016555589766618094
