Training error,Training violation,Test error,Test violation
0.12241638770308037,0.06925467254164043,0.1444014495424114,0.06904443532812482
,,,
0.12241638770308037,0.06925467254164043,0.1444014495424114,0.06904443532812482
