Training error,Training violation,Test error,Test violation
0.14047682351863935,0.0,0.15514417355908444,0.013463024116225186
,,,
0.14047682351863935,0.0,0.15514417355908444,0.013463024116225186
