Training error,Training violation,Test error,Test violation
0.12158717484106754,0.07546093663281947,0.1452613475830723,0.07261135684725173
,,,
0.12158717484106754,0.07546093663281947,0.1452613475830723,0.07261135684725173
