Training error,Training violation,Test error,Test violation
0.1396738576808758,9.75781955236954e-19,0.15418453789813072,0.009947516550075466
,,,
0.1396738576808758,9.75781955236954e-19,0.15418453789813072,0.009947516550075466
