Training error,Training violation,Test error,Test violation
0.12955911498805633,6.505213034913027e-19,0.15784868971452434,0.01728054612656761
,,,
0.12955911498805633,6.505213034913027e-19,0.15784868971452434,0.01728054612656761
