Training error,Training violation,Test error,Test violation
0.12072725039157274,0.07309485502897514,0.1448928198513605,0.07019303721881959
,,,
0.12072725039157274,0.07309485502897514,0.1448928198513605,0.07019303721881959
