Training error,Training violation,Test error,Test violation
0.12115721261632013,0.06512354117428913,0.14434002825379277,0.06349052894353298
,,,
0.12115721261632013,0.06512354117428913,0.14434002825379277,0.06349052894353298
