Training error,Training violation,Test error,Test violation
0.14301104130305,8.131516293641283e-19,0.15647580098695485,-0.0021396954198768248
,,,
0.14301104130305,8.131516293641283e-19,0.15647580098695485,-0.0021396954198768248
