Training error,Training violation,Test error,Test violation
0.1398605693928319,-0.00466588537216897,0.15601007309133344,0.001027085135690081
,,,
0.1398605693928319,-0.00466588537216897,0.15601007309133344,0.001027085135690081
