Training error,Training violation,Test error,Test violation
0.14019070765471559,-3.224139839355626e-20,0.15200232948768744,0.010505007577892755
,,,
0.14019070765471559,-3.224139839355626e-20,0.15200232948768744,0.010505007577892755
