Training error,Training violation,Test error,Test violation
0.15134126060911443,-1.734723475976807e-18,0.1571820023900783,-0.001421100158119846
,,,
0.15134126060911443,-1.734723475976807e-18,0.1571820023900783,-0.001421100158119846
