Training error,Training violation,Test error,Test violation
0.14259595176190876,-3.049318610115481e-19,0.15425678740398907,-0.0020989819632773942
,,,
0.14259595176190876,-3.049318610115481e-19,0.15425678740398907,-0.0020989819632773942
