Training error,Training violation,Test error,Test violation
0.1391881811764558,-4.87890977618477e-19,0.1549294705408267,0.017369262976455788
,,,
0.1391881811764558,-4.87890977618477e-19,0.1549294705408267,0.017369262976455788
