Training error,Training violation,Test error,Test violation
0.12226282976567059,0.07635674439734008,0.14391007923346233,0.07276840091901478
,,,
0.12226282976567059,0.07635674439734008,0.14391007923346233,0.07276840091901478
