Training error,Training violation,Test error,Test violation
0.15460213138417125,-0.009464491221779475,0.16129230391253607,-0.010758147744677926
,,,
0.15460213138417125,-0.009464491221779475,0.16129230391253607,-0.010758147744677926
