Training error,Training violation,Test error,Test violation
0.14833696753785192,-0.004059917323471243,0.1549044898961979,-0.004583856833400481
,,,
0.14833696753785192,-0.004059917323471243,0.1549044898961979,-0.004583856833400481
