Training error,Training violation,Test error,Test violation
0.13615853658536584,-0.005564761278597312,0.15748418401818068,-0.0075683196267325985
,,,
0.13615853658536584,-0.005564761278597312,0.15748418401818068,-0.0075683196267325985
