Training error,Training violation,Test error,Test violation
0.13183497536945812,-0.007221728633469038,0.16159941035562927,-0.001391630910702213
,,,
0.13183497536945812,-0.007221728633469038,0.16159941035562927,-0.001391630910702213
