Training error,Training violation,Test error,Test violation
0.12392125548969626,0.07908587454564295,0.14452429211964868,0.07546849028410052
,,,
0.12392125548969626,0.07908587454564295,0.14452429211964868,0.07546849028410052
