Training error,Training violation,Test error,Test violation
0.14016768526765147,-0.007817074451357707,0.1566242859775198,-0.00040338952653315435
,,,
0.14016768526765147,-0.007817074451357707,0.1566242859775198,-0.00040338952653315435
