Training error,Training violation,Test error,Test violation
0.13551715690886385,-6.548890253442137e-19,0.16197201635406433,0.006053498529757489
,,,
0.13551715690886385,-6.548890253442137e-19,0.16197201635406433,0.006053498529757489
