Training error,Training violation,Test error,Test violation
0.13430460333006858,-0.004704733506028098,0.15803697561574845,-0.0019156359517334691
,,,
0.13430460333006858,-0.004704733506028098,0.15803697561574845,-0.0019156359517334691
