Training error,Training violation,Test error,Test violation
0.14010197010966882,-3.2526065174565133e-18,0.1551877383701096,0.012556115345766537
,,,
0.14010197010966882,-3.2526065174565133e-18,0.1551877383701096,0.012556115345766537
