Training error,Training violation,Test error,Test violation
0.1544912532231503,-8.673617379884035e-19,0.16021478726808405,-0.001634903108531502
,,,
0.1544912532231503,-8.673617379884035e-19,0.16021478726808405,-0.001634903108531502
