Training error,Training violation,Test error,Test violation
0.14220522205246647,6.938893903907228e-18,0.1561646457494414,-0.004181997358071593
,,,
0.14220522205246647,6.938893903907228e-18,0.1561646457494414,-0.004181997358071593
