Training error,Training violation,Test error,Test violation
0.14540284861610966,-4.336808689942018e-19,0.15742753532574832,-0.004886286954888481
,,,
0.14540284861610966,-4.336808689942018e-19,0.15742753532574832,-0.004886286954888481
