Training error,Training violation,Test error,Test violation
0.14802985166303248,-0.00437216329653592,0.15570296664824032,-0.0036398044892741463
,,,
0.14802985166303248,-0.00437216329653592,0.15570296664824032,-0.0036398044892741463
