Training error,Training violation,Test error,Test violation
0.1335147891531099,1.5178830414797062e-18,0.1591483757960428,-0.002325280696674811
,,,
0.1335147891531099,1.5178830414797062e-18,0.1591483757960428,-0.002325280696674811
