Training error,Training violation,Test error,Test violation
0.14117950681116126,8.673617379884035e-19,0.15596443712946934,0.014074432962659436
,,,
0.14117950681116126,8.673617379884035e-19,0.15596443712946934,0.014074432962659436
