Training error,Training violation,Test error,Test violation
0.14201038051656883,-0.0028364453481968797,0.1553344389165284,0.001618563095185959
,,,
0.14201038051656883,-0.0028364453481968797,0.1553344389165284,0.001618563095185959
