Training error,Training violation,Test error,Test violation
0.14753846626332115,-0.0007884885727760249,0.15379890670106258,-0.0007204815728145963
,,,
0.14753846626332115,-0.0007884885727760249,0.15379890670106258,-0.0007204815728145963
