Training error,Training violation,Test error,Test violation
0.14888977611252727,-0.0005247156411662679,0.154904489896198,-0.0007759884706088627
,,,
0.14888977611252727,-0.0005247156411662679,0.154904489896198,-0.0007759884706088627
