Training error,Training violation,Test error,Test violation
0.14116982727673144,0.0,0.15746432735205967,0.001454481041354136
,,,
0.14116982727673144,0.0,0.15746432735205967,0.001454481041354136
