Training error,Training violation,Test error,Test violation
0.13973824146770591,-2.710505431213761e-19,0.15712673929452192,0.006001581855968608
,,,
0.13973824146770591,-2.710505431213761e-19,0.15712673929452192,0.006001581855968608
