Training error,Training violation,Test error,Test violation
0.14129443708814343,1.6263032587282567e-19,0.1543956587626543,0.00932639081185556
,,,
0.14129443708814343,1.6263032587282567e-19,0.1543956587626543,0.00932639081185556
