Training error,Training violation,Test error,Test violation
0.13939989558060256,-0.003613732788277313,0.15717707757508753,0.00276521710458158
,,,
0.13939989558060256,-0.003613732788277313,0.15717707757508753,0.00276521710458158
