Training error,Training violation,Test error,Test violation
0.14120895811283768,-3.503332688410336e-19,0.15727539779839744,0.009531272518580007
,,,
0.14120895811283768,-3.503332688410336e-19,0.15727539779839744,0.009531272518580007
