Training error,Training violation,Test error,Test violation
0.1409378011430789,-2.168404344971009e-19,0.1542316616963558,0.00895973955363917
,,,
0.1409378011430789,-2.168404344971009e-19,0.1542316616963558,0.00895973955363917
