Training error,Training violation,Test error,Test violation
0.14022910844261544,-0.006157456304540733,0.15662428597751984,-0.0048403910171306306
,,,
0.14022910844261544,-0.006157456304540733,0.15662428597751984,-0.0048403910171306306
