Training error,Training violation,Test error,Test violation
0.14772354617366826,0.0,0.15506278951535662,-0.0018260980448007143
,,,
0.14772354617366826,0.0,0.15506278951535662,-0.0018260980448007143
