Training error,Training violation,Test error,Test violation
0.13771075826909493,-0.001110273928170924,0.15533443891652846,0.01098760356284395
,,,
0.13771075826909493,-0.001110273928170924,0.15533443891652846,0.01098760356284395
