Training error,Training violation,Test error,Test violation
0.1509896250173782,4.336808689942018e-19,0.1557427563558149,-0.0005562790255485453
,,,
0.1509896250173782,4.336808689942018e-19,0.1557427563558149,-0.0005562790255485453
