Training error,Training violation,Test error,Test violation
0.13814619483837484,4.0657581468206416e-19,0.154391276423889,0.008794270802475433
,,,
0.13814619483837484,4.0657581468206416e-19,0.154391276423889,0.008794270802475433
