Training error,Training violation,Test error,Test violation
0.15375238248080952,-2.6020852139652106e-18,0.15779108018968677,-0.0006036781887150643
,,,
0.15375238248080952,-2.6020852139652106e-18,0.15779108018968677,-0.0006036781887150643
