Training error,Training violation,Test error,Test violation
0.13986056939283192,-0.007297847604723295,0.1585283459246975,-0.013004895654000231
,,,
0.13986056939283192,-0.007297847604723295,0.1585283459246975,-0.013004895654000231
