Training error,Training violation,Test error,Test violation
0.14833812929725068,-5.421010862427522e-18,0.1564685731035035,-0.003780475950958779
,,,
0.14833812929725068,-5.421010862427522e-18,0.1564685731035035,-0.003780475950958779
