Training error,Training violation,Test error,Test violation
0.14935491083227584,-4.942803329364812e-20,0.15566350604600182,0.0004903061860149393
,,,
0.14935491083227584,-4.942803329364812e-20,0.15566350604600182,0.0004903061860149393
