Training error,Training violation,Test error,Test violation
0.13694312214532814,0.0017406487215096138,0.15505173859840526,0.012993349505277895
,,,
0.13694312214532814,0.0017406487215096138,0.15505173859840526,0.012993349505277895
