Training error,Training violation,Test error,Test violation
0.14038266638002517,-0.005920027305626517,0.15729992015232477,-0.009934239112090874
,,,
0.14038266638002517,-0.005920027305626517,0.15729992015232477,-0.009934239112090874
