Training error,Training violation,Test error,Test violation
0.1479253514341506,0.0,0.15716893106242916,-0.0017291289208062493
,,,
0.1479253514341506,0.0,0.15716893106242916,-0.0017291289208062493
