Training error,Training violation,Test error,Test violation
0.14184112274247482,0.0,0.15413282475485277,0.0067286809253388835
,,,
0.14184112274247482,0.0,0.15413282475485277,0.0067286809253388835
