Training error,Training violation,Test error,Test violation
0.1289460240536767,-1.6263032587282567e-18,0.15783476573185556,-0.002513537958523339
,,,
0.1289460240536767,-1.6263032587282567e-18,0.15783476573185556,-0.002513537958523339
