Training error,Training violation,Test error,Test violation
0.1392156260557108,-0.0012328984452600333,0.1557029666482403,2.5418419249134683e-06
,,,
0.1392156260557108,-0.0012328984452600333,0.1557029666482403,2.5418419249134683e-06
