Training error,Training violation,Test error,Test violation
0.12217069500322472,0.07048834939776134,0.14532276887169093,0.06743009895353695
,,,
0.12217069500322472,0.07048834939776134,0.14532276887169093,0.06743009895353695
