Training error,Training violation,Test error,Test violation
0.1411504560670741,-0.0014100966920016222,0.15386032798968122,-0.003004129842360731
,,,
0.1411504560670741,-0.0014100966920016222,0.15386032798968122,-0.003004129842360731
