Training error,Training violation,Test error,Test violation
0.1480471204502127,0.0,0.15566908698986465,-0.0006350044745637465
,,,
0.1480471204502127,0.0,0.15566908698986465,-0.0006350044745637465
