Training error,Training violation,Test error,Test violation
0.1284292947987144,-1.3485903553997025e-18,0.15796248879977712,0.011639494748014938
,,,
0.1284292947987144,-1.3485903553997025e-18,0.15796248879977712,0.011639494748014938
