Training error,Training violation,Test error,Test violation
0.14255459278840552,1.734723475976807e-18,0.15570319526651147,-0.0018995782693636111
,,,
0.14255459278840552,1.734723475976807e-18,0.15570319526651147,-0.0018995782693636111
