Training error,Training violation,Test error,Test violation
0.1394306071680845,-0.0031856284848374157,0.1554572814937657,0.005021853348233406
,,,
0.1394306071680845,-0.0031856284848374157,0.1554572814937657,0.005021853348233406
