Training error,Training violation,Test error,Test violation
0.13967629986794014,-0.00652250134454793,0.15920398009950246,-0.003992226370618412
,,,
0.13967629986794014,-0.00652250134454793,0.15920398009950246,-0.003992226370618412
