Training error,Training violation,Test error,Test violation
0.148220961000615,2.710505431213761e-19,0.1553481181217999,-0.0009407849057632845
,,,
0.148220961000615,2.710505431213761e-19,0.1553481181217999,-0.0009407849057632845
