Training error,Training violation,Test error,Test violation
0.14017476270481113,0.001385753246705368,0.15312115859515438,0.01105635913225237
,,,
0.14017476270481113,0.001385753246705368,0.15312115859515438,0.01105635913225237
