Training error,Training violation,Test error,Test violation
0.1221092718282608,0.07802418257942101,0.1454456114489282,0.07720362979081379
,,,
0.1221092718282608,0.07802418257942101,0.1454456114489282,0.07720362979081379
