Training error,Training violation,Test error,Test violation
0.13159345708509468,-0.0027651338859340517,0.15748418401818073,0.009056590647886777
,,,
0.13159345708509468,-0.0027651338859340517,0.15748418401818073,0.009056590647886777
