Training error,Training violation,Test error,Test violation
0.14459346007345114,0.0011933021389410325,0.1533219222431418,0.011511018039648092
,,,
0.14459346007345114,0.0011933021389410325,0.1533219222431418,0.011511018039648092
