Training error,Training violation,Test error,Test violation
0.1287068174870036,-0.0009941215627839466,0.15889687365640512,0.0040937505275009415
,,,
0.1287068174870036,-0.0009941215627839466,0.15889687365640512,0.0040937505275009415
