Training error,Training violation,Test error,Test violation
0.13973648141927494,-6.505213034913027e-19,0.15355650312256985,0.011075279769942839
,,,
0.13973648141927494,-6.505213034913027e-19,0.15355650312256985,0.011075279769942839
