Training error,Training violation,Test error,Test violation
0.12327631215257516,0.0721003818344784,0.1438486579448437,0.07117057447319441
,,,
0.12327631215257516,0.0721003818344784,0.1438486579448437,0.07117057447319441
