Training error,Training violation,Test error,Test violation
0.12128005896624797,0.08098663753398914,0.1440329218106996,0.07741307400565069
,,,
0.12128005896624797,0.08098663753398914,0.1440329218106996,0.07741307400565069
