Training error,Training violation,Test error,Test violation
0.14004483891772368,-0.008663743675907167,0.15785271174989254,-0.015467457645058861
,,,
0.14004483891772368,-0.008663743675907167,0.15785271174989254,-0.015467457645058861
