Training error,Training violation,Test error,Test violation
0.14873621817511748,-0.0021715222287154168,0.15521159633929119,-0.0011819808090254291
,,,
0.14873621817511748,-0.0021715222287154168,0.15521159633929119,-0.0011819808090254291
