Training error,Training violation,Test error,Test violation
0.1385092595436258,-0.004895716168657999,0.15865118850193477,0.0014656512362303253
,,,
0.1385092595436258,-0.004895716168657999,0.15865118850193477,0.0014656512362303253
