Training error,Training violation,Test error,Test violation
0.14864611797595526,4.336808689942018e-19,0.15507897614731164,0.0003011372064035639
,,,
0.14864611797595526,4.336808689942018e-19,0.15507897614731164,0.0003011372064035639
