Training error,Training violation,Test error,Test violation
0.13097336814146457,-2.0396457146283983e-18,0.15823644016956445,0.000247574164163168
,,,
0.13097336814146457,-2.0396457146283983e-18,0.15823644016956445,0.000247574164163168
