Training error,Training violation,Test error,Test violation
0.1500717103911533,4.336808689942018e-19,0.15717018013374576,-0.0008573442635338557
,,,
0.1500717103911533,4.336808689942018e-19,0.15717018013374576,-0.0008573442635338557
