Training error,Training violation,Test error,Test violation
0.14163167796049664,6.938893903907228e-18,0.15587632568217039,-0.004899049586037535
,,,
0.14163167796049664,6.938893903907228e-18,0.15587632568217039,-0.004899049586037535
