Training error,Training violation,Test error,Test violation
0.1372661276733238,1.0730119958286028e-19,0.15922378733366704,-0.0013204195919363987
,,,
0.1372661276733238,1.0730119958286028e-19,0.15922378733366704,-0.0013204195919363987
