Training error,Training violation,Test error,Test violation
0.13860139430607168,-0.0012057224968531344,0.15680854984337572,0.0003010312048082886
,,,
0.13860139430607168,-0.0012057224968531344,0.15680854984337572,0.0003010312048082886
