Training error,Training violation,Test error,Test violation
0.13198237742339286,-4.355769386896487e-19,0.1567191314053611,-0.0015295258623902192
,,,
0.13198237742339286,-4.355769386896487e-19,0.1567191314053611,-0.0015295258623902192
