Training error,Training violation,Test error,Test violation
0.13063505711829013,-0.0010172808393381916,0.15650144340028255,-0.00268433125252146
,,,
0.13063505711829013,-0.0010172808393381916,0.15650144340028255,-0.00268433125252146
