Training error,Training violation,Test error,Test violation
0.14142686035441168,-0.006203544500413076,0.15852834592469747,-0.012023786592191579
,,,
0.14142686035441168,-0.006203544500413076,0.15852834592469747,-0.012023786592191579
