Training error,Training violation,Test error,Test violation
0.14068978225484477,-0.005400578626153369,0.1558258092254776,0.0014729855912582195
,,,
0.14068978225484477,-0.005400578626153369,0.1558258092254776,0.0014729855912582195
