Training error,Training violation,Test error,Test violation
0.1480492389724399,-4.336808689942018e-19,0.15455245615492078,-0.0006988697495268696
,,,
0.1480492389724399,-4.336808689942018e-19,0.15455245615492078,-0.0006988697495268696
