Training error,Training violation,Test error,Test violation
0.13962983352682712,0.0,0.1556175909811319,0.002699390771820571
,,,
0.13962983352682712,0.0,0.1556175909811319,0.002699390771820571
