Training error,Training violation,Test error,Test violation
0.1323383014597255,-1.3010426069826053e-18,0.15736510791366343,-0.004599580906906787
,,,
0.1323383014597255,-1.3010426069826053e-18,0.15736510791366343,-0.004599580906906787
