Training error,Training violation,Test error,Test violation
0.13869352906851756,-0.0010015701345434114,0.15496591118481665,0.0002863624947525567
,,,
0.13869352906851756,-0.0010015701345434114,0.15496591118481665,0.0002863624947525567
