Training error,Training violation,Test error,Test violation
0.12441264088940758,0.07282464837477749,0.1444014495424114,0.0713732980958007
,,,
0.12441264088940758,0.07282464837477749,0.1444014495424114,0.0713732980958007
