Training error,Training violation,Test error,Test violation
0.14339240195325698,-0.003947275854389948,0.15601007309133347,-0.0047513496622866025
,,,
0.14339240195325698,-0.003947275854389948,0.15601007309133347,-0.0047513496622866025
