Training error,Training violation,Test error,Test violation
0.14873621817511745,-0.0039250914299869535,0.15742276272956204,-0.006388215107210076
,,,
0.14873621817511745,-0.0039250914299869535,0.15742276272956204,-0.006388215107210076
