Training error,Training violation,Test error,Test violation
0.14088958469086124,2.6020852139652106e-18,0.15752618034896118,-0.0019839711816078288
,,,
0.14088958469086124,2.6020852139652106e-18,0.15752618034896118,-0.0019839711816078288
