Training error,Training violation,Test error,Test violation
0.15010300055222095,8.673617379884035e-19,0.15666023387599196,-0.0003718412596815301
,,,
0.15010300055222095,8.673617379884035e-19,0.15666023387599196,-0.0003718412596815301
