Training error,Training violation,Test error,Test violation
0.14803191401200758,3.469446951953614e-18,0.15664026608464643,-0.0018093988111525794
,,,
0.14803191401200758,3.469446951953614e-18,0.15664026608464643,-0.0018093988111525794
