Training error,Training violation,Test error,Test violation
0.14283461159895733,1.3552527156068805e-20,0.15476737041058472,-0.0002701915627173394
,,,
0.14283461159895733,1.3552527156068805e-20,0.15476737041058472,-0.0002701915627173394
