Training error,Training violation,Test error,Test violation
0.14241057338318122,-1.6263032587282567e-19,0.1544777148703775,0.008800332577854422
,,,
0.14241057338318122,-1.6263032587282567e-19,0.1544777148703775,0.008800332577854422
