Training error,Training violation,Test error,Test violation
0.14124259082951995,-0.0007349686916736096,0.15637860082304525,-0.002401505494411676
,,,
0.14124259082951995,-0.0007349686916736096,0.15637860082304525,-0.002401505494411676
