Training error,Training violation,Test error,Test violation
0.12358342802739473,0.06736588909685069,0.1428659173269455,0.06693745546120443
,,,
0.12358342802739473,0.06736588909685069,0.1428659173269455,0.06693745546120443
