Training error,Training violation,Test error,Test violation
0.14892048770000932,-0.00044169028171803264,0.1557029666482404,-0.0017056695248469933
,,,
0.14892048770000932,-0.00044169028171803264,0.1557029666482404,-0.0017056695248469933
