Training error,Training violation,Test error,Test violation
0.13011692196251207,0.005426601412724469,0.15385567859876775,0.024605048808844204
,,,
0.13011692196251207,0.005426601412724469,0.15385567859876775,0.024605048808844204
