Training error,Training violation,Test error,Test violation
0.14007555050520565,-0.005279673456130619,0.1574227627295621,-0.00798332740564778
,,,
0.14007555050520565,-0.005279673456130619,0.1574227627295621,-0.00798332740564778
