Training error,Training violation,Test error,Test violation
0.1507938945364086,-0.0015129216302702808,0.15668570726613845,-0.001795785806189415
,,,
0.1507938945364086,-0.0015129216302702808,0.15668570726613845,-0.001795785806189415
