Training error,Training violation,Test error,Test violation
0.1466554541770207,1.7733481783716032e-17,0.15431060692078466,0.00032397016679141784
,,,
0.1466554541770207,1.7733481783716032e-17,0.15431060692078466,0.00032397016679141784
