Training error,Training violation,Test error,Test violation
0.11980590276711403,0.07898282777453554,0.14464713469688595,0.07345468779545401
,,,
0.11980590276711403,0.07898282777453554,0.14464713469688595,0.07345468779545401
