Training error,Training violation,Test error,Test violation
0.14118139658057965,8.673617379884035e-19,0.15533369622077203,-0.0009427140674058802
,,,
0.14118139658057965,8.673617379884035e-19,0.15533369622077203,-0.0009427140674058802
