Training error,Training violation,Test error,Test violation
0.11965234482970424,0.07731472409393841,0.14434002825379277,0.07287957107206185
,,,
0.11965234482970424,0.07731472409393841,0.14434002825379277,0.07287957107206185
