Training error,Training violation,Test error,Test violation
0.13895907664147775,-1.6263032587282567e-19,0.15914223415228315,0.009350732656536166
,,,
0.13895907664147775,-1.6263032587282567e-19,0.15914223415228315,0.009350732656536166
