Training error,Training violation,Test error,Test violation
0.14766131261324894,-0.001236614287875054,0.1544131195872489,-0.002580503101877046
,,,
0.14766131261324894,-0.001236614287875054,0.1544131195872489,-0.002580503101877046
