Training error,Training violation,Test error,Test violation
0.1482755443628881,-0.0003936055902970247,0.154228855721393,0.0011161951078674512
,,,
0.1482755443628881,-0.0003936055902970247,0.154228855721393,0.0011161951078674512
