Training error,Training violation,Test error,Test violation
0.13786431620650466,-0.004252563916181172,0.15711565628646884,0.0048634407230068715
,,,
0.13786431620650466,-0.004252563916181172,0.15711565628646884,0.0048634407230068715
