Training error,Training violation,Test error,Test violation
0.1401676852676515,-0.00450149868469521,0.1595725078312143,0.0008378713671383375
,,,
0.1401676852676515,-0.00450149868469521,0.1595725078312143,0.0008378713671383375
