Training error,Training violation,Test error,Test violation
0.12198642547833298,0.06707150152270139,0.1461212456237332,0.07009872773729127
,,,
0.12198642547833298,0.06707150152270139,0.1461212456237332,0.07009872773729127
