Training error,Training violation,Test error,Test violation
0.14827554436288815,-0.001010444018357454,0.15668570726613848,-0.003442284230191218
,,,
0.14827554436288815,-0.001010444018357454,0.15668570726613848,-0.003442284230191218
