Training error,Training violation,Test error,Test violation
0.1459584834549426,9.75781955236954e-19,0.15788118959879785,-0.0009662419894119513
,,,
0.1459584834549426,9.75781955236954e-19,0.15788118959879785,-0.0009662419894119513
