Training error,Training violation,Test error,Test violation
0.14620619625028158,4.336808689942018e-19,0.15721061668349617,-0.003910335055921809
,,,
0.14620619625028158,4.336808689942018e-19,0.15721061668349617,-0.003910335055921809
