Training error,Training violation,Test error,Test violation
0.12045084610423513,0.07245366916376786,0.14495424113997912,0.06971619455721727
,,,
0.12045084610423513,0.07245366916376786,0.14495424113997912,0.06971619455721727
