Training error,Training violation,Test error,Test violation
0.1515027317842081,0.0,0.15715351633882496,-0.0025889030861050138
,,,
0.1515027317842081,0.0,0.15715351633882496,-0.0025889030861050138
