Training error,Training violation,Test error,Test violation
0.1513467031110838,-0.0008191032153156141,0.15637860082304528,-0.0016105022177775874
,,,
0.1513467031110838,-0.0008191032153156141,0.15637860082304528,-0.0016105022177775874
