Training error,Training violation,Test error,Test violation
0.11943736371733055,0.07428205533918983,0.14532276887169093,0.07458091697327175
,,,
0.11943736371733055,0.07428205533918983,0.14532276887169093,0.07458091697327175
