Training error,Training violation,Test error,Test violation
0.14053622431743493,-0.0023439507842918646,0.15465880474172344,-0.004774751687423
,,,
0.14053622431743493,-0.0023439507842918646,0.15465880474172344,-0.004774751687423
