Training error,Training violation,Test error,Test violation
0.1400755505052056,-0.003991866536034671,0.15656286468890115,0.002452059031642417
,,,
0.1400755505052056,-0.003991866536034671,0.15656286468890115,0.002452059031642417
