Training error,Training violation,Test error,Test violation
0.13918491446822887,-0.004174056306780166,0.1558872305140962,0.000979781693552173
,,,
0.13918491446822887,-0.004174056306780166,0.1558872305140962,0.000979781693552173
