Training error,Training violation,Test error,Test violation
0.1397070114554222,-0.003210641420500483,0.15558012407100308,-0.006811373019197878
,,,
0.1397070114554222,-0.003210641420500483,0.15558012407100308,-0.006811373019197878
