Training error,Training violation,Test error,Test violation
0.12321488897761125,0.07057575609834087,0.14274307474970824,0.06734553676104912
,,,
0.12321488897761125,0.07057575609834087,0.14274307474970824,0.06734553676104912
