Training error,Training violation,Test error,Test violation
0.14059764749239886,-0.005316222269672654,0.15711565628646887,-0.006765903165816904
,,,
0.14059764749239886,-0.005316222269672654,0.15711565628646887,-0.006765903165816904
