Training error,Training violation,Test error,Test violation
0.1415487945012164,2.6020852139652106e-18,0.15623825866318639,0.007007257670806403
,,,
0.1415487945012164,2.6020852139652106e-18,0.15623825866318639,0.007007257670806403
