Training error,Training violation,Test error,Test violation
0.14035195479254323,-0.0033117470117027814,0.15637860082304528,0.005853515695932898
,,,
0.14035195479254323,-0.0033117470117027814,0.15637860082304528,0.005853515695932898
