Training error,Training violation,Test error,Test violation
0.13764644398511575,-3.2526065174565133e-19,0.15456261376343616,0.017498581927842004
,,,
0.13764644398511575,-3.2526065174565133e-19,0.15456261376343616,0.017498581927842004
