Training error,Training violation,Test error,Test violation
0.15131599152360192,-0.004388635382775176,0.15797555432712987,-0.00707368620560456
,,,
0.15131599152360192,-0.004388635382775176,0.15797555432712987,-0.00707368620560456
