Training error,Training violation,Test error,Test violation
0.14626156100271576,0.0,0.15425655964444523,-0.00032747018144434756
,,,
0.14626156100271576,0.0,0.15425655964444523,-0.00032747018144434756
