Training error,Training violation,Test error,Test violation
0.12459691041429931,0.07482867996706985,0.14237454701799643,0.07316720761248721
,,,
0.12459691041429931,0.07482867996706985,0.14237454701799643,0.07316720761248721
