Training error,Training violation,Test error,Test violation
0.14962685421209626,-0.002732733078573283,0.15644002211166602,-0.0025297345148926963
,,,
0.14962685421209626,-0.002732733078573283,0.15644002211166602,-0.0025297345148926963
