Training error,Training violation,Test error,Test violation
0.14747704308835724,-0.0015033822479399994,0.154904489896198,-0.002465254058606259
,,,
0.14747704308835724,-0.0015033822479399994,0.154904489896198,-0.002465254058606259
