Training error,Training violation,Test error,Test violation
0.13004420684707801,0.0012945774303859403,0.15650101004758818,0.010665610387199648
,,,
0.13004420684707801,0.0012945774303859403,0.15650101004758818,0.010665610387199648
