Training error,Training violation,Test error,Test violation
0.14419090322778785,0.0008363554232088677,0.15508875376205392,-0.00011957266690793
,,,
0.14419090322778785,0.0008363554232088677,0.15508875376205392,-0.00011957266690793
