Training error,Training violation,Test error,Test violation
0.12707661790230598,-0.00013127294225559472,0.15809839690436706,-0.0044069558173180645
,,,
0.12707661790230598,-0.00013127294225559472,0.15809839690436706,-0.0044069558173180645
