Training error,Training violation,Test error,Test violation
0.13958416510549426,-0.006498819405917316,0.15705423499785023,0.0013090721997607855
,,,
0.13958416510549426,-0.006498819405917316,0.15705423499785023,0.0013090721997607855
