Training error,Training violation,Test error,Test violation
0.12478117993919105,0.07700342076787232,0.14329586634727598,0.0761968849039491
,,,
0.12478117993919105,0.07700342076787232,0.14329586634727598,0.0761968849039491
