Training error,Training violation,Test error,Test violation
0.1479935805801403,-3.458604930228759e-17,0.15440491495883654,0.00038020154420325173
,,,
0.1479935805801403,-3.458604930228759e-17,0.15440491495883654,0.00038020154420325173
