Training error,Training violation,Test error,Test violation
0.1425552964412201,0.0012895602898937988,0.15286921605113624,0.012604598498571176
,,,
0.1425552964412201,0.0012895602898937988,0.15286921605113624,0.012604598498571176
