Training error,Training violation,Test error,Test violation
0.14057602280350606,4.336808689942018e-19,0.15347292322349676,0.008890328264786706
,,,
0.14057602280350606,4.336808689942018e-19,0.15347292322349676,0.008890328264786706
