Training error,Training violation,Test error,Test violation
0.13975903614457832,-0.007334379450352757,0.1583440820588416,0.01335534898958439
,,,
0.13975903614457832,-0.007334379450352757,0.1583440820588416,0.01335534898958439
