Training error,Training violation,Test error,Test violation
0.15027179754921532,-0.0036128454569223645,0.15803697561574842,-0.0026560917358726677
,,,
0.15027179754921532,-0.0036128454569223645,0.15803697561574842,-0.0026560917358726677
