Training error,Training violation,Test error,Test violation
0.1385999454559025,-7.589415207398531e-19,0.15297008150612953,0.00898987695629715
,,,
0.1385999454559025,-7.589415207398531e-19,0.15297008150612953,0.00898987695629715
