Training error,Training violation,Test error,Test violation
0.1287746780938268,5.421010862427522e-19,0.15485542587203688,0.004343191381099593
,,,
0.1287746780938268,5.421010862427522e-19,0.15485542587203688,0.004343191381099593
