Training error,Training violation,Test error,Test violation
0.1386513824203683,-6.505213034913027e-19,0.15668853909358696,0.013381361206674207
,,,
0.1386513824203683,-6.505213034913027e-19,0.15668853909358696,0.013381361206674207
