Training error,Training violation,Test error,Test violation
0.15011823961180554,-0.004282094601891467,0.15736134144094344,-0.006459881208440571
,,,
0.15011823961180554,-0.004282094601891467,0.15736134144094344,-0.006459881208440571
