Training error,Training violation,Test error,Test violation
0.14041337796750716,-0.0055992957987817124,0.15594865180271486,-0.009338068516994038
,,,
0.14041337796750716,-0.0055992957987817124,0.15594865180271486,-0.009338068516994038
