Training error,Training violation,Test error,Test violation
0.14395102006019808,4.336808689942018e-19,0.15349403500419115,0.008816722471162008
,,,
0.14395102006019808,4.336808689942018e-19,0.15349403500419115,0.008816722471162008
