Training error,Training violation,Test error,Test violation
0.1430333048507007,-3.3881317890172014e-20,0.15250458749821294,0.01363257734814221
,,,
0.1430333048507007,-3.3881317890172014e-20,0.15250458749821294,0.01363257734814221
