Training error,Training violation,Test error,Test violation
0.13401120311738918,-0.007103828639686477,0.15920398009950248,0.008947315053555144
,,,
0.13401120311738918,-0.007103828639686477,0.15920398009950248,0.008947315053555144
