Training error,Training violation,Test error,Test violation
0.13869955993529554,2.168404344971009e-19,0.1554125591586497,-0.0006937860367804159
,,,
0.13869955993529554,2.168404344971009e-19,0.1554125591586497,-0.0006937860367804159
