Training error,Training violation,Test error,Test violation
0.14546792747476864,4.336808689942018e-19,0.1547870220531327,0.007802421085955747
,,,
0.14546792747476864,4.336808689942018e-19,0.1547870220531327,0.007802421085955747
