Training error,Training violation,Test error,Test violation
0.14266468138716878,-3.333921680392926e-18,0.15392415096645498,0.0009652510052870636
,,,
0.14266468138716878,-3.333921680392926e-18,0.15392415096645498,0.0009652510052870636
