Training error,Training violation,Test error,Test violation
0.1401369736801695,-0.004865489876152317,0.1559486518027148,-0.0041506389958449455
,,,
0.1401369736801695,-0.004865489876152317,0.1559486518027148,-0.0041506389958449455
