Training error,Training violation,Test error,Test violation
0.14182843401591516,0.0,0.1552928997026289,0.010834247763026486
,,,
0.14182843401591516,0.0,0.1552928997026289,0.010834247763026486
