Training error,Training violation,Test error,Test violation
0.1486440834126716,-0.002185664785015695,0.156255758245808,-0.002770525001098756
,,,
0.1486440834126716,-0.002185664785015695,0.156255758245808,-0.002770525001098756
