Training error,Training violation,Test error,Test violation
0.14511225085224658,-0.008606341434994615,0.15558012407100305,-0.005773994604133887
,,,
0.14511225085224658,-0.008606341434994615,0.15558012407100305,-0.005773994604133887
