Training error,Training violation,Test error,Test violation
0.12263136881545407,0.06917120351651468,0.14655119464406363,0.07202607347473451
,,,
0.12263136881545407,0.06917120351651468,0.14655119464406363,0.07202607347473451
