Training error,Training violation,Test error,Test violation
0.13049357674104126,-1.3028847167334545e-05,0.1581598181929857,0.00781716334297225
,,,
0.13049357674104126,-1.3028847167334545e-05,0.1581598181929857,0.00781716334297225
