Training error,Training violation,Test error,Test violation
0.13998341574275977,-0.004174721805296406,0.1563786008230453,0.007677086605315438
,,,
0.13998341574275977,-0.004174721805296406,0.1563786008230453,0.007677086605315438
