Training error,Training violation,Test error,Test violation
0.1520523970746316,0.0,0.15697249721151244,-0.002001263426598566
,,,
0.1520523970746316,0.0,0.15697249721151244,-0.002001263426598566
