Training error,Training violation,Test error,Test violation
0.11937594054236664,0.07572404406591299,0.14360297279036915,0.07429980665720431
,,,
0.11937594054236664,0.07572404406591299,0.14360297279036915,0.07429980665720431
