Training error,Training violation,Test error,Test violation
0.13835570160621605,-5.878684279550518e-05,0.15533443891652848,0.013455456640131178
,,,
0.13835570160621605,-5.878684279550518e-05,0.15533443891652848,0.013455456640131178
