Training error,Training violation,Test error,Test violation
0.14165672709329952,-2.6020852139652106e-18,0.155058435949659,-0.0035954621264666373
,,,
0.14165672709329952,-2.6020852139652106e-18,0.155058435949659,-0.0035954621264666373
