Training error,Training violation,Test error,Test violation
0.1386613899551214,0.0018847921644854775,0.1529966989129535,0.007797953445885775
,,,
0.1386613899551214,0.0018847921644854775,0.1529966989129535,0.007797953445885775
