Training error,Training violation,Test error,Test violation
0.1428359403872435,-6.505213034913027e-19,0.1549028133170629,-0.004634139442394449
,,,
0.1428359403872435,-6.505213034913027e-19,0.1549028133170629,-0.004634139442394449
