Training error,Training violation,Test error,Test violation
0.1401369736801695,-0.005422984883395098,0.15729992015232477,0.0017568062440858343
,,,
0.1401369736801695,-0.005422984883395098,0.15729992015232477,0.0017568062440858343
