Training error,Training violation,Test error,Test violation
0.1386321058935536,-0.003540468643998095,0.15551870278238436,0.006253946298120037
,,,
0.1386321058935536,-0.003540468643998095,0.15551870278238436,0.006253946298120037
