Training error,Training violation,Test error,Test violation
0.12303061945271951,0.066121341861367,0.14587556046925865,0.07055012895913028
,,,
0.12303061945271951,0.066121341861367,0.14587556046925865,0.07055012895913028
