Training error,Training violation,Test error,Test violation
0.14971898897454008,-0.0028272943159004804,0.15631717953442664,-0.0027350998395058446
,,,
0.14971898897454008,-0.0028272943159004804,0.15631717953442664,-0.0027350998395058446
