Training error,Training violation,Test error,Test violation
0.13829427843125205,-0.0008760450836666486,0.15607149437995205,0.00403177837530738
,,,
0.13829427843125205,-0.0008760450836666486,0.15607149437995205,0.00403177837530738
