Training error,Training violation,Test error,Test violation
0.14308528607843743,-0.0017638830026121548,0.15515017505067258,-0.003268421534405764
,,,
0.14308528607843743,-0.0017638830026121548,0.15515017505067258,-0.003268421534405764
