Training error,Training violation,Test error,Test violation
0.1379257393814686,-0.0005345321719789075,0.15631717953442661,0.015318996636623767
,,,
0.1379257393814686,-0.0005345321719789075,0.15631717953442661,0.015318996636623767
