Training error,Training violation,Test error,Test violation
0.14677067657627224,-0.006529212215618169,0.1581598181929857,-0.009395206970877784
,,,
0.14677067657627224,-0.006529212215618169,0.1581598181929857,-0.009395206970877784
