Training error,Training violation,Test error,Test violation
0.12134148214121188,0.07060664788936276,0.14378723665622506,0.06967358375068029
,,,
0.12134148214121188,0.07060664788936276,0.14378723665622506,0.06967358375068029
