Training error,Training violation,Test error,Test violation
0.1410237395007802,3.686287386450715e-18,0.1539525818004175,0.010686902477925028
,,,
0.1410237395007802,3.686287386450715e-18,0.1539525818004175,0.010686902477925028
