Training error,Training violation,Test error,Test violation
0.1460130958937641,0.002581625931118353,0.15631717953442664,0.011562949089070376
,,,
0.1460130958937641,0.002581625931118353,0.15631717953442664,0.011562949089070376
