Training error,Training violation,Test error,Test violation
0.14601299253580222,7.860465750519907e-19,0.15185775459989273,0.008195556343877078
,,,
0.14601299253580222,7.860465750519907e-19,0.15185775459989273,0.008195556343877078
