Training error,Training violation,Test error,Test violation
0.1419624122989764,1.734723475976807e-18,0.15729743704351312,-0.004797313586179795
,,,
0.1419624122989764,1.734723475976807e-18,0.15729743704351312,-0.004797313586179795
