Training error,Training violation,Test error,Test violation
0.13924633764319275,-0.00430084033216177,0.15355322154658801,0.002002491398560374
,,,
0.13924633764319275,-0.00430084033216177,0.15355322154658801,0.002002491398560374
