Training error,Training violation,Test error,Test violation
0.12238567611559842,0.06993390473461737,0.14556845402616547,0.06923772796948029
,,,
0.12238567611559842,0.06993390473461737,0.14556845402616547,0.06923772796948029
