Training error,Training violation,Test error,Test violation
0.12609628948175405,-0.0016358574724204544,0.15828266077022296,-0.004343066347194391
,,,
0.12609628948175405,-0.0016358574724204544,0.15828266077022296,-0.004343066347194391
