Training error,Training violation,Test error,Test violation
0.13949203034304847,-0.004955281422314385,0.15564154535962169,-0.0017792263915905608
,,,
0.13949203034304847,-0.004955281422314385,0.15564154535962169,-0.0017792263915905608
