Training error,Training violation,Test error,Test violation
0.12238567611559842,0.07367908231894732,0.14636693077820773,0.07316318967480205
,,,
0.12238567611559842,0.07367908231894732,0.14636693077820773,0.07316318967480205
