Training error,Training violation,Test error,Test violation
0.13986056939283192,-0.005495805361996814,0.15650144340028255,0.004186523823019983
,,,
0.13986056939283192,-0.005495805361996814,0.15650144340028255,0.004186523823019983
