Training error,Training violation,Test error,Test violation
0.1390313565308191,-0.002649244060424189,0.15545728149376575,0.01127875857069949
,,,
0.1390313565308191,-0.002649244060424189,0.15545728149376575,0.01127875857069949
