Training error,Training violation,Test error,Test violation
0.14091151477877523,-3.469446951953614e-18,0.1564151453443291,0.002425618137374321
,,,
0.14091151477877523,-3.469446951953614e-18,0.1564151453443291,0.002425618137374321
