Training error,Training violation,Test error,Test violation
0.14234549007754216,2.168404344971009e-19,0.15415204857198234,0.004334478642044025
,,,
0.14234549007754216,2.168404344971009e-19,0.15415204857198234,0.004334478642044025
