Training error,Training violation,Test error,Test violation
0.13731150763182948,0.000168825625306096,0.15232479577421534,0.012696398111623939
,,,
0.13731150763182948,0.000168825625306096,0.15232479577421534,0.012696398111623939
