Training error,Training violation,Test error,Test violation
0.14087302954023354,8.673617379884035e-19,0.15692901016279573,0.012230850332787882
,,,
0.14087302954023354,8.673617379884035e-19,0.15692901016279573,0.012230850332787882
