Training error,Training violation,Test error,Test violation
0.12174073277847731,0.06919011576398013,0.14262023217247097,0.06893979139943562
,,,
0.12174073277847731,0.06919011576398013,0.14262023217247097,0.06893979139943562
