Training error,Training violation,Test error,Test violation
0.13047456386482859,-0.0017430568441887673,0.1564400221116639,0.017339115669585903
,,,
0.13047456386482859,-0.0017430568441887673,0.1564400221116639,0.017339115669585903
