Training error,Training violation,Test error,Test violation
0.13841563946294072,8.131516293641283e-19,0.1541769816423878,-0.003892014085038302
,,,
0.13841563946294072,8.131516293641283e-19,0.1541769816423878,-0.003892014085038302
