Training error,Training violation,Test error,Test violation
0.1333415795658359,-0.008375160017276397,0.15748418401818073,-0.0060380156461781204
,,,
0.1333415795658359,-0.008375160017276397,0.15748418401818073,-0.0060380156461781204
