Training error,Training violation,Test error,Test violation
0.1476420873659819,1.5178830414797062e-18,0.15692741322830026,-0.0012802520386711136
,,,
0.1476420873659819,1.5178830414797062e-18,0.15692741322830026,-0.0012802520386711136
