Training error,Training violation,Test error,Test violation
0.14105277918185188,1.734723475976807e-18,0.15596916704952618,0.008996272206074334
,,,
0.14105277918185188,1.734723475976807e-18,0.15596916704952618,0.008996272206074334
