Training error,Training violation,Test error,Test violation
0.14240716418025573,6.352747104407253e-20,0.15674663517519383,-0.005430489500662298
,,,
0.14240716418025573,6.352747104407253e-20,0.15674663517519383,-0.005430489500662298
