Training error,Training violation,Test error,Test violation
0.14796500480712374,2.710505431213761e-20,0.15488524876235557,-0.0014152504222697947
,,,
0.14796500480712374,2.710505431213761e-20,0.15488524876235557,-0.0014152504222697947
