Training error,Training violation,Test error,Test violation
0.12220140659070668,0.07940289020987272,0.14262023217247097,0.07698292104080906
,,,
0.12220140659070668,0.07940289020987272,0.14262023217247097,0.07698292104080906
