Training error,Training violation,Test error,Test violation
0.14373750875107238,0.0013380278218355361,0.1532996865460479,0.014469088270714048
,,,
0.14373750875107238,0.0013380278218355361,0.1532996865460479,0.014469088270714048
