Training error,Training violation,Test error,Test violation
0.14293172814102761,-0.0034741372036278806,0.1571156562864689,0.004736199106648825
,,,
0.14293172814102761,-0.0034741372036278806,0.1571156562864689,0.004736199106648825
