Training error,Training violation,Test error,Test violation
0.14920368162236602,0.0,0.15467457493119544,-0.000602942202202771
,,,
0.14920368162236602,0.0,0.15467457493119544,-0.000602942202202771
