Training error,Training violation,Test error,Test violation
0.14186716511639505,2.6020852139652106e-18,0.15568986655751357,0.004970515656086281
,,,
0.14186716511639505,2.6020852139652106e-18,0.15568986655751357,0.004970515656086281
