Training error,Training violation,Test error,Test violation
0.1400755505052056,-0.004160579248996098,0.15453596216448617,0.003589545097253204
,,,
0.1400755505052056,-0.004160579248996098,0.15453596216448617,0.003589545097253204
