Training error,Training violation,Test error,Test violation
0.146954946101164,-0.003253235606596517,0.1561943369571894,-0.004048903582411085
,,,
0.146954946101164,-0.003253235606596517,0.1561943369571894,-0.004048903582411085
