Training error,Training violation,Test error,Test violation
0.13961487669297623,-0.0062552897188055115,0.15637860082304525,0.0032437522922318936
,,,
0.13961487669297623,-0.0062552897188055115,0.15637860082304525,0.0032437522922318936
