Training error,Training violation,Test error,Test violation
0.13989128098031386,-0.0064155168979867505,0.15914255881088385,-0.0034953552953984057
,,,
0.13989128098031386,-0.0064155168979867505,0.15914255881088385,-0.0034953552953984057
