Training error,Training violation,Test error,Test violation
0.12771439087228562,0.0015503606845532758,0.15601007309133347,0.009256805948980373
,,,
0.12771439087228562,0.0015503606845532758,0.15601007309133347,0.009256805948980373
