Training error,Training violation,Test error,Test violation
0.1418568225791591,0.006870996114413996,0.1504821571156563,0.013926657472753623
,,,
0.1418568225791591,0.006870996114413996,0.1504821571156563,0.013926657472753623
