Training error,Training violation,Test error,Test violation
0.12957589974689795,-0.00515193903496311,0.1557029666482403,-0.002672407296767515
,,,
0.12957589974689795,-0.00515193903496311,0.1557029666482403,-0.002672407296767515
