Training error,Training violation,Test error,Test violation
0.13964558828045823,-0.0005075780564107735,0.154904489896198,-0.0050615152730475454
,,,
0.13964558828045823,-0.0005075780564107735,0.154904489896198,-0.0050615152730475454
