Training error,Training violation,Test error,Test violation
0.1483983907128159,-0.002022387261735647,0.15472022603034208,-0.00024037579903332657
,,,
0.1483983907128159,-0.002022387261735647,0.15472022603034208,-0.00024037579903332657
