Training error,Training violation,Test error,Test violation
0.1398912809803139,-0.0023413441058705024,0.1550273324734353,0.006454161599213611
,,,
0.1398912809803139,-0.0023413441058705024,0.1550273324734353,0.006454161599213611
