Training error,Training violation,Test error,Test violation
0.13924633764319275,-0.003333265937589563,0.15601007309133344,0.006497797863837639
,,,
0.13924633764319275,-0.003333265937589563,0.15601007309133344,0.006497797863837639
