Training error,Training violation,Test error,Test violation
0.14004483891772365,-0.006370094200630644,0.15650144340028255,-0.012710889246675516
,,,
0.14004483891772365,-0.006370094200630644,0.15650144340028255,-0.012710889246675516
