Training error,Training violation,Test error,Test violation
0.1506468039401846,8.673617379884035e-19,0.157480188505686,-0.0009078250294146531
,,,
0.1506468039401846,8.673617379884035e-19,0.157480188505686,-0.0009078250294146531
