Training error,Training violation,Test error,Test violation
0.12462762200178128,0.07714756421084817,0.14434002825379277,0.07358935915434002
,,,
0.12462762200178128,0.07714756421084817,0.14434002825379277,0.07358935915434002
