Training error,Training violation,Test error,Test violation
0.14154592161253432,-3.469446951953614e-18,0.1557156329308522,-0.004166652854179692
,,,
0.14154592161253432,-3.469446951953614e-18,0.1557156329308522,-0.004166652854179692
