Training error,Training violation,Test error,Test violation
0.12370627437732257,0.0704412073533389,0.14391007923346233,0.07132898709842096
,,,
0.12370627437732257,0.0704412073533389,0.14391007923346233,0.07132898709842096
