Training error,Training violation,Test error,Test violation
0.12430874534795786,2.439454888092385e-19,0.1593326780282434,0.011883432567257393
,,,
0.12430874534795786,2.439454888092385e-19,0.1593326780282434,0.011883432567257393
