Training error,Training violation,Test error,Test violation
0.13946131875556647,-0.009540417360123593,0.1585283459246975,-0.010804307642984207
,,,
0.13946131875556647,-0.009540417360123593,0.1585283459246975,-0.010804307642984207
