Training error,Training violation,Test error,Test violation
0.14667854181382636,-0.002535069754494995,0.15533443891652846,-0.0030282904687858325
,,,
0.14667854181382636,-0.002535069754494995,0.15533443891652846,-0.0030282904687858325
