Training error,Training violation,Test error,Test violation
0.1460077279888447,0.0020113811594535966,0.15524567664816363,0.008131608035576695
,,,
0.1460077279888447,0.0020113811594535966,0.15524567664816363,0.008131608035576695
