Training error,Training violation,Test error,Test violation
0.13955540733141178,6.505213034913027e-19,0.15534815673075167,0.006412702967681486
,,,
0.13955540733141178,6.505213034913027e-19,0.15534815673075167,0.006412702967681486
