Training error,Training violation,Test error,Test violation
0.13857068271858972,-0.0022198287529751615,0.1553958602051471,0.0018605810721465665
,,,
0.13857068271858972,-0.0022198287529751615,0.1553958602051471,0.0018605810721465665
