Training error,Training violation,Test error,Test violation
0.14047480114247107,-0.008696798479672892,0.15699281370923165,-0.006471080980447437
,,,
0.14047480114247107,-0.008696798479672892,0.15699281370923165,-0.006471080980447437
