Training error,Training violation,Test error,Test violation
0.1523988467878688,-5.204170427930421e-18,0.15719108382848093,-0.0022438720040483307
,,,
0.1523988467878688,-5.204170427930421e-18,0.15719108382848093,-0.0022438720040483307
