Training error,Training violation,Test error,Test violation
0.1394613187555664,-0.003591770196713054,0.15551870278238428,0.009271474659036098
,,,
0.1394613187555664,-0.003591770196713054,0.15551870278238428,0.009271474659036098
