Training error,Training violation,Test error,Test violation
0.13976843463038607,-0.0025487686451178275,0.15496591118481667,0.0005958533901777309
,,,
0.13976843463038607,-0.0025487686451178275,0.15496591118481667,0.0005958533901777309
