Training error,Training violation,Test error,Test violation
0.14157267627142406,1.734723475976807e-18,0.1552590060070581,0.0030159950846466136
,,,
0.14157267627142406,1.734723475976807e-18,0.1552590060070581,0.0030159950846466136
