Training error,Training violation,Test error,Test violation
0.1415364128964483,-1.3010426069826053e-18,0.15695920019080906,0.011529702629007973
,,,
0.1415364128964483,-1.3010426069826053e-18,0.15695920019080906,0.011529702629007973
