Training error,Training violation,Test error,Test violation
0.14197966892908692,-0.0004745232526450482,0.15502733247343525,-0.0029621823105822893
,,,
0.14197966892908692,-0.0004745232526450482,0.15502733247343525,-0.0029621823105822893
