Training error,Training violation,Test error,Test violation
0.1399219925677958,-0.006812681455442947,0.15846692463607884,0.0041318860258541526
,,,
0.1399219925677958,-0.006812681455442947,0.15846692463607884,0.0041318860258541526
