Training error,Training violation,Test error,Test violation
0.12281563834034581,0.07744888448890647,0.14354155150175052,0.07174941936147898
,,,
0.12281563834034581,0.07744888448890647,0.14354155150175052,0.07174941936147898
