Training error,Training violation,Test error,Test violation
0.14019839685513347,-0.0032043188994641267,0.15570296664824032,0.0002463934076424868
,,,
0.14019839685513347,-0.0032043188994641267,0.15570296664824032,0.0002463934076424868
