Training error,Training violation,Test error,Test violation
0.13049329695070244,-1.0842021724855044e-18,0.15933987398251176,-9.512523244817577e-05
,,,
0.13049329695070244,-1.0842021724855044e-18,0.15933987398251176,-9.512523244817577e-05
