Training error,Training violation,Test error,Test violation
0.13774735584503583,0.0012859786525354915,0.15380090078960784,0.00979995496391064
,,,
0.13774735584503583,0.0012859786525354915,0.15380090078960784,0.00979995496391064
