Training error,Training violation,Test error,Test violation
0.14351524830318477,-0.0013383853775935926,0.15533443891652843,-0.0054345297840054365
,,,
0.14351524830318477,-0.0013383853775935926,0.15533443891652843,-0.0054345297840054365
