Training error,Training violation,Test error,Test violation
0.14185682257915908,-0.0014516370295475365,0.1550887537620539,-0.00324018201775697
,,,
0.14185682257915908,-0.0014516370295475365,0.1550887537620539,-0.00324018201775697
