Training error,Training violation,Test error,Test violation
0.15879728514962324,-3.083199928005653e-19,0.1625506656275934,-0.0001319661710993663
,,,
0.15879728514962324,-3.083199928005653e-19,0.1625506656275934,-0.0001319661710993663
