Training error,Training violation,Test error,Test violation
0.14086777960642374,2.6020852139652106e-18,0.15710086528319886,0.0067335172716442935
,,,
0.14086777960642374,2.6020852139652106e-18,0.15710086528319886,0.0067335172716442935
