Training error,Training violation,Test error,Test violation
0.1377249752604033,6.060121736786106e-19,0.15767957179692943,0.007401627849179644
,,,
0.1377249752604033,6.060121736786106e-19,0.15767957179692943,0.007401627849179644
