Training error,Training violation,Test error,Test violation
0.14461271102284012,0.0006712254912839832,0.15287758737178306,0.021921694664111133
,,,
0.14461271102284012,0.0006712254912839832,0.15287758737178306,0.021921694664111133
