Training error,Training violation,Test error,Test violation
0.14354222278290843,2.168404344971009e-19,0.15744327943389408,0.007399935202481809
,,,
0.14354222278290843,2.168404344971009e-19,0.15744327943389408,0.007399935202481809
