Training error,Training violation,Test error,Test violation
0.141082948312004,4.336808689942018e-19,0.15322014791786445,0.0070507832348850165
,,,
0.141082948312004,4.336808689942018e-19,0.15322014791786445,0.0070507832348850165
