Training error,Training violation,Test error,Test violation
0.1421212628885051,-1.734723475976807e-18,0.15719760583670303,-0.0050783746974225955
,,,
0.1421212628885051,-1.734723475976807e-18,0.15719760583670303,-0.0050783746974225955
