Training error,Training violation,Test error,Test violation
0.14971898897454008,-0.003013421762099705,0.1557029666482403,-0.0028833267102353344
,,,
0.14971898897454008,-0.003013421762099705,0.1557029666482403,-0.0028833267102353344
