Training error,Training violation,Test error,Test violation
0.13650207742743073,-2.168404344971009e-19,0.1588204749077632,0.004911806659928069
,,,
0.13650207742743073,-2.168404344971009e-19,0.1588204749077632,0.004911806659928069
