Training error,Training violation,Test error,Test violation
0.1303417308185127,-1.0842021724855044e-19,0.15526550634589623,0.017720154348647328
,,,
0.1303417308185127,-1.0842021724855044e-19,0.15526550634589623,0.017720154348647328
