Training error,Training violation,Test error,Test violation
0.14569577101440373,-0.0002436386076059005,0.15650144340028255,8.497687966055323e-05
,,,
0.14569577101440373,-0.0002436386076059005,0.15650144340028255,8.497687966055323e-05
