Training error,Training violation,Test error,Test violation
0.14004483891772365,-0.004665441706491497,0.15723849886370617,0.004284797884809788
,,,
0.14004483891772365,-0.004665441706491497,0.15723849886370617,0.004284797884809788
