Training error,Training violation,Test error,Test violation
0.12174073277847731,0.06915073843917806,0.14354155150175052,0.06556533911366465
,,,
0.12174073277847731,0.06915073843917806,0.14354155150175052,0.06556533911366465
