Training error,Training violation,Test error,Test violation
0.14409876846534198,-0.007440937199149011,0.15594865180271483,-0.008296485478586912
,,,
0.14409876846534198,-0.007440937199149011,0.15594865180271483,-0.008296485478586912
