Training error,Training violation,Test error,Test violation
0.14096677052921322,0.0,0.15740069029403106,-0.0002824244038157602
,,,
0.14096677052921322,0.0,0.15740069029403106,-0.0002824244038157602
