Training error,Training violation,Test error,Test violation
0.13153519305375946,-0.004978735357747788,0.15637860082304528,-0.0032570044959517597
,,,
0.13153519305375946,-0.004978735357747788,0.15637860082304528,-0.0032570044959517597
