Training error,Training violation,Test error,Test violation
0.1402291084426154,-0.00645184387869005,0.1574841840181807,-0.0037047385402768362
,,,
0.1402291084426154,-0.00645184387869005,0.1574841840181807,-0.0037047385402768362
