Training error,Training violation,Test error,Test violation
0.14707779245109082,-0.003685721251167648,0.1572384988637051,-0.004890759331982431
,,,
0.14707779245109082,-0.003685721251167648,0.1572384988637051,-0.004890759331982431
