Training error,Training violation,Test error,Test violation
0.14726206197598354,-0.002238519167601871,0.15478164731896074,-0.002308209986843196
,,,
0.14726206197598354,-0.002238519167601871,0.15478164731896074,-0.002308209986843196
