Training error,Training violation,Test error,Test violation
0.12290777310279169,0.07443207763752452,0.14476997727412322,0.07304232559013811
,,,
0.12290777310279169,0.07443207763752452,0.14476997727412322,0.07304232559013811
