Training error,Training violation,Test error,Test violation
0.1297053717084034,4.336808689942018e-19,0.1571902670800526,0.009907565715014926
,,,
0.1297053717084034,4.336808689942018e-19,0.1571902670800526,0.009907565715014926
