Training error,Training violation,Test error,Test violation
0.12002088387948773,0.07111561453950707,0.14329586634727598,0.06883546377853615
,,,
0.12002088387948773,0.07111561453950707,0.14329586634727598,0.06883546377853615
