Training error,Training violation,Test error,Test violation
0.13910978631980708,1.0842021724855044e-19,0.15541592600671025,0.006329565701926787
,,,
0.13910978631980708,1.0842021724855044e-19,0.15541592600671025,0.006329565701926787
