Training error,Training violation,Test error,Test violation
0.11851601609287184,0.07443967583994973,0.14538419016030957,0.07456475776983551
,,,
0.11851601609287184,0.07443967583994973,0.14538419016030957,0.07456475776983551
