Training error,Training violation,Test error,Test violation
0.12186357912840515,0.06518748776907678,0.14495424113997912,0.06595471484330627
,,,
0.12186357912840515,0.06518748776907678,0.14495424113997912,0.06595471484330627
