Training error,Training violation,Test error,Test violation
0.14152427002793364,-2.6020852139652106e-18,0.15635370042881466,0.009693092164406902
,,,
0.14152427002793364,-2.6020852139652106e-18,0.15635370042881466,0.009693092164406902
