Training error,Training violation,Test error,Test violation
0.14750775467583918,-0.00047973660948766317,0.15515017505067255,-0.0023444509264808067
,,,
0.14750775467583918,-0.00047973660948766317,0.15515017505067255,-0.0023444509264808067
