Training error,Training violation,Test error,Test violation
0.13869352906851753,-0.0023880978002591142,0.15631717953442661,-0.0024579768803344444
,,,
0.13869352906851753,-0.0023880978002591142,0.15631717953442661,-0.0024579768803344444
