Training error,Training violation,Test error,Test violation
0.13903135653081905,-0.0055105101462079855,0.15729992015232477,0.0059536233464796955
,,,
0.13903135653081905,-0.0055105101462079855,0.15729992015232477,0.0059536233464796955
