Training error,Training violation,Test error,Test violation
0.1396455882804582,-0.006509246119602628,0.1552730176279098,-0.0008437892158303371
,,,
0.1396455882804582,-0.006509246119602628,0.1552730176279098,-0.0008437892158303371
