Training error,Training violation,Test error,Test violation
0.14022910844261538,-0.00897532415045557,0.15994103556292608,-0.010016281559908689
,,,
0.14022910844261538,-0.00897532415045557,0.15994103556292608,-0.010016281559908689
