Training error,Training violation,Test error,Test violation
0.14744633150087533,-0.0027670635637278575,0.15582580922547762,-0.005316017628555633
,,,
0.14744633150087533,-0.0027670635637278575,0.15582580922547762,-0.005316017628555633
