Training error,Training violation,Test error,Test violation
0.1404440895549891,-0.006252239374706731,0.15742276272956207,-0.0025199490325281126
,,,
0.1404440895549891,-0.006252239374706731,0.15742276272956207,-0.0025199490325281126
