Training error,Training violation,Test error,Test violation
0.1475303898845902,-6.4713317170228546e-18,0.15484037656401267,0.0002662315183938224
,,,
0.1475303898845902,-6.4713317170228546e-18,0.15484037656401267,0.0002662315183938224
