Training error,Training violation,Test error,Test violation
0.1509844708279548,-9.915683903093358e-20,0.15563505100984734,0.002333835783453577
,,,
0.1509844708279548,-9.915683903093358e-20,0.15563505100984734,0.002333835783453577
