Training error,Training violation,Test error,Test violation
0.14059764749239892,-0.0069106181403131035,0.15686997113199438,0.004823471635896832
,,,
0.14059764749239892,-0.0069106181403131035,0.15686997113199438,0.004823471635896832
