Training error,Training violation,Test error,Test violation
0.14366209762406243,0.0,0.1543211936121317,-0.000667049667628007
,,,
0.14366209762406243,0.0,0.1543211936121317,-0.000667049667628007
