Training error,Training violation,Test error,Test violation
0.1422264332627108,6.776263578034403e-21,0.15704790231955063,0.010249613480158662
,,,
0.1422264332627108,6.776263578034403e-21,0.15704790231955063,0.010249613480158662
