Training error,Training violation,Test error,Test violation
0.14882835293756333,-0.0016458063438494763,0.1553958602051471,-0.0025547109193624906
,,,
0.14882835293756333,-0.0016458063438494763,0.1553958602051471,-0.0025547109193624906
