Training error,Training violation,Test error,Test violation
0.14926427410991794,-2.168404344971009e-19,0.15539977084421555,-0.0009176017223433903
,,,
0.14926427410991794,-2.168404344971009e-19,0.15539977084421555,-0.0009176017223433903
