Training error,Training violation,Test error,Test violation
0.1436389350058415,0.006462699317856702,0.15373748541244395,0.005451621370532053
,,,
0.1436389350058415,0.006462699317856702,0.15373748541244395,0.005451621370532053
