Training error,Training violation,Test error,Test violation
0.14367281608169896,2.168404344971009e-19,0.15546674963709808,0.010904591786145498
,,,
0.14367281608169896,2.168404344971009e-19,0.15546674963709808,0.010904591786145498
