Training error,Training violation,Test error,Test violation
0.14068978225484477,-0.004673483574594185,0.15754560530679937,0.008479781398446686
,,,
0.14068978225484477,-0.004673483574594185,0.15754560530679937,0.008479781398446686
