Training error,Training violation,Test error,Test violation
0.1470777924510918,-0.007677478866708248,0.15582580922547756,-0.008636438215163272
,,,
0.1470777924510918,-0.007677478866708248,0.15582580922547756,-0.008636438215163272
