Training error,Training violation,Test error,Test violation
0.1507938945364086,-0.004920673788677443,0.1567471285547571,-0.0048326487425954245
,,,
0.1507938945364086,-0.004920673788677443,0.1567471285547571,-0.0048326487425954245
