Training error,Training violation,Test error,Test violation
0.14095918894521067,0.0012412759139426854,0.1524959700414915,0.013493589312702312
,,,
0.14095918894521067,0.0012412759139426854,0.1524959700414915,0.013493589312702312
