Training error,Training violation,Test error,Test violation
0.13967629986794017,-0.003415015615648942,0.15324611510349487,0.011377032632489292
,,,
0.13967629986794017,-0.003415015615648942,0.15324611510349487,0.011377032632489292
