Training error,Training violation,Test error,Test violation
0.12465833358926323,0.06967933815094762,0.1445857134082673,0.06654435921404515
,,,
0.12465833358926323,0.06967933815094762,0.1445857134082673,0.06654435921404515
