Training error,Training violation,Test error,Test violation
0.1418875341666411,-0.0063759730559894996,0.158282660770223,-0.010216980984247755
,,,
0.1418875341666411,-0.0063759730559894996,0.158282660770223,-0.010216980984247755
