Training error,Training violation,Test error,Test violation
0.14001412733024174,-0.0036748508718048864,0.15809839690436708,-0.010647133949089395
,,,
0.14001412733024174,-0.0036748508718048864,0.15809839690436708,-0.010647133949089395
