Training error,Training violation,Test error,Test violation
0.13346430106206641,-0.002345291337583655,0.15373748541244395,0.010135771738817773
,,,
0.13346430106206641,-0.002345291337583655,0.15373748541244395,0.010135771738817773
