Training error,Training violation,Test error,Test violation
0.14351429031652244,-2.6020852139652106e-18,0.1569117342969421,0.0011255580235225455
,,,
0.14351429031652244,-2.6020852139652106e-18,0.1569117342969421,0.0011255580235225455
