Training error,Training violation,Test error,Test violation
0.1439376456392409,8.944667923005412e-19,0.15329562863817212,0.01434647425256158
,,,
0.1439376456392409,8.944667923005412e-19,0.15329562863817212,0.01434647425256158
