Training error,Training violation,Test error,Test violation
0.13952274193053038,-0.001434222296309684,0.15656286468890118,-0.0048238887183179036
,,,
0.13952274193053038,-0.001434222296309684,0.15656286468890118,-0.0048238887183179036
