Training error,Training violation,Test error,Test violation
0.14880669111759876,6.505213034913027e-19,0.15426832704929216,0.0013468349744861548
,,,
0.14880669111759876,6.505213034913027e-19,0.15426832704929216,0.0013468349744861548
