Training error,Training violation,Test error,Test violation
0.14726521213289492,0.0,0.15402483505156916,-0.0010743202003171328
,,,
0.14726521213289492,0.0,0.15402483505156916,-0.0010743202003171328
