Training error,Training violation,Test error,Test violation
0.14897477691226577,2.168404344971009e-19,0.155005931242579,-0.0005817127161212819
,,,
0.14897477691226577,2.168404344971009e-19,0.155005931242579,-0.0005817127161212819
