Training error,Training violation,Test error,Test violation
0.13779657406317303,3.5236570605778894e-19,0.1537028068581034,0.003874822517521034
,,,
0.13779657406317303,3.5236570605778894e-19,0.1537028068581034,0.003874822517521034
