Training error,Training violation,Test error,Test violation
0.13979914621786801,-0.006691435890348096,0.15932682267673975,-0.015355471713966978
,,,
0.13979914621786801,-0.006691435890348096,0.15932682267673975,-0.015355471713966978
