Training error,Training violation,Test error,Test violation
0.1406800414236566,-1.734723475976807e-18,0.15552524021505632,0.0028856599782017605
,,,
0.1406800414236566,-1.734723475976807e-18,0.15552524021505632,0.0028856599782017605
