Training error,Training violation,Test error,Test violation
0.13646408839779003,-0.006796162159988321,0.16116946133529877,-0.01051498622388569
,,,
0.13646408839779003,-0.006796162159988321,0.16116946133529877,-0.01051498622388569
