Training error,Training violation,Test error,Test violation
0.14120747443397974,0.0,0.15320321239841544,0.00429646297765498
,,,
0.14120747443397974,0.0,0.15320321239841544,0.00429646297765498
