Training error,Training violation,Test error,Test violation
0.14094067911856173,-3.6247524589047644e-20,0.1563916606951716,-0.004483802504035272
,,,
0.14094067911856173,-3.6247524589047644e-20,0.1563916606951716,-0.004483802504035272
