Training error,Training violation,Test error,Test violation
0.1417179317687347,4.336808689942018e-19,0.1544321481936373,0.00698244032026123
,,,
0.1417179317687347,4.336808689942018e-19,0.1544321481936373,0.00698244032026123
