Training error,Training violation,Test error,Test violation
0.1430310407790627,-0.01935845114760354,0.16682021988821324,-0.02264799038007337
,,,
0.1430310407790627,-0.01935845114760354,0.16682021988821324,-0.02264799038007337
