Training error,Training violation,Test error,Test violation
0.1521452043856147,-0.009280138438290121,0.15791413303851118,-0.009498375700936037
,,,
0.1521452043856147,-0.009280138438290121,0.15791413303851118,-0.009498375700936037
