Training error,Training violation,Test error,Test violation
0.14282032058872343,-5.204170427930421e-18,0.15770052105433177,0.0010818973001146068
,,,
0.14282032058872343,-5.204170427930421e-18,0.15770052105433177,0.0010818973001146068
