Training error,Training violation,Test error,Test violation
0.1397377230429041,-0.004878301435420147,0.15766844788403664,0.006951032674433618
,,,
0.1397377230429041,-0.004878301435420147,0.15766844788403664,0.006951032674433618
