Training error,Training violation,Test error,Test violation
0.1467092534013083,-0.0024511570636917834,0.15447454087586757,-0.003929732006375142
,,,
0.1467092534013083,-0.0024511570636917834,0.15447454087586757,-0.003929732006375142
