Training error,Training violation,Test error,Test violation
0.14013697368016956,-0.005559648686179115,0.15711565628646892,0.0010670542228001791
,,,
0.14013697368016956,-0.005559648686179115,0.15711565628646892,0.0010670542228001791
