Training error,Training violation,Test error,Test violation
0.1435766714781487,-0.0029443171261130385,0.15429027701001166,-0.005929978983178208
,,,
0.1435766714781487,-0.0029443171261130385,0.15429027701001166,-0.005929978983178208
