Training error,Training violation,Test error,Test violation
0.12321488897761125,0.06424475979297249,0.14655119464406363,0.06412925704000307
,,,
0.12321488897761125,0.06424475979297249,0.14655119464406363,0.06412925704000307
