Training error,Training violation,Test error,Test violation
0.12186357912840515,0.0736097005344783,0.1438486579448437,0.07310305111136532
,,,
0.12186357912840515,0.0736097005344783,0.1438486579448437,0.07310305111136532
