Training error,Training violation,Test error,Test violation
0.12912821758135018,-0.002736668040328183,0.15858976721331614,-0.0028165552772732583
,,,
0.12912821758135018,-0.002736668040328183,0.15858976721331614,-0.0028165552772732583
