Training error,Training violation,Test error,Test violation
0.14158957409567757,-4.336808689942018e-19,0.156039012364363,0.01269948292756216
,,,
0.14158957409567757,-4.336808689942018e-19,0.156039012364363,0.01269948292756216
