Training error,Training violation,Test error,Test violation
0.13181148748159058,-0.008679274547811616,0.15883545236779067,0.006767319672152772
,,,
0.13181148748159058,-0.008679274547811616,0.15883545236779067,0.006767319672152772
