Training error,Training violation,Test error,Test violation
0.14354595989066674,-0.0024533200764356167,0.1558872305140962,-0.005699480896636605
,,,
0.14354595989066674,-0.0024533200764356167,0.1558872305140962,-0.005699480896636605
