Training error,Training violation,Test error,Test violation
0.1196830564171862,0.07868799653470875,0.14483139856274185,0.07734140790442018
,,,
0.1196830564171862,0.07868799653470875,0.14483139856274185,0.07734140790442018
