Training error,Training violation,Test error,Test violation
0.1428703049660637,0.002028713774622576,0.15429027701001166,0.0004917849961218468
,,,
0.1428703049660637,0.002028713774622576,0.15429027701001166,0.0004917849961218468
