Training error,Training violation,Test error,Test violation
0.1214029053161758,0.06938428507828208,0.14593698175787728,0.0650901280081518
,,,
0.1214029053161758,0.06938428507828208,0.14593698175787728,0.0650901280081518
