Training error,Training violation,Test error,Test violation
0.1384171247811799,-0.0030084302380958263,0.15791413303851112,-0.004936831490163467
,,,
0.1384171247811799,-0.0030084302380958263,0.15791413303851112,-0.004936831490163467
