Training error,Training violation,Test error,Test violation
0.1425324775037622,-0.0050126836632269365,0.15545728149376575,-0.007041524156190639
,,,
0.1425324775037622,-0.0050126836632269365,0.15545728149376575,-0.007041524156190639
