Training error,Training violation,Test error,Test violation
0.13394169524742774,-0.004819574651332842,0.15981819298568883,0.013169802398546565
,,,
0.13394169524742774,-0.004819574651332842,0.15981819298568883,0.013169802398546565
