Training error,Training violation,Test error,Test violation
0.13185538048125078,-0.005731994423827131,0.16098519746944293,-0.004408789406075032
,,,
0.13185538048125078,-0.005731994423827131,0.16098519746944293,-0.004408789406075032
