Training error,Training violation,Test error,Test violation
0.14029053161757926,-0.007816408952841466,0.15822123948160424,-0.0003487517293673524
,,,
0.14029053161757926,-0.007816408952841466,0.15822123948160424,-0.0003487517293673524
