Training error,Training violation,Test error,Test violation
0.14342311354073892,0.0008059072978644222,0.15613291566857074,-0.0005875981274766906
,,,
0.14342311354073892,0.0008059072978644222,0.15613291566857074,-0.0005875981274766906
