Training error,Training violation,Test error,Test violation
0.14384066879763954,0.0032871177404894536,0.1529390086604017,0.02193819696292383
,,,
0.14384066879763954,0.0032871177404894536,0.1529390086604017,0.02193819696292383
