Training error,Training violation,Test error,Test violation
0.14096618654218238,-0.006456613569855191,0.15386032798968122,0.0026123052456259455
,,,
0.14096618654218238,-0.006456613569855191,0.15386032798968122,0.0026123052456259455
