Training error,Training violation,Test error,Test violation
0.1425035483699751,-1.5449880957918438e-18,0.15216224858547955,-0.001341414685068085
,,,
0.1425035483699751,-1.5449880957918438e-18,0.15216224858547955,-0.001341414685068085
