Training error,Training violation,Test error,Test violation
0.1489557175231212,0.00028528039900452273,0.15656286468890118,0.0050401892358031
,,,
0.1489557175231212,0.00028528039900452273,0.15656286468890118,0.0050401892358031
