Training error,Training violation,Test error,Test violation
0.1326353611696196,-0.0008672068556093147,0.1573613414409434,0.003342026354021698
,,,
0.1326353611696196,-0.0008672068556093147,0.1573613414409434,0.003342026354021698
