Training error,Training violation,Test error,Test violation
0.12146432849113971,0.07914677079633181,0.1456298753147841,0.07948009241541582
,,,
0.12146432849113971,0.07914677079633181,0.1456298753147841,0.07948009241541582
