Training error,Training violation,Test error,Test violation
0.14022910844261535,-0.003448070419414693,0.15551870278238433,0.00038647014529932783
,,,
0.14022910844261535,-0.003448070419414693,0.15551870278238433,0.00038647014529932783
