Training error,Training violation,Test error,Test violation
0.1393691839931206,-0.004360405585818183,0.15459738345310484,-0.006341525410449356
,,,
0.1393691839931206,-0.004360405585818183,0.15459738345310484,-0.006341525410449356
