Training error,Training violation,Test error,Test violation
0.13136563331477016,-0.00652630927324502,0.16116946133529883,0.009111228445052634
,,,
0.13136563331477016,-0.00652630927324502,0.16116946133529883,0.009111228445052634
