Training error,Training violation,Test error,Test violation
0.12066582721660883,0.0746559742630111,0.14661261593268227,0.07449172309772151
,,,
0.12066582721660883,0.0746559742630111,0.14661261593268227,0.07449172309772151
