Training error,Training violation,Test error,Test violation
0.1403519547925432,-0.001012440513906143,0.15490448989619798,-0.0007204815728145962
,,,
0.1403519547925432,-0.001012440513906143,0.15490448989619798,-0.0007204815728145962
