Training error,Training violation,Test error,Test violation
0.14793771690058632,-0.0033132445259303972,0.15515017505067225,-0.0027826053143112876
,,,
0.14793771690058632,-0.0033132445259303972,0.15515017505067225,-0.0027826053143112876
