Training error,Training violation,Test error,Test violation
0.14029053161757932,-0.005946439699252959,0.15656286468890118,0.0030527049349231283
,,,
0.14029053161757932,-0.005946439699252959,0.15656286468890118,0.0030527049349231283
