Training error,Training violation,Test error,Test violation
0.14386916253372897,-3.2526065174565133e-19,0.15505139685907424,-0.0011206527690412992
,,,
0.14386916253372897,-3.2526065174565133e-19,0.15505139685907424,-0.0011206527690412992
