Training error,Training violation,Test error,Test violation
0.12244709929056233,0.07137267660004656,0.14434002825379277,0.06808777664811398
,,,
0.12244709929056233,0.07137267660004656,0.14434002825379277,0.06808777664811398
