Training error,Training violation,Test error,Test violation
0.15155902724410972,-1.2576745200831851e-17,0.1568580671988452,-0.0005125972576996585
,,,
0.15155902724410972,-1.2576745200831851e-17,0.1568580671988452,-0.0005125972576996585
