Training error,Training violation,Test error,Test violation
0.12195571389085101,0.0697645265231397,0.1436643940789878,0.06844970188640478
,,,
0.12195571389085101,0.0697645265231397,0.1436643940789878,0.06844970188640478
