Training error,Training violation,Test error,Test violation
0.14240637757868146,2.168404344971009e-19,0.15426900347829975,3.609835133120949e-05
,,,
0.14240637757868146,2.168404344971009e-19,0.15426900347829975,3.609835133120949e-05
