Training error,Training violation,Test error,Test violation
0.13025929549902143,-0.0006449737968134969,0.15791413303851107,0.017313815292531568
,,,
0.13025929549902143,-0.0006449737968134969,0.15791413303851107,0.017313815292531568
