Training error,Training violation,Test error,Test violation
0.13881637541844535,-0.0014161973801992132,0.15453596216448617,0.006399523802047833
,,,
0.13881637541844535,-0.0014161973801992132,0.15453596216448617,0.006399523802047833
