Training error,Training violation,Test error,Test violation
0.1278107936293612,-6.561070656753532e-20,0.1579928671823458,0.011790624830992365
,,,
0.1278107936293612,-6.561070656753532e-20,0.1579928671823458,0.011790624830992365
