Training error,Training violation,Test error,Test violation
0.13144223070444408,0.001198188087674551,0.15497035300268738,0.013626864588844732
,,,
0.13144223070444408,0.001198188087674551,0.15497035300268738,0.013626864588844732
