Training error,Training violation,Test error,Test violation
0.14817502312871708,2.3852447794681098e-18,0.1537204665308514,0.0003150790756235514
,,,
0.14817502312871708,2.3852447794681098e-18,0.1537204665308514,0.0003150790756235514
