Training error,Training violation,Test error,Test violation
0.12977005870841488,-0.0007884474236345973,0.15742276272956207,0.019086415582262206
,,,
0.12977005870841488,-0.0007884474236345973,0.15742276272956207,0.019086415582262206
