Training error,Training violation,Test error,Test violation
0.14716992721353767,-0.007407660562544521,0.1558872305140962,-0.00823534054501518
,,,
0.14716992721353767,-0.007407660562544521,0.1558872305140962,-0.00823534054501518
