Training error,Training violation,Test error,Test violation
0.14806056325051442,-0.00885680382601542,0.1593882439653584,-0.012291185038956987
,,,
0.14806056325051442,-0.00885680382601542,0.1593882439653584,-0.012291185038956987
