Training error,Training violation,Test error,Test violation
0.14124259082951998,-0.004513700887462613,0.15760702659541798,0.005620665662757152
,,,
0.14124259082951998,-0.004513700887462613,0.15760702659541798,0.005620665662757152
