Training error,Training violation,Test error,Test violation
0.13332382005112414,-1.6940658945086007e-19,0.15487355764851526,0.0037097564035646715
,,,
0.13332382005112414,-1.6940658945086007e-19,0.15487355764851526,0.0037097564035646715
