Training error,Training violation,Test error,Test violation
0.12158717484106754,0.07061707460304803,0.1470425649530127,0.06687995863461463
,,,
0.12158717484106754,0.07061707460304803,0.1470425649530127,0.06687995863461463
