Training error,Training violation,Test error,Test violation
0.13973772304290405,-0.002574447079297076,0.15373748541244392,-0.00222512684715867
,,,
0.13973772304290405,-0.002574447079297076,0.15373748541244392,-0.00222512684715867
