Training error,Training violation,Test error,Test violation
0.15206725176607924,-1.734723475976807e-18,0.15773700919130113,-0.00022008177202593408
,,,
0.15206725176607924,-1.734723475976807e-18,0.15773700919130113,-0.00022008177202593408
