Training error,Training violation,Test error,Test violation
0.1282912823019121,-0.0010686205232434685,0.15865118850193474,-0.000660076213549493
,,,
0.1282912823019121,-0.0010686205232434685,0.15865118850193474,-0.000660076213549493
