Training error,Training violation,Test error,Test violation
0.14313037001292955,8.673617379884035e-19,0.1550482973124776,-0.0019270291140661528
,,,
0.14313037001292955,8.673617379884035e-19,0.1550482973124776,-0.0019270291140661528
