Training error,Training violation,Test error,Test violation
0.12834852901979452,-3.0520519417897424e-20,0.15783242619236582,0.009467138687700685
,,,
0.12834852901979452,-3.0520519417897424e-20,0.15783242619236582,0.009467138687700685
