Training error,Training violation,Test error,Test violation
0.1229691962777556,0.07003611949001337,0.14341870892451325,0.07525994957001363
,,,
0.1229691962777556,0.07003611949001337,0.14341870892451325,0.07525994957001363
