Training error,Training violation,Test error,Test violation
0.14750775467583918,-4.292493942886777e-05,0.154904489896198,-0.001927194052896486
,,,
0.14750775467583918,-4.292493942886777e-05,0.154904489896198,-0.001927194052896486
