Training error,Training violation,Test error,Test violation
0.12419765977703387,0.06844893347176426,0.14452429211964868,0.06494761158373553
,,,
0.12419765977703387,0.06844893347176426,0.14452429211964868,0.06494761158373553
