Training error,Training violation,Test error,Test violation
0.13324335930311024,0.0002816775903852209,0.1603095632946379,0.0057152725470330235
,,,
0.13324335930311024,0.0002816775903852209,0.1603095632946379,0.0057152725470330235
