Training error,Training violation,Test error,Test violation
0.12198642547833298,0.0765346081425979,0.1436643940789878,0.07614040587065153
,,,
0.12198642547833298,0.0765346081425979,0.1436643940789878,0.07614040587065153
