Training error,Training violation,Test error,Test violation
0.151972594750789,8.673617379884035e-18,0.1577359280571408,0.00014627293517444637
,,,
0.151972594750789,8.673617379884035e-18,0.1577359280571408,0.00014627293517444637
