Training error,Training violation,Test error,Test violation
0.14007555050520562,-0.005738669550592379,0.1583440820588416,-0.0007854842411506024
,,,
0.14007555050520562,-0.005738669550592379,0.1583440820588416,-0.0007854842411506024
