Training error,Training violation,Test error,Test violation
0.12991620282586092,-0.005145677861462,0.16006387814016337,-0.011119299304680336
,,,
0.12991620282586092,-0.005145677861462,0.16006387814016337,-0.011119299304680336
