Training error,Training violation,Test error,Test violation
0.14100446051474144,2.168404344971009e-19,0.15386060285240996,0.007557885637991901
,,,
0.14100446051474144,2.168404344971009e-19,0.15386060285240996,0.007557885637991901
