Training error,Training violation,Test error,Test violation
0.14881716373924725,-2.9544509200229996e-17,0.15479283617364936,-0.0006290318671221149
,,,
0.14881716373924725,-2.9544509200229996e-17,0.15479283617364936,-0.0006290318671221149
