Training error,Training violation,Test error,Test violation
0.14004483891772365,-0.005796515457182461,0.1560714943799521,-0.003950423694751376
,,,
0.14004483891772365,-0.005796515457182461,0.1560714943799521,-0.003950423694751376
