Training error,Training violation,Test error,Test violation
0.14022910844261544,-0.0048622176992147445,0.15785271174989254,-0.0018265298337285245
,,,
0.14022910844261544,-0.0048622176992147445,0.15785271174989254,-0.0018265298337285245
