Training error,Training violation,Test error,Test violation
0.14081262860477262,-0.003112142507719463,0.15699281370923165,-0.009588648339737023
,,,
0.14081262860477262,-0.003112142507719463,0.15699281370923165,-0.009588648339737023
