Training error,Training violation,Test error,Test violation
0.12137219372869383,0.0726658633941803,0.1456298753147841,0.0693668031745953
,,,
0.12137219372869383,0.0726658633941803,0.1456298753147841,0.0693668031745953
