Training error,Training violation,Test error,Test violation
0.14260923615761723,1.734723475976807e-18,0.15474827219868462,0.00018518513658603158
,,,
0.14260923615761723,1.734723475976807e-18,0.15474827219868462,0.00018518513658603158
