Training error,Training violation,Test error,Test violation
0.14105418412370213,1.0842021724855044e-19,0.15393923293465697,0.0085511054458274
,,,
0.14105418412370213,1.0842021724855044e-19,0.15393923293465697,0.0085511054458274
