Training error,Training violation,Test error,Test violation
0.1410560494273784,3.469446951953614e-18,0.15437736716556413,0.009473266740423744
,,,
0.1410560494273784,3.469446951953614e-18,0.15437736716556413,0.009473266740423744
