Training error,Training violation,Test error,Test violation
0.13890851018089123,-0.0038757310571770893,0.1557643879368589,-0.004723781067771104
,,,
0.13890851018089123,-0.0038757310571770893,0.1557643879368589,-0.004723781067771104
