Training error,Training violation,Test error,Test violation
0.12088080832898253,0.06827099582342071,0.1452613475830723,0.06871555651720597
,,,
0.12088080832898253,0.06827099582342071,0.1452613475830723,0.06871555651720597
