Training error,Training violation,Test error,Test violation
0.1380178741439145,-0.0009528752602497581,0.15429027701001166,-0.008145407208388272
,,,
0.1380178741439145,-0.0009528752602497581,0.15429027701001166,-0.008145407208388272
