Training error,Training violation,Test error,Test violation
0.14806056325051448,0.001547810404240151,0.15558012407100308,0.0015608757200558617
,,,
0.14806056325051448,0.001547810404240151,0.15558012407100308,0.0015608757200558617
