Training error,Training violation,Test error,Test violation
0.14013697368016953,-0.00013756313816742916,0.1539831705669185,0.005269372091464913
,,,
0.14013697368016953,-0.00013756313816742916,0.1539831705669185,0.005269372091464913
