Training error,Training violation,Test error,Test violation
0.13976843463038605,-0.006607745032383594,0.1583440820588416,-0.008534836278033586
,,,
0.13976843463038605,-0.006607745032383594,0.1583440820588416,-0.008534836278033586
