Training error,Training violation,Test error,Test violation
0.14054630154530892,0.0,0.15467732665423542,0.012319564833693772
,,,
0.14054630154530892,0.0,0.15467732665423542,0.012319564833693772
