Training error,Training violation,Test error,Test violation
0.1331859773441356,5.421010862427522e-20,0.1563702955061292,0.00553367399744983
,,,
0.1331859773441356,5.421010862427522e-20,0.1563702955061292,0.00553367399744983
