Training error,Training violation,Test error,Test violation
0.14247105432879825,-0.0004484564684318626,0.1534918002579694,-0.001327916703079246
,,,
0.14247105432879825,-0.0004484564684318626,0.1534918002579694,-0.001327916703079246
