Training error,Training violation,Test error,Test violation
0.13613891978741807,-0.005601705182734171,0.1590197162336465,-0.0044164936266461435
,,,
0.13613891978741807,-0.005601705182734171,0.1590197162336465,-0.0044164936266461435
