Training error,Training violation,Test error,Test violation
0.14160370065021013,0.0,0.15528369461230956,0.007934844903298701
,,,
0.14160370065021013,0.0,0.15528369461230956,0.007934844903298701
