Training error,Training violation,Test error,Test violation
0.14090826743777438,8.673617379884035e-19,0.15531679868235473,-0.0004808667525342111
,,,
0.14090826743777438,8.673617379884035e-19,0.15531679868235473,-0.0004808667525342111
