Training error,Training violation,Test error,Test violation
0.15082460612389015,-0.007189975826807119,0.15858976721331572,-0.008078955893838287
,,,
0.15082460612389015,-0.007189975826807119,0.15858976721331572,-0.008078955893838287
