Training error,Training violation,Test error,Test violation
0.14152263418841943,0.0,0.15609387942382746,-0.0042361101801527065
,,,
0.14152263418841943,0.0,0.15609387942382746,-0.0042361101801527065
