Training error,Training violation,Test error,Test violation
0.1408126286047726,2.6020852139652106e-18,0.1569555268987988,-0.0043612332619864845
,,,
0.1408126286047726,2.6020852139652106e-18,0.1569555268987988,-0.0043612332619864845
