Training error,Training violation,Test error,Test violation
0.1387203772377943,9.75781955236954e-19,0.15560597706965326,0.009454875145752793
,,,
0.1387203772377943,9.75781955236954e-19,0.15560597706965326,0.009454875145752793
