Training error,Training violation,Test error,Test violation
0.14047480114247102,-0.010028974248574822,0.15815981819298566,0.005167430852161175
,,,
0.14047480114247102,-0.010028974248574822,0.15815981819298566,0.005167430852161175
