Training error,Training violation,Test error,Test violation
0.13324335930311024,-0.0020175609816551476,0.15828266077022296,0.014241649134449696
,,,
0.13324335930311024,-0.0020175609816551476,0.15828266077022296,0.014241649134449696
