Training error,Training violation,Test error,Test violation
0.1275292370521626,-0.004778467521949436,0.16018672071740062,0.0194157060884708
,,,
0.1275292370521626,-0.004778467521949436,0.16018672071740062,0.0194157060884708
