Training error,Training violation,Test error,Test violation
0.12306133104020146,0.06943819330941839,0.14476997727412322,0.07274846022810239
,,,
0.12306133104020146,0.06943819330941839,0.14476997727412322,0.07274846022810239
