Training error,Training violation,Test error,Test violation
0.147139215626057,-0.0032056498964966327,0.15484306860758076,-0.0032692373124505194
,,,
0.147139215626057,-0.0032056498964966327,0.15484306860758076,-0.0032692373124505194
