Training error,Training violation,Test error,Test violation
0.1388714619829565,5.407585180116008e-19,0.15569382631256853,0.006715945896978532
,,,
0.1388714619829565,5.407585180116008e-19,0.15569382631256853,0.006715945896978532
