Training error,Training violation,Test error,Test violation
0.1486587159427262,4.336808689942018e-19,0.15469878794550324,-0.0012721616912441604
,,,
0.1486587159427262,4.336808689942018e-19,0.15469878794550324,-0.0012721616912441604
