Training error,Training violation,Test error,Test violation
0.14922760357482878,-0.004018598818764069,0.15508875376205392,-0.0040779588771046316
,,,
0.14922760357482878,-0.004018598818764069,0.15508875376205392,-0.0040779588771046316
