Training error,Training violation,Test error,Test violation
0.1486440834126716,-0.004273442550916162,0.1541674344327744,-0.004278585890907988
,,,
0.1486440834126716,-0.004273442550916162,0.1541674344327744,-0.004278585890907988
