Training error,Training violation,Test error,Test violation
0.14063515842283053,0.0009520472363889739,0.15437201800272785,0.008688550376071962
,,,
0.14063515842283053,0.0009520472363889739,0.15437201800272785,0.008688550376071962
