Training error,Training violation,Test error,Test violation
0.11995946070452382,0.07254262869421857,0.1445857134082673,0.07198628731491996
,,,
0.11995946070452382,0.07254262869421857,0.1445857134082673,0.07198628731491996
