Training error,Training violation,Test error,Test violation
0.14129797216343162,-4.336808689942018e-19,0.15564561478330255,0.01077276658440688
,,,
0.14129797216343162,-4.336808689942018e-19,0.15564561478330255,0.01077276658440688
