Training error,Training violation,Test error,Test violation
0.14485606172787177,0.0,0.15373748541244395,0.010884565610419554
,,,
0.14485606172787177,0.0,0.15373748541244395,0.010884565610419554
