Training error,Training violation,Test error,Test violation
0.13973772304290408,-0.0054790561272751725,0.15459738345310484,0.012712900410436656
,,,
0.13973772304290408,-0.0054790561272751725,0.15459738345310484,0.012712900410436656
