Training error,Training violation,Test error,Test violation
0.1403830674616717,1.734723475976807e-18,0.1547024380611812,0.009410438299183435
,,,
0.1403830674616717,1.734723475976807e-18,0.1547024380611812,0.009410438299183435
