Training error,Training violation,Test error,Test violation
0.12570252756364977,0.06704260622722814,0.14372581536760642,0.06667230233332579
,,,
0.12570252756364977,0.06704260622722814,0.14372581536760642,0.06667230233332579
