Training error,Training violation,Test error,Test violation
0.1396148766929763,-0.008068424173733465,0.15803697561574845,0.0012764374676785541
,,,
0.1396148766929763,-0.008068424173733465,0.15803697561574845,0.0012764374676785541
