Training error,Training violation,Test error,Test violation
0.1406590706673628,-0.008046905247846708,0.1576684478840366,-0.009031707353253593
,,,
0.1406590706673628,-0.008046905247846708,0.1576684478840366,-0.009031707353253593
