Training error,Training violation,Test error,Test violation
0.1401062620926876,-0.004780468021155338,0.15852834592469753,0.0024593933866703115
,,,
0.1401062620926876,-0.004780468021155338,0.15852834592469753,0.0024593933866703115
