Training error,Training violation,Test error,Test violation
0.13388552355050068,-0.002269931582282503,0.1597567716970702,-0.002847405949979759
,,,
0.13388552355050068,-0.002269931582282503,0.1597567716970702,-0.002847405949979759
