Training error,Training violation,Test error,Test violation
0.12447406406437149,0.06792621261535356,0.1436643940789878,0.0641403118777086
,,,
0.12447406406437149,0.06792621261535356,0.1436643940789878,0.0641403118777086
