Training error,Training violation,Test error,Test violation
0.12327631215257516,0.07082910231626532,0.14538419016030957,0.06799410749921984
,,,
0.12327631215257516,0.07082910231626532,0.14538419016030957,0.06799410749921984
