Training error,Training violation,Test error,Test violation
0.13755720033168517,-0.0012777109597434946,0.1552115963392912,0.009247638005195515
,,,
0.13755720033168517,-0.0012777109597434946,0.1552115963392912,0.009247638005195515
