Training error,Training violation,Test error,Test violation
0.14004483891772365,-0.0010817669827316023,0.156255758245808,-0.0017135870618829596
,,,
0.14004483891772365,-0.0010817669827316023,0.156255758245808,-0.0017135870618829596
