Training error,Training violation,Test error,Test violation
0.1485888875582064,8.673617379884035e-19,0.15542629243968464,-0.0006824226124597173
,,,
0.1485888875582064,8.673617379884035e-19,0.15542629243968464,-0.0006824226124597173
