Training error,Training violation,Test error,Test violation
0.1296296296296296,-0.0035148717634755906,0.15570296664824027,-0.005677108183759576
,,,
0.1296296296296296,-0.0035148717634755906,0.15570296664824027,-0.005677108183759576
