Training error,Training violation,Test error,Test violation
0.13945919478625443,1.6805133673525319e-18,0.15413898699020043,0.005763333863884229
,,,
0.13945919478625443,1.6805133673525319e-18,0.15413898699020043,0.005763333863884229
