Training error,Training violation,Test error,Test violation
0.14204109210405086,-0.0012702792745134528,0.1545359621644862,0.00710944529966015
,,,
0.14204109210405086,-0.0012702792745134528,0.1545359621644862,0.00710944529966015
