Training error,Training violation,Test error,Test violation
0.14180086865910518,-1.734723475976807e-18,0.1560413199007367,-0.004222169971603748
,,,
0.14180086865910518,-1.734723475976807e-18,0.1560413199007367,-0.004222169971603748
