Training error,Training violation,Test error,Test violation
0.12213998341574275,0.07684269460736999,0.14397150052208096,0.07278129701027204
,,,
0.12213998341574275,0.07684269460736999,0.14397150052208096,0.07278129701027204
