Training error,Training violation,Test error,Test violation
0.14083216227775402,0.0042793730589938,0.15355322154658804,0.007222388071505729
,,,
0.14083216227775402,0.0042793730589938,0.15355322154658804,0.007222388071505729
