Training error,Training violation,Test error,Test violation
0.13194018874862115,-0.005389357440976572,0.1572999201523248,-0.002931647963085482
,,,
0.13194018874862115,-0.005389357440976572,0.1572999201523248,-0.002931647963085482
