Training error,Training violation,Test error,Test violation
0.13980703595155458,0.0,0.15327470375335056,0.007178838299609443
,,,
0.13980703595155458,0.0,0.15327470375335056,0.007178838299609443
