Training error,Training violation,Test error,Test violation
0.13967629986794014,-0.008570679952807551,0.15895829494502792,-0.00020317422543955627
,,,
0.13967629986794014,-0.008570679952807551,0.15895829494502792,-0.00020317422543955627
