Training error,Training violation,Test error,Test violation
0.1390313565308191,-0.0008504386720149806,0.1550273324734353,0.0059118206706126625
,,,
0.1390313565308191,-0.0008504386720149806,0.1550273324734353,0.0059118206706126625
