Training error,Training violation,Test error,Test violation
0.12382912072725039,0.07082344529374518,0.14391007923346233,0.07196960208881174
,,,
0.12382912072725039,0.07082344529374518,0.14391007923346233,0.07196960208881174
