Training error,Training violation,Test error,Test violation
0.1406848911902307,1.734723475976807e-18,0.15705969562933547,0.002028305660651425
,,,
0.1406848911902307,1.734723475976807e-18,0.15705969562933547,0.002028305660651425
