Training error,Training violation,Test error,Test violation
0.13358565489855434,-0.0023283457043462024,0.16153798906701064,-0.0008547907483721642
,,,
0.13358565489855434,-0.0023283457043462024,0.16153798906701064,-0.0008547907483721642
