Training error,Training violation,Test error,Test violation
0.14047480114247107,-0.004371054132342179,0.15625575824580804,0.0036441828944190078
,,,
0.14047480114247107,-0.004371054132342179,0.15625575824580804,0.0036441828944190078
