Training error,Training violation,Test error,Test violation
0.13936918399312062,-0.0010776627900826732,0.15644002211166394,0.000541215593011929
,,,
0.13936918399312062,-0.0010776627900826732,0.15644002211166394,0.000541215593011929
