Training error,Training violation,Test error,Test violation
0.12269279199041798,0.06970130074251188,0.14354155150175052,0.06645158591852626
,,,
0.12269279199041798,0.06970130074251188,0.14354155150175052,0.06645158591852626
