Training error,Training violation,Test error,Test violation
0.14013697368016956,-0.007296128257656938,0.15674712855475711,-0.006125288175426126
,,,
0.14013697368016956,-0.007296128257656938,0.15674712855475711,-0.006125288175426126
