Training error,Training violation,Test error,Test violation
0.13757767668227147,2.168404344971009e-19,0.15517763533610499,0.007461278259251652
,,,
0.13757767668227147,2.168404344971009e-19,0.15517763533610499,0.007461278259251652
