Training error,Training violation,Test error,Test violation
0.14415773880773483,0.0009147019672443027,0.15547737051040444,0.007550263069557095
,,,
0.14415773880773483,0.0009147019672443027,0.15547737051040444,0.007550263069557095
