Training error,Training violation,Test error,Test violation
0.13821870523821148,1.6940658945086007e-20,0.15533034234353493,0.008520840381315679
,,,
0.13821870523821148,1.6940658945086007e-20,0.15533034234353493,0.008520840381315679
