Training error,Training violation,Test error,Test violation
0.1283396063429382,-0.0029324799913035267,0.15779129046127385,0.006532266184676782
,,,
0.1283396063429382,-0.0029324799913035267,0.15779129046127385,0.006532266184676782
