Training error,Training violation,Test error,Test violation
0.12042013451675317,0.07303639893951246,0.14274307474970824,0.06999011922834059
,,,
0.12042013451675317,0.07303639893951246,0.14274307474970824,0.06999011922834059
