Training error,Training violation,Test error,Test violation
0.1507938945364086,-0.004265567200008619,0.1572999201523248,-0.006002304504994865
,,,
0.1507938945364086,-0.004265567200008619,0.1572999201523248,-0.006002304504994865
