Training error,Training violation,Test error,Test violation
0.14253247750376216,-0.0027847001298044183,0.15736134144094344,-0.005566597451298644
,,,
0.14253247750376216,-0.0027847001298044183,0.15736134144094344,-0.005566597451298644
