Training error,Training violation,Test error,Test violation
0.14274586824306526,3.2526065174565133e-19,0.15546316718477168,0.009764025609708777
,,,
0.14274586824306526,3.2526065174565133e-19,0.15546316718477168,0.009764025609708777
