Training error,Training violation,Test error,Test violation
0.13939989558060253,-0.0015723203667315497,0.15465880474172344,-0.0004580273236989562
,,,
0.13939989558060253,-0.0015723203667315497,0.15465880474172344,-0.0004580273236989562
