Training error,Training violation,Test error,Test violation
0.1216178864285495,0.06576071874709621,0.14519992629445366,0.07172024975682324
,,,
0.1216178864285495,0.06576071874709621,0.14519992629445366,0.07172024975682324
