Training error,Training violation,Test error,Test violation
0.14433986128011275,0.0,0.15546403338798823,-0.001089209690185295
,,,
0.14433986128011275,0.0,0.15546403338798823,-0.001089209690185295
