Training error,Training violation,Test error,Test violation
0.14102760971714626,-0.0017866776098877932,0.15533443891652843,-0.0008782575366695077
,,,
0.14102760971714626,-0.0017866776098877932,0.15533443891652843,-0.0008782575366695077
