Training error,Training violation,Test error,Test violation
0.1411811676545561,-0.0009228708005828148,0.15312327252625763,-0.0019886096364689913
,,,
0.1411811676545561,-0.0009228708005828148,0.15312327252625763,-0.0019886096364689913
