Training error,Training violation,Test error,Test violation
0.14072049384232668,-0.00710717230019761,0.15772986917265522,-0.002026745134822094
,,,
0.14072049384232668,-0.00710717230019761,0.15772986917265522,-0.002026745134822094
