Training error,Training violation,Test error,Test violation
0.14360738306563067,0.0019030901165667802,0.15306185123763896,0.01757746646903255
,,,
0.14360738306563067,0.0019030901165667802,0.15306185123763896,0.01757746646903255
