Training error,Training violation,Test error,Test violation
0.13939989558060253,-0.003763986208334429,0.1569928137092316,0.005700603836977291
,,,
0.13939989558060253,-0.003763986208334429,0.1569928137092316,0.005700603836977291
