Training error,Training violation,Test error,Test violation
0.15275943613525383,-0.005695798216014042,0.15828266077022296,-0.006454170762127398
,,,
0.15275943613525383,-0.005695798216014042,0.15828266077022296,-0.006454170762127398
