Training error,Training violation,Test error,Test violation
0.12131077055372992,0.06966020407064343,0.14575271789202138,0.06680110688844001
,,,
0.12131077055372992,0.06966020407064343,0.14575271789202138,0.06680110688844001
