Training error,Training violation,Test error,Test violation
0.13415804802662298,0.000882018857138761,0.15503033626682794,0.017758168816102086
,,,
0.13415804802662298,0.000882018857138761,0.15503033626682794,0.017758168816102086
