Training error,Training violation,Test error,Test violation
0.14093608770405652,-2.981555974335137e-19,0.1553929092162438,0.01150773947553973
,,,
0.14093608770405652,-2.981555974335137e-19,0.1553929092162438,0.01150773947553973
