Training error,Training violation,Test error,Test violation
0.1480912748379964,-0.002027378785739553,0.1553958602051471,-0.0026497218689733315
,,,
0.1480912748379964,-0.002027378785739553,0.1553958602051471,-0.0026497218689733315
