Training error,Training violation,Test error,Test violation
0.1393077608181567,-0.006447074187524883,0.1552115963392912,-0.0040087286694311395
,,,
0.1393077608181567,-0.006447074187524883,0.1552115963392912,-0.0040087286694311395
