Training error,Training violation,Test error,Test violation
0.12312275421516539,0.07089193974685926,0.1438486579448437,0.0689414229555251
,,,
0.12312275421516539,0.07089193974685926,0.1438486579448437,0.0689414229555251
