Training error,Training violation,Test error,Test violation
0.14164071144048265,8.673617379884035e-19,0.1555553427325456,-0.004291860650747182
,,,
0.14164071144048265,8.673617379884035e-19,0.1555553427325456,-0.004291860650747182
