Training error,Training violation,Test error,Test violation
0.13787765107273792,3.2526065174565133e-19,0.154149203388783,0.014039882996408222
,,,
0.13787765107273792,3.2526065174565133e-19,0.154149203388783,0.014039882996408222
