Training error,Training violation,Test error,Test violation
0.14394326171312677,5.421010862427522e-20,0.15861922846490395,0.0052351723604045055
,,,
0.14394326171312677,5.421010862427522e-20,0.15861922846490395,0.0052351723604045055
