Training error,Training violation,Test error,Test violation
0.15770083615215275,0.0,0.1620423340781654,-0.004329856258905964
,,,
0.15770083615215275,0.0,0.1620423340781654,-0.004329856258905964
