Training error,Training violation,Test error,Test violation
0.13986056939283192,-0.0022519962253859382,0.15447454087586757,0.0019170524580693349
,,,
0.13986056939283192,-0.0022519962253859382,0.15447454087586757,0.0019170524580693349
