Training error,Training violation,Test error,Test violation
0.14625918241770702,8.77950391524561e-20,0.15515953454485187,0.0004333308118434765
,,,
0.14625918241770702,8.77950391524561e-20,0.15515953454485187,0.0004333308118434765
