Training error,Training violation,Test error,Test violation
0.14793771690058657,-0.0028164239365377204,0.15570296664824027,-0.004714292944604208
,,,
0.14793771690058657,-0.0028164239365377204,0.15570296664824027,-0.004714292944604208
