Training error,Training violation,Test error,Test violation
0.1345934270261566,0.0,0.1598432860087986,-0.0012032640424883662
,,,
0.1345934270261566,0.0,0.1598432860087986,-0.0012032640424883662
