Training error,Training violation,Test error,Test violation
0.1409775065994383,8.809142651444724e-19,0.15471014199397487,0.011884388380812237
,,,
0.1409775065994383,8.809142651444724e-19,0.15471014199397487,0.011884388380812237
