Training error,Training violation,Test error,Test violation
0.12057369245416295,0.07499434233593248,0.14532276887169093,0.07663096040155587
,,,
0.12057369245416295,0.07499434233593248,0.14532276887169093,0.07663096040155587
