Training error,Training violation,Test error,Test violation
0.13172288615958883,-2.168404344971009e-19,0.15957632567997243,0.014467576674628427
,,,
0.13172288615958883,-2.168404344971009e-19,0.15957632567997243,0.014467576674628427
