Training error,Training violation,Test error,Test violation
0.14921697625027935,2.168404344971009e-19,0.15783527224693703,-0.002487411350090691
,,,
0.14921697625027935,2.168404344971009e-19,0.15783527224693703,-0.002487411350090691
