Training error,Training violation,Test error,Test violation
0.141211879242038,-0.0025053380553414772,0.15656286468890118,0.015213388219806057
,,,
0.141211879242038,-0.0025053380553414772,0.15656286468890118,0.015213388219806057
