Training error,Training violation,Test error,Test violation
0.139092779705783,-0.0042814844190188495,0.15723849886370617,-0.0018885019859222196
,,,
0.139092779705783,-0.0042814844190188495,0.15723849886370617,-0.0018885019859222196
