Training error,Training violation,Test error,Test violation
0.14102760971714626,-0.0011449032075756258,0.15293900866040167,0.014039600244599156
,,,
0.14102760971714626,-0.0011449032075756258,0.15293900866040167,0.014039600244599156
