Training error,Training violation,Test error,Test violation
0.12349129326494887,0.06784535026864913,0.14409434309931823,0.07159667531797911
,,,
0.12349129326494887,0.06784535026864913,0.14409434309931823,0.07159667531797911
