Training error,Training violation,Test error,Test violation
0.13082623874563606,-0.0024615646137559066,0.15803697561574842,0.007678920194072375
,,,
0.13082623874563606,-0.0024615646137559066,0.15803697561574842,0.007678920194072375
