Training error,Training violation,Test error,Test violation
0.140505512729953,-0.010491242519974159,0.1574841840181807,-0.013470542432608062
,,,
0.140505512729953,-0.010491242519974159,0.1574841840181807,-0.013470542432608062
