Training error,Training violation,Test error,Test violation
0.1207579619790547,0.07172923610627356,0.14556845402616547,0.06817286486327376
,,,
0.1207579619790547,0.07172923610627356,0.14556845402616547,0.06817286486327376
