Training error,Training violation,Test error,Test violation
0.1315334448878579,2.927345865710862e-18,0.15662254232135156,-0.0014201113977497658
,,,
0.1315334448878579,2.927345865710862e-18,0.15662254232135156,-0.0014201113977497658
