Training error,Training violation,Test error,Test violation
0.14321899610239078,-4.336808689942018e-19,0.1541441074419435,-0.0007045053861876675
,,,
0.14321899610239078,-4.336808689942018e-19,0.1541441074419435,-0.0007045053861876675
