Training error,Training violation,Test error,Test violation
0.14025982003009732,-0.007126306380501794,0.1571770775750875,-0.007550262071378431
,,,
0.14025982003009732,-0.007126306380501794,0.1571770775750875,-0.007550262071378431
