Training error,Training violation,Test error,Test violation
0.13132536991166988,-1.1926223897340549e-18,0.15579859355572848,0.0014199504249010962
,,,
0.13132536991166988,-1.1926223897340549e-18,0.15579859355572848,0.0014199504249010962
