Training error,Training violation,Test error,Test violation
0.12349129326494887,0.0697232633340761,0.14569129660340274,0.06779837515368495
,,,
0.12349129326494887,0.0697232633340761,0.14569129660340274,0.06779837515368495
