Training error,Training violation,Test error,Test violation
0.1279632452335177,7.589415207398531e-19,0.15604663425045617,0.0005837051629707286
,,,
0.1279632452335177,7.589415207398531e-19,0.15604663425045617,0.0005837051629707286
