Training error,Training violation,Test error,Test violation
0.14996468167439575,-0.0027185905222729123,0.1557029666482403,-0.0010628092329895145
,,,
0.14996468167439575,-0.0027185905222729123,0.1557029666482403,-0.0010628092329895145
