Training error,Training violation,Test error,Test violation
0.12229354135315254,0.06683490453949856,0.1440329218106996,0.06529759755410276
,,,
0.12229354135315254,0.06683490453949856,0.1440329218106996,0.06529759755410276
