Training error,Training violation,Test error,Test violation
0.1395841651054943,-0.001910762114924941,0.15686997113199436,0.002068130728268003
,,,
0.1395841651054943,-0.001910762114924941,0.15686997113199436,0.002068130728268003
