Training error,Training violation,Test error,Test violation
0.139576958823275,8.673617379884035e-19,0.15485970667184118,0.002689821377353294
,,,
0.139576958823275,8.673617379884035e-19,0.15485970667184118,0.002689821377353294
