Training error,Training violation,Test error,Test violation
0.1405792721892144,-1.0842021724855044e-19,0.15380800562558916,-0.0014858572506572056
,,,
0.1405792721892144,-1.0842021724855044e-19,0.15380800562558916,-0.0014858572506572056
