Training error,Training violation,Test error,Test violation
0.13229595916108,-0.004714757552465392,0.16030956329463789,-0.008985292099696089
,,,
0.13229595916108,-0.004714757552465392,0.16030956329463789,-0.008985292099696089
