Training error,Training violation,Test error,Test violation
0.12103436626639232,0.07909896325339312,0.14280449603832687,0.0785159583350881
,,,
0.12103436626639232,0.07909896325339312,0.14280449603832687,0.0785159583350881
