Training error,Training violation,Test error,Test violation
0.1385252313619207,1.6263032587282567e-19,0.1551728646179477,0.002711081533687397
,,,
0.1385252313619207,1.6263032587282567e-19,0.1551728646179477,0.002711081533687397
