Training error,Training violation,Test error,Test violation
0.13985723311514298,0.0025067910555431057,0.15388581291793615,0.013051306364841949
,,,
0.13985723311514298,0.0025067910555431057,0.15388581291793615,0.013051306364841949
