Training error,Training violation,Test error,Test violation
0.149074045637419,8.673617379884035e-19,0.1567982805869999,-0.0008512653343551325
,,,
0.149074045637419,8.673617379884035e-19,0.1567982805869999,-0.0008512653343551325
