Training error,Training violation,Test error,Test violation
0.13964558828045823,-0.0021889369619532695,0.1555187027823844,-0.0036974041852489703
,,,
0.13964558828045823,-0.0021889369619532695,0.1555187027823844,-0.0036974041852489703
