Training error,Training violation,Test error,Test violation
0.1505482018365529,-0.00508550414182865,0.15729992015232477,-0.0031748857834258118
,,,
0.1505482018365529,-0.00508550414182865,0.15729992015232477,-0.0031748857834258118
