Training error,Training violation,Test error,Test violation
0.12063511562912686,0.07420135950968056,0.14354155150175052,0.07119112126210925
,,,
0.12063511562912686,0.07420135950968056,0.14354155150175052,0.07119112126210925
