Training error,Training violation,Test error,Test violation
0.14007555050520556,-0.007071954483688022,0.15502733247343523,-0.0066129913068612685
,,,
0.14007555050520556,-0.007071954483688022,0.15502733247343523,-0.0066129913068612685
