Training error,Training violation,Test error,Test violation
0.12997315108616062,-0.0009323791142330229,0.1585283459246975,0.0005885190351498648
,,,
0.12997315108616062,-0.0009323791142330229,0.1585283459246975,0.0005885190351498648
