Training error,Training violation,Test error,Test violation
0.13875495224348147,-0.005982642903381713,0.15582580922547756,0.002943429340591497
,,,
0.13875495224348147,-0.005982642903381713,0.15582580922547756,0.002943429340591497
