Training error,Training violation,Test error,Test violation
0.13958416510549432,-0.003909451359459055,0.1560100730913335,-0.001684619507314689
,,,
0.13958416510549432,-0.003909451359459055,0.1560100730913335,-0.001684619507314689
