Training error,Training violation,Test error,Test violation
0.1386628174810356,-0.002173075058586632,0.1545359621644862,0.007771693489591308
,,,
0.1386628174810356,-0.002173075058586632,0.1545359621644862,0.007771693489591308
