Training error,Training violation,Test error,Test violation
0.12124934737876601,0.06971777282875113,0.14495424113997912,0.06592904460070871
,,,
0.12124934737876601,0.06971777282875113,0.14495424113997912,0.06592904460070871
