Training error,Training violation,Test error,Test violation
0.14079208514625807,0.0,0.15760819912310697,0.0015130903290531223
,,,
0.14079208514625807,0.0,0.15760819912310697,0.0015130903290531223
