Training error,Training violation,Test error,Test violation
0.12438192930192561,0.07038552445949268,0.14292733861556414,0.06998578496544573
,,,
0.12438192930192561,0.07038552445949268,0.14292733861556414,0.06998578496544573
