Training error,Training violation,Test error,Test violation
0.12508829581401062,0.07088173486601274,0.1461212456237332,0.06979535901830904
,,,
0.12508829581401062,0.07088173486601274,0.1461212456237332,0.06979535901830904
