Training error,Training violation,Test error,Test violation
0.15463949909360603,-1.734723475976807e-18,0.1594190712859866,-0.0026693896579292062
,,,
0.15463949909360603,-1.734723475976807e-18,0.1594190712859866,-0.0026693896579292062
