Training error,Training violation,Test error,Test violation
0.14996468167439575,-0.006113253972929916,0.15742276272956207,-0.004754456417006975
,,,
0.14996468167439575,-0.006113253972929916,0.15742276272956207,-0.004754456417006975
