Training error,Training violation,Test error,Test violation
0.11943736371733055,0.07386088373965892,0.14642835206682636,0.07232616764096057
,,,
0.11943736371733055,0.07386088373965892,0.14642835206682636,0.07232616764096057
