Training error,Training violation,Test error,Test violation
0.13951285636129576,1.7889335846010823e-18,0.15385072680768727,0.0030514447868968068
,,,
0.13951285636129576,1.7889335846010823e-18,0.15385072680768727,0.0030514447868968068
