Training error,Training violation,Test error,Test violation
0.12146432849113971,0.06533163121205265,0.14397150052208096,0.06950358260028149
,,,
0.12146432849113971,0.06533163121205265,0.14397150052208096,0.06950358260028149
