Training error,Training violation,Test error,Test violation
0.13820214366880623,-0.0009621928097413024,0.15441311958724893,0.005027354114504307
,,,
0.13820214366880623,-0.0009621928097413024,0.15441311958724893,0.005027354114504307
