Training error,Training violation,Test error,Test violation
0.14096618654218232,3.1004703366560386e-05,0.15521159633929113,-0.000276616738670965
,,,
0.14096618654218232,3.1004703366560386e-05,0.15521159633929113,-0.000276616738670965
