Training error,Training violation,Test error,Test violation
0.14184761794285178,4.472333961502706e-19,0.15420429007286418,0.000971463516554103
,,,
0.14184761794285178,4.472333961502706e-19,0.15420429007286418,0.000971463516554103
