Training error,Training violation,Test error,Test violation
0.13481763946122152,-0.005479820898262574,0.15852834592469758,-0.004635284840971034
,,,
0.13481763946122152,-0.005479820898262574,0.15852834592469758,-0.004635284840971034
