Training error,Training violation,Test error,Test violation
0.14065907066736266,-0.004211437136033582,0.15686997113199422,-0.010147190353780691
,,,
0.14065907066736266,-0.004211437136033582,0.15686997113199422,-0.010147190353780691
