Training error,Training violation,Test error,Test violation
0.15336312334494417,0.0,0.15713070521891911,-0.0008205829067447958
,,,
0.15336312334494417,0.0,0.15713070521891911,-0.0008205829067447958
