Training error,Training violation,Test error,Test violation
0.1405522423456168,1.6263032587282567e-19,0.15608158367364686,0.009443658099436862
,,,
0.1405522423456168,1.6263032587282567e-19,0.15608158367364686,0.009443658099436862
