Training error,Training violation,Test error,Test violation
0.1466785418138264,-0.0030549620996456204,0.15416743443277442,-0.0006721603199644489
,,,
0.1466785418138264,-0.0030549620996456204,0.15416743443277442,-0.0006721603199644489
