Training error,Training violation,Test error,Test violation
0.14101023126174164,0.0,0.1561703806858579,-0.0032409746722888216
,,,
0.14101023126174164,0.0,0.1561703806858579,-0.0032409746722888216
