Training error,Training violation,Test error,Test violation
0.14096044536048516,0.0,0.15269003011282153,0.01081193234043288
,,,
0.14096044536048516,0.0,0.15269003011282153,0.01081193234043288
