Training error,Training violation,Test error,Test violation
0.14472981477462843,0.0017009098490989025,0.15255977745296595,0.011746339301617547
,,,
0.14472981477462843,0.0017009098490989025,0.15255977745296595,0.011746339301617547
