Training error,Training violation,Test error,Test violation
0.14322723908216145,0.0033773901550873536,0.15515017505067258,0.004033981829607746
,,,
0.14322723908216145,0.0033773901550873536,0.15515017505067258,0.004033981829607746
