Training error,Training violation,Test error,Test violation
0.1304669212763336,-0.0018821321903219335,0.1557029666482403,-0.003895122622827013
,,,
0.1304669212763336,-0.0018821321903219335,0.1557029666482403,-0.003895122622827013
