Training error,Training violation,Test error,Test violation
0.1289454600705505,1.4365678785432934e-18,0.1562524084888347,0.0074799104885612195
,,,
0.1289454600705505,1.4365678785432934e-18,0.1562524084888347,0.0074799104885612195
