Training error,Training violation,Test error,Test violation
0.13814072049384235,-0.0017893196109293745,0.15576438793685896,0.013348014634556513
,,,
0.13814072049384235,-0.0017893196109293745,0.15576438793685896,0.013348014634556513
