Training error,Training violation,Test error,Test violation
0.1382942784312521,-0.0018517333688691795,0.1558872305140962,0.00465955824439937
,,,
0.1382942784312521,-0.0018517333688691795,0.1558872305140962,0.00465955824439937
