Training error,Training violation,Test error,Test violation
0.13930776081815668,-0.004796329924522003,0.15680854984337572,0.00502552052574734
,,,
0.13930776081815668,-0.004796329924522003,0.15680854984337572,0.00502552052574734
