Training error,Training violation,Test error,Test violation
0.13449341160687328,-2.168404344971009e-19,0.15843461620792362,-0.004585961279463561
,,,
0.13449341160687328,-2.168404344971009e-19,0.15843461620792362,-0.004585961279463561
