Training error,Training violation,Test error,Test violation
0.1377230778378382,0.0014453495026182372,0.15350540916085703,0.00894312566252379
,,,
0.1377230778378382,0.0014453495026182372,0.15350540916085703,0.00894312566252379
