Training error,Training violation,Test error,Test violation
0.14802094228555446,1.3010426069826053e-17,0.1541759151555314,-0.0015975230258678853
,,,
0.14802094228555446,1.3010426069826053e-17,0.1541759151555314,-0.0015975230258678853
