Training error,Training violation,Test error,Test violation
0.13305932151401756,-0.002801694683613521,0.1577912904612739,0.003926169958489657
,,,
0.13305932151401756,-0.002801694683613521,0.1577912904612739,0.003926169958489657
