Training error,Training violation,Test error,Test violation
0.12928353690701397,-1.4984336433337488e-18,0.15853013622160722,-0.006591960427565204
,,,
0.12928353690701397,-1.4984336433337488e-18,0.15853013622160722,-0.006591960427565204
