Training error,Training violation,Test error,Test violation
0.14059764749239892,-0.007533335423732414,0.15570296664824032,-0.0012423862292605117
,,,
0.14059764749239892,-0.007533335423732414,0.15570296664824032,-0.0012423862292605117
