Training error,Training violation,Test error,Test violation
0.1389392217683732,-0.007069125972427981,0.15791413303851115,0.0046250899235601994
,,,
0.1389392217683732,-0.007069125972427981,0.15791413303851115,0.0046250899235601994
