Training error,Training violation,Test error,Test violation
0.14827554436288812,-0.0038726807130782803,0.1572999201523248,-0.005178239514949251
,,,
0.14827554436288812,-0.0038726807130782803,0.1572999201523248,-0.005178239514949251
