Training error,Training violation,Test error,Test violation
0.13955345351801232,-0.002727076056053129,0.15490448989619798,-0.005284457883941772
,,,
0.13955345351801232,-0.002727076056053129,0.15490448989619798,-0.005284457883941772
