Training error,Training violation,Test error,Test violation
0.13995270415527777,-0.006547070614533523,0.15705423499785026,-0.002374371528600372
,,,
0.13995270415527777,-0.006547070614533523,0.15705423499785026,-0.002374371528600372
