Training error,Training violation,Test error,Test violation
0.12303061945271951,0.07145093226832966,0.14434002825379277,0.0694311617083847
,,,
0.12303061945271951,0.07145093226832966,0.14434002825379277,0.0694311617083847
