Training error,Training violation,Test error,Test violation
0.13932013750332928,7.860465750519907e-19,0.15270619207679131,0.011541399284489271
,,,
0.13932013750332928,7.860465750519907e-19,0.15270619207679131,0.011541399284489271
