Training error,Training violation,Test error,Test violation
0.14748907203940567,8.944667923005412e-19,0.15373482402002547,0.00019147025596353052
,,,
0.14748907203940567,8.944667923005412e-19,0.15373482402002547,0.00019147025596353052
