Training error,Training violation,Test error,Test violation
0.1394306071680845,-0.005550600924488085,0.15607149437995207,-0.004936831490163467
,,,
0.1394306071680845,-0.005550600924488085,0.15607149437995207,-0.004936831490163467
