Training error,Training violation,Test error,Test violation
0.12149504007862166,0.07213210564121167,0.14329586634727598,0.06850067250605664
,,,
0.12149504007862166,0.07213210564121167,0.14329586634727598,0.06850067250605664
