Training error,Training violation,Test error,Test violation
0.13989128098031386,-0.00470720387687612,0.15582580922547756,-0.0011950827871225755
,,,
0.13989128098031386,-0.00470720387687612,0.15582580922547756,-0.0011950827871225755
