Training error,Training violation,Test error,Test violation
0.12493473787660084,0.07041991026029089,0.14470855598550458,0.06771218140510767
,,,
0.12493473787660084,0.07041991026029089,0.14470855598550458,0.06771218140510767
