Training error,Training violation,Test error,Test violation
0.14029053161757934,-0.006571418051680324,0.15766844788403664,-0.009500007257025518
,,,
0.14029053161757934,-0.006571418051680324,0.15766844788403664,-0.009500007257025518
