Training error,Training violation,Test error,Test violation
0.14764028884888367,1.0842021724855044e-19,0.1571931564912476,-0.0012623396488663189
,,,
0.14764028884888367,1.0842021724855044e-19,0.1571931564912476,-0.0012623396488663189
