Training error,Training violation,Test error,Test violation
0.12192500230336906,0.07325208717970116,0.14470855598550458,0.07026241234337445
,,,
0.12192500230336906,0.07325208717970116,0.14470855598550458,0.07026241234337445
