Training error,Training violation,Test error,Test violation
0.1408547929566558,3.469446951953614e-18,0.15625730996055162,0.002957131846077858
,,,
0.1408547929566558,3.469446951953614e-18,0.15625730996055162,0.002957131846077858
