Training error,Training violation,Test error,Test violation
0.14010626209268756,-0.004119926242805133,0.156931392420613,-0.0058212980462717945
,,,
0.14010626209268756,-0.004119926242805133,0.156931392420613,-0.0058212980462717945
