Training error,Training violation,Test error,Test violation
0.13512016953339256,5.204170427930421e-18,0.15706796914786186,0.011945079952408677
,,,
0.13512016953339256,5.204170427930421e-18,0.15706796914786186,0.011945079952408677
