Training error,Training violation,Test error,Test violation
0.13906206811830102,-0.0015475292639072211,0.155580124071003,-0.001289689671398475
,,,
0.13906206811830102,-0.0015475292639072211,0.155580124071003,-0.001289689671398475
