Training error,Training violation,Test error,Test violation
0.14751631577101895,-1.0842021724855044e-19,0.15506076436165067,0.005517283246225524
,,,
0.14751631577101895,-1.0842021724855044e-19,0.15506076436165067,0.005517283246225524
