Training error,Training violation,Test error,Test violation
0.14164780694882234,2.6020852139652106e-18,0.15567335956282893,-0.005042335234695651
,,,
0.14164780694882234,2.6020852139652106e-18,0.15567335956282893,-0.005042335234695651
