Training error,Training violation,Test error,Test violation
0.14400096981242422,3.599551212651875e-17,0.1557725948125258,-0.0035628976601418338
,,,
0.14400096981242422,3.599551212651875e-17,0.1557725948125258,-0.0035628976601418338
