Training error,Training violation,Test error,Test violation
0.1467399649887904,-0.0007273704892483974,0.15453596216448634,-0.0005327506502685602
,,,
0.1467399649887904,-0.0007273704892483974,0.15453596216448634,-0.0005327506502685602
