Training error,Training violation,Test error,Test violation
0.14788288213546985,-4.336808689942018e-19,0.15405013268134554,-0.00040654150673524584
,,,
0.14788288213546985,-4.336808689942018e-19,0.15405013268134554,-0.00040654150673524584
