Training error,Training violation,Test error,Test violation
0.14036874229888607,0.0,0.15397567302688156,0.008731975313149478
,,,
0.14036874229888607,0.0,0.15397567302688156,0.008731975313149478
