Training error,Training violation,Test error,Test violation
0.14157718106678718,1.734723475976807e-18,0.15595711213858246,-0.00019709301514459453
,,,
0.14157718106678718,1.734723475976807e-18,0.15595711213858246,-0.00019709301514459453
