Training error,Training violation,Test error,Test violation
0.13918491446822887,-0.0025305218961685916,0.15656286468890118,0.004381238357842626
,,,
0.13918491446822887,-0.0025305218961685916,0.15656286468890118,0.004381238357842626
