Training error,Training violation,Test error,Test violation
0.14011482887197277,3.2526065174565133e-19,0.15893195179909977,0.01081836630845385
,,,
0.14011482887197277,3.2526065174565133e-19,0.15893195179909977,0.01081836630845385
