Training error,Training violation,Test error,Test violation
0.14156637289406662,1.3010426069826053e-18,0.15528636401244772,0.005951498050669588
,,,
0.14156637289406662,1.3010426069826053e-18,0.15528636401244772,0.005951498050669588
