Training error,Training violation,Test error,Test violation
0.1295016814429838,-0.0011648986469984524,0.15723849886370617,0.001236182461948121
,,,
0.1295016814429838,-0.0011648986469984524,0.15723849886370617,0.001236182461948121
