Training error,Training violation,Test error,Test violation
0.1263595258462666,-0.0009925736698626617,0.15601007309133344,0.007647749185203915
,,,
0.1263595258462666,-0.0009925736698626617,0.15601007309133344,0.007647749185203915
