Training error,Training violation,Test error,Test violation
0.12416694818955192,0.07831618530798774,0.14360297279036915,0.07540890449608252
,,,
0.12416694818955192,0.07831618530798774,0.14360297279036915,0.07540890449608252
