Training error,Training violation,Test error,Test violation
0.12965590318146433,8.673617379884035e-19,0.1601082328341266,0.00934841512985164
,,,
0.12965590318146433,8.673617379884035e-19,0.1601082328341266,0.00934841512985164
