Training error,Training violation,Test error,Test violation
0.13792573938146863,-0.0002217997926161619,0.15496591118481665,0.0062411111768212735
,,,
0.13792573938146863,-0.0002217997926161619,0.15496591118481665,0.0062411111768212735
