Training error,Training violation,Test error,Test violation
0.12180215595344124,0.06661749695224348,0.1440329218106996,0.07063006713335043
,,,
0.12180215595344124,0.06661749695224348,0.1440329218106996,0.07063006713335043
