Training error,Training violation,Test error,Test violation
0.14010838521435498,-4.336808689942018e-19,0.15607792363331294,-0.002566637934318732
,,,
0.14010838521435498,-4.336808689942018e-19,0.15607792363331294,-0.002566637934318732
