Training error,Training violation,Test error,Test violation
0.12407481342710605,0.07340083379664698,0.1418217554204287,0.06978720123786161
,,,
0.12407481342710605,0.07340083379664698,0.1418217554204287,0.06978720123786161
