Training error,Training violation,Test error,Test violation
0.14029053161757934,-0.00251965151680586,0.15478164731896077,0.002457559797913345
,,,
0.14029053161757934,-0.00251965151680586,0.15478164731896077,0.002457559797913345
