Training error,Training violation,Test error,Test violation
0.1349103677693587,-0.003142722267283681,0.15650144340028252,0.0013985481833089783
,,,
0.1349103677693587,-0.003142722267283681,0.15650144340028252,0.0013985481833089783
