Training error,Training violation,Test error,Test violation
0.14001412733024174,-0.004334727151638879,0.15613291566857077,-0.003147728901620129
,,,
0.14001412733024174,-0.004334727151638879,0.15613291566857077,-0.003147728901620129
