Training error,Training violation,Test error,Test violation
0.1225392340530082,0.06941883739627544,0.14446287083103004,0.06919347797689901
,,,
0.1225392340530082,0.06941883739627544,0.14446287083103004,0.06919347797689901
