Training error,Training violation,Test error,Test violation
0.14238253407811913,0.0,0.15625521304154377,-0.005982841685575566
,,,
0.14238253407811913,0.0,0.15625521304154377,-0.005982841685575566
