Training error,Training violation,Test error,Test violation
0.1401676852676515,-0.009580848533475794,0.1595725078312143,-0.01128284283063452
,,,
0.1401676852676515,-0.009580848533475794,0.1595725078312143,-0.01128284283063452
