Training error,Training violation,Test error,Test violation
0.14290101655354565,-0.00013099713852460226,0.15386032798968122,-0.0021624304502479708
,,,
0.14290101655354565,-0.00013099713852460226,0.15386032798968122,-0.0021624304502479708
