Training error,Training violation,Test error,Test violation
0.14117651336601472,3.469446951953614e-18,0.15552647607354705,-0.002254741504637536
,,,
0.14117651336601472,3.469446951953614e-18,0.15552647607354705,-0.002254741504637536
