Training error,Training violation,Test error,Test violation
0.14180326461901147,0.0037232887876196305,0.15548528118465227,0.004192730381583306
,,,
0.14180326461901147,0.0037232887876196305,0.15548528118465227,0.004192730381583306
