Training error,Training violation,Test error,Test violation
0.12422837136451584,0.07014243843805833,0.14311160248142005,0.06668504206712447
,,,
0.12422837136451584,0.07014243843805833,0.14311160248142005,0.06668504206712447
