Training error,Training violation,Test error,Test violation
0.13906206811830105,-0.0017879157649971222,0.15619433695718937,0.00181877839627953
,,,
0.13906206811830105,-0.0017879157649971222,0.15619433695718937,0.00181877839627953
