Training error,Training violation,Test error,Test violation
0.155180250351662,0.0,0.15983648857458235,-0.0020350444532883233
,,,
0.155180250351662,0.0,0.15983648857458235,-0.0020350444532883233
