Training error,Training violation,Test error,Test violation
0.13909277970578304,-0.0027688382264377544,0.15379890670106264,-0.005285487135231223
,,,
0.13909277970578304,-0.0027688382264377544,0.15379890670106264,-0.005285487135231223
