Training error,Training violation,Test error,Test violation
0.12813749318360468,2.168404344971009e-19,0.15846091381386967,-0.0025237485486738175
,,,
0.12813749318360468,2.168404344971009e-19,0.15846091381386967,-0.0025237485486738175
