Training error,Training violation,Test error,Test violation
0.14032124320506129,-0.001528838849280512,0.15422885572139305,-0.003341719191725768
,,,
0.14032124320506129,-0.001528838849280512,0.15422885572139305,-0.003341719191725768
