Training error,Training violation,Test error,Test violation
0.15153097263597556,-0.012953993058245988,0.16159941035562927,-0.015062124727228454
,,,
0.15153097263597556,-0.012953993058245988,0.16159941035562927,-0.015062124727228454
