Training error,Training violation,Test error,Test violation
0.1506403365989988,-0.0076765915353533,0.1588968736564093,-0.008586485406223643
,,,
0.1506403365989988,-0.0076765915353533,0.1588968736564093,-0.008586485406223643
