Training error,Training violation,Test error,Test violation
0.14177229767973748,-6.505213034913027e-19,0.15417277199282597,0.005572403204609305
,,,
0.14177229767973748,-6.505213034913027e-19,0.15417277199282597,0.005572403204609305
