Training error,Training violation,Test error,Test violation
0.1222597482345717,-0.0031684749515852317,0.15920398009950248,0.012798339350927668
,,,
0.1222597482345717,-0.0031684749515852317,0.15920398009950248,0.012798339350927668
