Training error,Training violation,Test error,Test violation
0.13942255104873338,2.6020852139652106e-18,0.1530282535902207,-0.0004109055502330643
,,,
0.13942255104873338,2.6020852139652106e-18,0.1530282535902207,-0.0004109055502330643
