Training error,Training violation,Test error,Test violation
0.1407510882171711,1.3010426069826053e-17,0.15407477793921867,0.0011677890043972896
,,,
0.1407510882171711,1.3010426069826053e-17,0.15407477793921867,0.0011677890043972896
