Training error,Training violation,Test error,Test violation
0.13120784794604534,-0.0021886990118191447,0.16055524844911243,0.018924335779521722
,,,
0.13120784794604534,-0.0021886990118191447,0.16055524844911243,0.018924335779521722
