Training error,Training violation,Test error,Test violation
0.15067104818648075,-0.008482385920873053,0.15754560530679934,-0.009939793200945457
,,,
0.15067104818648075,-0.008482385920873053,0.15754560530679934,-0.009939793200945457
