Training error,Training violation,Test error,Test violation
0.1284002178674538,-3.2959746043559335e-17,0.1586773028291683,0.007153498096145003
,,,
0.1284002178674538,-3.2959746043559335e-17,0.1586773028291683,0.007153498096145003
