Training error,Training violation,Test error,Test violation
0.13824621267273798,0.006804307534118706,0.15282747665349367,0.016132600078797417
,,,
0.13824621267273798,0.006804307534118706,0.15282747665349367,0.016132600078797417
