Training error,Training violation,Test error,Test violation
0.13958416510549432,-0.0073446012991118265,0.15625575824580804,0.00532217629987375
,,,
0.13958416510549432,-0.0073446012991118265,0.15625575824580804,0.00532217629987375
