Training error,Training violation,Test error,Test violation
0.14721383279685918,-1.0842021724855044e-19,0.1554908245969352,-0.00104354115202062
,,,
0.14721383279685918,-1.0842021724855044e-19,0.1554908245969352,-0.00104354115202062
