Training error,Training violation,Test error,Test violation
0.12551825803875802,0.06317829813558537,0.14796388428229224,0.05921636972855698
,,,
0.12551825803875802,0.06317829813558537,0.14796388428229224,0.05921636972855698
