Training error,Training violation,Test error,Test violation
0.1286638983878847,-0.0030157024499632137,0.16233646581905287,-0.011682274710061445
,,,
0.1286638983878847,-0.0030157024499632137,0.16233646581905287,-0.011682274710061445
