Training error,Training violation,Test error,Test violation
0.14186172410789466,1.734723475976807e-18,0.1564224129817691,-0.007420160031683703
,,,
0.14186172410789466,1.734723475976807e-18,0.1564224129817691,-0.007420160031683703
