Training error,Training violation,Test error,Test violation
0.14806056325051445,-0.0030505807585143882,0.15625575824580804,-0.005658345288730522
,,,
0.14806056325051445,-0.0030505807585143882,0.15625575824580804,-0.005658345288730522
