Training error,Training violation,Test error,Test violation
0.14472435327588007,0.0,0.15447790594439145,0.0008131920994838468
,,,
0.14472435327588007,0.0,0.15447790594439145,0.0008131920994838468
