Training error,Training violation,Test error,Test violation
0.13927704923067474,-0.0015820815819005685,0.1547202260303421,0.009662737317438413
,,,
0.13927704923067474,-0.0015820815819005685,0.1547202260303421,0.009662737317438413
