Training error,Training violation,Test error,Test violation
0.1422285238612123,-1.5178830414797062e-18,0.15459976137773646,0.011453151438301985
,,,
0.1422285238612123,-1.5178830414797062e-18,0.15459976137773646,0.011453151438301985
