Training error,Training violation,Test error,Test violation
0.1397377230429041,-0.004798001316626583,0.15570296664824032,0.009739008314144594
,,,
0.1397377230429041,-0.004798001316626583,0.15570296664824032,0.009739008314144594
