Training error,Training violation,Test error,Test violation
0.1406590706673628,-0.008953583391730052,0.1611694613352988,-0.018370621358082123
,,,
0.1406590706673628,-0.008953583391730052,0.1611694613352988,-0.018370621358082123
