Training error,Training violation,Test error,Test violation
0.1495352776239426,6.396792817664476e-18,0.15533471799510462,0.0009922824242346387
,,,
0.1495352776239426,6.396792817664476e-18,0.15533471799510462,0.0009922824242346387
