Training error,Training violation,Test error,Test violation
0.14038266638002522,-0.007722069548352974,0.15680854984337575,-0.009919841086875854
,,,
0.14038266638002522,-0.007722069548352974,0.15680854984337575,-0.009919841086875854
