Training error,Training violation,Test error,Test violation
0.1381258059946571,-2.710505431213761e-19,0.1577963080976085,0.010489508074081477
,,,
0.1381258059946571,-2.710505431213761e-19,0.1577963080976085,0.010489508074081477
