Training error,Training violation,Test error,Test violation
0.12352200485243083,0.07458426294860306,0.14169891284319144,0.07329764372369094
,,,
0.12352200485243083,0.07458426294860306,0.14169891284319144,0.07329764372369094
