Training error,Training violation,Test error,Test violation
0.13392691522908548,-0.0030044123792903046,0.15828266077022293,0.00319094808382303
,,,
0.13392691522908548,-0.0030044123792903046,0.15828266077022293,0.00319094808382303
