Training error,Training violation,Test error,Test violation
0.13983840894965818,0.0074420610683952615,0.1524476383514526,0.008195347026371744
,,,
0.13983840894965818,0.0074420610683952615,0.1524476383514526,0.008195347026371744
