Training error,Training violation,Test error,Test violation
0.12195571389085101,0.07315663861101897,0.14624408820097046,0.07210417806019767
,,,
0.12195571389085101,0.07315663861101897,0.14624408820097046,0.07210417806019767
