Training error,Training violation,Test error,Test violation
0.14105357780258773,1.734723475976807e-18,0.15616539213076175,0.007463682455252324
,,,
0.14105357780258773,1.734723475976807e-18,0.15616539213076175,0.007463682455252324
