Training error,Training violation,Test error,Test violation
0.14913546881238288,-0.0011580814711096286,0.15619433695718934,-0.0021405608004985417
,,,
0.14913546881238288,-0.0011580814711096286,0.15619433695718934,-0.0021405608004985417
