Training error,Training violation,Test error,Test violation
0.13195934103494067,2.247449324911136e-19,0.15593748912151467,0.0042247674142537155
,,,
0.13195934103494067,2.247449324911136e-19,0.15593748912151467,0.0042247674142537155
