Training error,Training violation,Test error,Test violation
0.1505789134240349,-0.0020247721073182456,0.1557029666482403,-0.0021092145291293496
,,,
0.1505789134240349,-0.0020247721073182456,0.1557029666482403,-0.0021092145291293496
