Training error,Training violation,Test error,Test violation
0.14779087541176372,1.6361511811259257e-18,0.15488906638116665,-0.00031857233987390396
,,,
0.14779087541176372,1.6361511811259257e-18,0.15488906638116665,-0.00031857233987390396
