Training error,Training violation,Test error,Test violation
0.14802985166303245,-0.0018679836222696977,0.15601007309133347,-0.002312132519608323
,,,
0.14802985166303245,-0.0018679836222696977,0.15601007309133347,-0.002312132519608323
