Training error,Training violation,Test error,Test violation
0.1407819170172906,-0.006680121845307861,0.1569928137092316,0.0029126281972662866
,,,
0.1407819170172906,-0.006680121845307861,0.1569928137092316,0.0029126281972662866
