Training error,Training violation,Test error,Test violation
0.14215653346829182,3.469446951953614e-18,0.15605652219609667,0.013874450746555758
,,,
0.14215653346829182,3.469446951953614e-18,0.15605652219609667,0.013874450746555758
