Training error,Training violation,Test error,Test violation
0.15182250451423862,-2.6020852139652106e-18,0.15714040976594645,0.0010177019879865903
,,,
0.15182250451423862,-2.6020852139652106e-18,0.15714040976594645,0.0010177019879865903
