Training error,Training violation,Test error,Test violation
0.15758115536992107,-0.006075984345228033,0.16227504453043426,-0.010612871271210272
,,,
0.15758115536992107,-0.006075984345228033,0.16227504453043426,-0.010612871271210272
