Training error,Training violation,Test error,Test violation
0.14667854181382636,-0.0019465164390351508,0.15429027701001166,-0.001791047495379533
,,,
0.14667854181382636,-0.0019465164390351508,0.15429027701001166,-0.001791047495379533
