Training error,Training violation,Test error,Test violation
0.1404854338559839,2.439454888092385e-19,0.15358256563416883,0.012109736962157787
,,,
0.1404854338559839,2.439454888092385e-19,0.15358256563416883,0.012109736962157787
