Training error,Training violation,Test error,Test violation
0.1409625696492229,8.673617379884035e-19,0.15664841922700518,-0.0003125355023991961
,,,
0.1409625696492229,8.673617379884035e-19,0.15664841922700518,-0.0003125355023991961
