Training error,Training violation,Test error,Test violation
0.1423487470841692,0.0,0.1544599857430038,0.007651529583759899
,,,
0.1423487470841692,0.0,0.1544599857430038,0.007651529583759899
