Training error,Training violation,Test error,Test violation
0.12536470010134823,0.06952909401977418,0.14501566242859776,0.06797300028751144
,,,
0.12536470010134823,0.06952909401977418,0.14501566242859776,0.06797300028751144
