Training error,Training violation,Test error,Test violation
0.12797365109023656,-5.421010862427522e-20,0.15727916611024537,-0.002225075836846998
,,,
0.12797365109023656,-5.421010862427522e-20,0.15727916611024537,-0.002225075836846998
