Training error,Training violation,Test error,Test violation
0.1194680753048125,0.07378218440569832,0.14532276887169093,0.07176021884393333
,,,
0.1194680753048125,0.07378218440569832,0.14532276887169093,0.07176021884393333
