Training error,Training violation,Test error,Test violation
0.13893922176837323,-0.0027433816250972414,0.15508875376205394,0.006790786460450117
,,,
0.13893922176837323,-0.0027433816250972414,0.15508875376205394,0.006790786460450117
