Training error,Training violation,Test error,Test violation
0.1389085101808912,-0.0008891504983008498,0.15607149437995205,0.010052166387083722
,,,
0.1389085101808912,-0.0008891504983008498,0.15607149437995205,0.010052166387083722
