Training error,Training violation,Test error,Test violation
0.13110824267010876,-0.0008126462613586014,0.15766844788403658,-0.0043655230069942754
,,,
0.13110824267010876,-0.0008126462613586014,0.15766844788403658,-0.0043655230069942754
