Training error,Training violation,Test error,Test violation
0.1430707521362731,1.8973538018496328e-19,0.15391677453009522,0.015906106270043532
,,,
0.1430707521362731,1.8973538018496328e-19,0.15391677453009522,0.015906106270043532
