Training error,Training violation,Test error,Test violation
0.14026907016643697,3.686287386450715e-18,0.1568414473322195,0.005168221495186756
,,,
0.14026907016643697,3.686287386450715e-18,0.1568414473322195,0.005168221495186756
