Training error,Training violation,Test error,Test violation
0.12155646325358557,0.07057775259388951,0.14538419016030957,0.07096975309151836
,,,
0.12155646325358557,0.07057775259388951,0.14538419016030957,0.07096975309151836
