Training error,Training violation,Test error,Test violation
0.14252412909255802,0.0006977920413417936,0.153886643015802,0.011521667187497022
,,,
0.14252412909255802,0.0006977920413417936,0.153886643015802,0.011521667187497022
