Training error,Training violation,Test error,Test violation
0.13457816113700455,0.001263086013054721,0.1565751655983418,0.006806882896369928
,,,
0.13457816113700455,0.001263086013054721,0.1565751655983418,0.006806882896369928
