Training error,Training violation,Test error,Test violation
0.14326955560332913,-0.0038720705302056624,0.1545359621644862,-0.0033183743433453927
,,,
0.14326955560332913,-0.0038720705302056624,0.1545359621644862,-0.0033183743433453927
