Training error,Training violation,Test error,Test violation
0.11937594054236664,0.07458165627018175,0.14446287083103004,0.07285704200172627
,,,
0.11937594054236664,0.07458165627018175,0.14446287083103004,0.07285704200172627
