Training error,Training violation,Test error,Test violation
0.12293848469027364,0.06805122197802518,0.14427860696517414,0.07014603117942922
,,,
0.12293848469027364,0.06805122197802518,0.14427860696517414,0.07014603117942922
