Training error,Training violation,Test error,Test violation
0.18146766169154233,-1.4214106559089373e-18,0.19049242424242427,0.025157942238267193
,,,
0.18146766169154233,-1.4214106559089373e-18,0.19049242424242427,0.025157942238267193
