Training error,Training violation,Test error,Test violation
0.18308457711442785,-0.017956903431763815,0.1991919191919192,0.037701974865350096
,,,
0.18308457711442785,-0.017956903431763815,0.1991919191919192,0.037701974865350096
