Training error,Training violation,Test error,Test violation
0.18393034825870655,-0.04808853118712277,0.20737373737373746,0.011737089201877942
,,,
0.18393034825870655,-0.04808853118712277,0.20737373737373746,0.011737089201877942
