Training error,Training violation,Test error,Test violation
0.17203763010408324,-0.0018148820326678858,0.2047474747474747,0.008920187793427235
,,,
0.17203763010408324,-0.0018148820326678858,0.2047474747474747,0.008920187793427235
