Training error,Training violation,Test error,Test violation
0.17765305127025935,-1.7425043592996933e-18,0.19330772713125655,0.03473244968090329
,,,
0.17765305127025935,-1.7425043592996933e-18,0.19330772713125655,0.03473244968090329
