Training error,Training violation,Test error,Test violation
0.17243781094527363,0.14649681528662423,0.1804040404040404,0.1730615507593925
,,,
0.17243781094527363,0.14649681528662423,0.1804040404040404,0.1730615507593925
