Training error,Training violation,Test error,Test violation
0.18736318407960198,-0.02352941176470591,0.19686868686868686,0.0037098103874690924
,,,
0.18736318407960198,-0.02352941176470591,0.19686868686868686,0.0037098103874690924
