Training error,Training violation,Test error,Test violation
0.17880597014925373,-0.005041648399824683,0.1921212121212121,0.04255319148936171
,,,
0.17880597014925373,-0.005041648399824683,0.1921212121212121,0.04255319148936171
