Training error,Training violation,Test error,Test violation
0.1811073164510323,-7.862831373083503e-19,0.19803174603174603,0.030331944631097948
,,,
0.1811073164510323,-7.862831373083503e-19,0.19803174603174603,0.030331944631097948
