Training error,Training violation,Test error,Test violation
0.19034825870646757,-0.05110220440881761,0.20878787878787872,-0.013826940231935751
,,,
0.19034825870646757,-0.05110220440881761,0.20878787878787872,-0.013826940231935751
