Training error,Training violation,Test error,Test violation
0.17981944444444478,-4.289594790735687e-17,0.19623400673400712,0.06930379746835455
,,,
0.17981944444444478,-4.289594790735687e-17,0.19623400673400712,0.06930379746835455
