Training error,Training violation,Test error,Test violation
0.18766169154228857,-0.023027633159791727,0.2007070707070707,0.019747235387045814
,,,
0.18766169154228857,-0.023027633159791727,0.2007070707070707,0.019747235387045814
