Training error,Training violation,Test error,Test violation
0.17940298507462688,3.4737039420787325e-17,0.18818181818181814,0.04086317722681363
,,,
0.17940298507462688,3.4737039420787325e-17,0.18818181818181814,0.04086317722681363
