Training error,Training violation,Test error,Test violation
0.18101024290313145,7.853960275299584e-19,0.19206654783125374,0.021807615012764087
,,,
0.18101024290313145,7.853960275299584e-19,0.19206654783125374,0.021807615012764087
