Training error,Training violation,Test error,Test violation
0.1791003316749586,-8.842562248099648e-18,0.1918686868686869,0.03977663230240547
,,,
0.1791003316749586,-8.842562248099648e-18,0.1918686868686869,0.03977663230240547
