Training error,Training violation,Test error,Test violation
0.17984024681785876,2.461802948627369e-18,0.19362816476452843,0.0617946132445665
,,,
0.17984024681785876,2.461802948627369e-18,0.19362816476452843,0.0617946132445665
