Training error,Training violation,Test error,Test violation
0.19502487562189055,-0.06949458483754511,0.21404040404040403,-0.018401682439537326
,,,
0.19502487562189055,-0.06949458483754511,0.21404040404040403,-0.018401682439537326
