Training error,Training violation,Test error,Test violation
0.17581761006289306,3.0943576596631756e-18,0.19638555364970453,0.04875374225440362
,,,
0.17581761006289306,3.0943576596631756e-18,0.19638555364970453,0.04875374225440362
