Training error,Training violation,Test error,Test violation
0.17982587064676617,2.0768701980781023e-18,0.19085497835497836,0.03455257567711104
,,,
0.17982587064676617,2.0768701980781023e-18,0.19085497835497836,0.03455257567711104
