Training error,Training violation,Test error,Test violation
0.19124378109452742,-0.055613850996852024,0.20838383838383845,-0.023267838676318545
,,,
0.19124378109452742,-0.055613850996852024,0.20838383838383845,-0.023267838676318545
