Training error,Training violation,Test error,Test violation
0.18935323383084585,-0.052908841044434295,0.20454545454545464,-0.022181146025877962
,,,
0.18935323383084585,-0.052908841044434295,0.20454545454545464,-0.022181146025877962
