Training error,Training violation,Test error,Test violation
0.18854513643551685,1.456536027798453e-18,0.1983164983164982,-0.023003858711783887
,,,
0.18854513643551685,1.456536027798453e-18,0.1983164983164982,-0.023003858711783887
