Training error,Training violation,Test error,Test violation
0.17999999999999997,-0.012678288431061778,0.19464646464646462,0.018966908797417244
,,,
0.17999999999999997,-0.012678288431061778,0.19464646464646462,0.018966908797417244
