Training error,Training violation,Test error,Test violation
0.17742288557213937,-1.750913703699511e-17,0.19224242424242433,0.0626767200754006
,,,
0.17742288557213937,-1.750913703699511e-17,0.19224242424242433,0.0626767200754006
