Training error,Training violation,Test error,Test violation
0.17659786328473212,-1.0784090394557016e-16,0.19547702458107052,0.027535497880134964
,,,
0.17659786328473212,-1.0784090394557016e-16,0.19547702458107052,0.027535497880134964
