Training error,Training violation,Test error,Test violation
0.18082813097971673,2.471979640395397e-18,0.1917395104895104,0.0669503979476406
,,,
0.18082813097971673,2.471979640395397e-18,0.1917395104895104,0.0669503979476406
