Training error,Training violation,Test error,Test violation
0.176865671641791,-0.0015688032272523909,0.19070707070707069,0.03722902921771914
,,,
0.176865671641791,-0.0015688032272523909,0.19070707070707069,0.03722902921771914
