Training error,Training violation,Test error,Test violation
0.19149253731343277,-0.07189849624060149,0.2096969696969696,-0.013238289205702686
,,,
0.19149253731343277,-0.07189849624060149,0.2096969696969696,-0.013238289205702686
