Training error,Training violation,Test error,Test violation
0.18462686567164177,-0.03451756156641094,0.20090909090909087,0.015799256505576228
,,,
0.18462686567164177,-0.03451756156641094,0.20090909090909087,0.015799256505576228
