Training error,Training violation,Test error,Test violation
0.17880597014925373,0.004814305364511717,0.1905050505050505,0.039087947882736174
,,,
0.17880597014925373,0.004814305364511717,0.1905050505050505,0.039087947882736174
