Training error,Training violation,Test error,Test violation
0.18439527827608357,-2.5334770365405426e-18,0.1992312008978676,0.003144489739033472
,,,
0.18439527827608357,-2.5334770365405426e-18,0.1992312008978676,0.003144489739033472
