Training error,Training violation,Test error,Test violation
0.1891542288557214,-0.04017501988862371,0.20222222222222222,-0.00950226244343888
,,,
0.1891542288557214,-0.04017501988862371,0.20222222222222222,-0.00950226244343888
