Training error,Training violation,Test error,Test violation
0.18425024183129585,0.0010874293170943794,0.1886000281193843,0.00974573999820776
,,,
0.18425024183129585,0.0010874293170943794,0.1886000281193843,0.00974573999820776
