Training error,Training violation,Test error,Test violation
0.18007902126284925,-9.724139653878731e-18,0.20829817512137955,0.026350457309995776
,,,
0.18007902126284925,-9.724139653878731e-18,0.20829817512137955,0.026350457309995776
