Training error,Training violation,Test error,Test violation
0.18407960199004958,-0.007992895204262822,0.19626262626262608,-0.012631578947368428
,,,
0.18407960199004958,-0.007992895204262822,0.19626262626262608,-0.012631578947368428
