Training error,Training violation,Test error,Test violation
0.17725584036340042,-6.17368598376446e-18,0.1992332290294247,0.07410379751775824
,,,
0.17725584036340042,-6.17368598376446e-18,0.1992332290294247,0.07410379751775824
