Training error,Training violation,Test error,Test violation
0.17493266139542962,-1.909338361687674e-18,0.20166963755199047,-0.0005772970345163287
,,,
0.17493266139542962,-1.909338361687674e-18,0.20166963755199047,-0.0005772970345163287
