Training error,Training violation,Test error,Test violation
0.18766169154228857,-0.029250457038391242,0.20464646464646466,0.005271695052716963
,,,
0.18766169154228857,-0.029250457038391242,0.20464646464646466,0.005271695052716963
