Training error,Training violation,Test error,Test violation
0.18567164179104478,-0.023022432113341207,0.1984848484848485,0.018907563025210072
,,,
0.18567164179104478,-0.023022432113341207,0.1984848484848485,0.018907563025210072
