Training error,Training violation,Test error,Test violation
0.17905472636815914,-0.00541516245487361,0.19303030303030297,0.05205047318611987
,,,
0.17905472636815914,-0.00541516245487361,0.19303030303030297,0.05205047318611987
