Training error,Training violation,Test error,Test violation
0.17950248756218903,-0.008384819064430669,0.194040404040404,0.020149953139643847
,,,
0.17950248756218903,-0.008384819064430669,0.194040404040404,0.020149953139643847
