Training error,Training violation,Test error,Test violation
0.16840796019900497,0.11858974358974361,0.18222222222222223,0.17259120673526662
,,,
0.16840796019900497,0.11858974358974361,0.18222222222222223,0.17259120673526662
