Training error,Training violation,Test error,Test violation
0.1808423778983721,2.304794988907902e-18,0.19921338383838394,-0.0022916666666666767
,,,
0.1808423778983721,2.304794988907902e-18,0.19921338383838394,-0.0022916666666666767
