Training error,Training violation,Test error,Test violation
0.17905374119501502,-4.421989061940099e-18,0.18969596959695967,0.020962821834233897
,,,
0.17905374119501502,-4.421989061940099e-18,0.18969596959695967,0.020962821834233897
