Training error,Training violation,Test error,Test violation
0.1745273631840796,0.12377786468517793,0.17565656565656565,0.15192850423330195
,,,
0.1745273631840796,0.12377786468517793,0.17565656565656565,0.15192850423330195
