Training error,Training violation,Test error,Test violation
0.18577114427860705,-0.047483588621444216,0.20363636363636373,0.00814332247557004
,,,
0.18577114427860705,-0.047483588621444216,0.20363636363636373,0.00814332247557004
