Training error,Training violation,Test error,Test violation
0.1766169154228855,-0.012152010605391056,0.19717171717171708,0.030894308943089407
,,,
0.1766169154228855,-0.012152010605391056,0.19717171717171708,0.030894308943089407
