Training error,Training violation,Test error,Test violation
0.18044776119402986,0.0031570639305446,0.18545454545454546,0.03852889667250436
,,,
0.18044776119402986,0.0031570639305446,0.18545454545454546,0.03852889667250436
