Training error,Training violation,Test error,Test violation
0.18131560423340143,0.003105590062111807,0.1997364953886693,-0.0005381346342443914
,,,
0.18131560423340143,0.003105590062111807,0.1997364953886693,-0.0005381346342443914
