Training error,Training violation,Test error,Test violation
0.18666666666666668,-0.022798742138364747,0.19444444444444445,0.0023084025854108736
,,,
0.18666666666666668,-0.022798742138364747,0.19444444444444445,0.0023084025854108736
