Training error,Training violation,Test error,Test violation
0.195422885572142,-0.043014996053670686,0.20686868686868973,-0.015761821366024772
,,,
0.195422885572142,-0.043014996053670686,0.20686868686868973,-0.015761821366024772
