Training error,Training violation,Test error,Test violation
0.19049751243781093,-0.04556166535742345,0.1993939393939394,-0.009449465899753484
,,,
0.19049751243781093,-0.04556166535742345,0.1993939393939394,-0.009449465899753484
