Training error,Training violation,Test error,Test violation
0.17054726368159204,0.15042850699142984,0.18212121212121213,0.18360655737704917
,,,
0.17054726368159204,0.15042850699142984,0.18212121212121213,0.18360655737704917
