Training error,Training violation,Test error,Test violation
0.1786826725135875,-4.772452607549676e-18,0.20651892054877127,0.019294168637811904
,,,
0.1786826725135875,-4.772452607549676e-18,0.20651892054877127,0.019294168637811904
