Training error,Training violation,Test error,Test violation
0.18037313432835822,6.242753151798469e-18,0.1925047775047775,0.022613381418656875
,,,
0.18037313432835822,6.242753151798469e-18,0.1925047775047775,0.022613381418656875
