Training error,Training violation,Test error,Test violation
0.17514305593025403,2.9948601151557213e-18,0.20697546897546898,-0.00474220712069731
,,,
0.17514305593025403,2.9948601151557213e-18,0.20697546897546898,-0.00474220712069731
