Training error,Training violation,Test error,Test violation
0.17358208955223883,-0.0036463081130355688,0.19575757575757582,0.04901960784313726
,,,
0.17358208955223883,-0.0036463081130355688,0.19575757575757582,0.04901960784313726
