Training error,Training violation,Test error,Test violation
0.19154228855721392,-0.049342105263157854,0.20696969696969697,-0.008146639511201648
,,,
0.19154228855721392,-0.049342105263157854,0.20696969696969697,-0.008146639511201648
