Training error,Training violation,Test error,Test violation
0.17064676616915422,0.13478260869565217,0.1802020202020202,0.1642201834862385
,,,
0.17064676616915422,0.13478260869565217,0.1802020202020202,0.1642201834862385
