Training error,Training violation,Test error,Test violation
0.17375555555555555,-2.6860838458784777e-18,0.19699696969696967,0.046710239651416116
,,,
0.17375555555555555,-2.6860838458784777e-18,0.19699696969696967,0.046710239651416116
