Training error,Training violation,Test error,Test violation
0.1778670887050815,1.403576383379251e-18,0.19442833911874174,0.04371154793101694
,,,
0.1778670887050815,1.403576383379251e-18,0.19442833911874174,0.04371154793101694
