Training error,Training violation,Test error,Test violation
0.18345512426292376,-5.229896913625201e-18,0.1974701561065198,0.01518334606569902
,,,
0.18345512426292376,-5.229896913625201e-18,0.1974701561065198,0.01518334606569902
