Training error,Training violation,Test error,Test violation
0.17860696517412936,-0.001984126984126977,0.18525252525252525,0.03016894609814963
,,,
0.17860696517412936,-0.001984126984126977,0.18525252525252525,0.03016894609814963
