Training error,Training violation,Test error,Test violation
0.1791470970871646,-1.1808303444253646e-17,0.20684624017957354,0.0007092198581560026
,,,
0.1791470970871646,-1.1808303444253646e-17,0.20684624017957354,0.0007092198581560026
