Training error,Training violation,Test error,Test violation
0.17432015140950297,-1.0931763439525613e-18,0.206030303030303,0.01499176276771001
,,,
0.17432015140950297,-1.0931763439525613e-18,0.206030303030303,0.01499176276771001
