Training error,Training violation,Test error,Test violation
0.19342492036387662,0.01753507014028058,0.1998386238566599,0.014192779147445763
,,,
0.19342492036387662,0.01753507014028058,0.1998386238566599,0.014192779147445763
