Training error,Training violation,Test error,Test violation
0.1727860696517413,0.13510301109350237,0.18303030303030304,0.14810330912025826
,,,
0.1727860696517413,0.13510301109350237,0.18303030303030304,0.14810330912025826
