Training error,Training violation,Test error,Test violation
0.1739874178271014,-5.247200888618063e-17,0.19866522366522393,0.027919962773382954
,,,
0.1739874178271014,-5.247200888618063e-17,0.19866522366522393,0.027919962773382954
