Training error,Training violation,Test error,Test violation
0.19114427860696512,-0.025651144435674837,0.2066666666666666,0.021562245728234338
,,,
0.19114427860696512,-0.025651144435674837,0.2066666666666666,0.021562245728234338
