Training error,Training violation,Test error,Test violation
0.17713246456539058,3.3688283944812898e-18,0.19896472275626356,0.020848935642359123
,,,
0.17713246456539058,3.3688283944812898e-18,0.19896472275626356,0.020848935642359123
