Training error,Training violation,Test error,Test violation
0.18407960199004975,-0.021391443422630996,0.2014141414141414,0.0213946117274168
,,,
0.18407960199004975,-0.021391443422630996,0.2014141414141414,0.0213946117274168
