Training error,Training violation,Test error,Test violation
0.17813581613463783,2.102592491825923e-18,0.1923958484365183,0.04789561387267467
,,,
0.17813581613463783,2.102592491825923e-18,0.1923958484365183,0.04789561387267467
