Training error,Training violation,Test error,Test violation
0.1801990049751244,-0.0019867549668873834,0.19080808080808087,0.016544117647058824
,,,
0.1801990049751244,-0.0019867549668873834,0.19080808080808087,0.016544117647058824
