Training error,Training violation,Test error,Test violation
0.1708457711442786,0.12460443037974683,0.1811111111111111,0.142914979757085
,,,
0.1708457711442786,0.12460443037974683,0.1811111111111111,0.142914979757085
