Training error,Training violation,Test error,Test violation
0.1803015346547685,1.9945386875414745e-18,0.1960977499866389,0.03790655310786779
,,,
0.1803015346547685,1.9945386875414745e-18,0.1960977499866389,0.03790655310786779
