Training error,Training violation,Test error,Test violation
0.17836802799520277,2.5644239724071823e-18,0.19941176470588232,0.023347483323226177
,,,
0.17836802799520277,2.5644239724071823e-18,0.19941176470588232,0.023347483323226177
