Training error,Training violation,Test error,Test violation
0.17741293532338306,-0.013805522208883534,0.1927272727272727,0.04212860310421284
,,,
0.17741293532338306,-0.013805522208883534,0.1927272727272727,0.04212860310421284
