Training error,Training violation,Test error,Test violation
0.18963124504361617,0.0012009607686148706,0.19989898989898994,0.05659494855004675
,,,
0.18963124504361617,0.0012009607686148706,0.19989898989898994,0.05659494855004675
