Training error,Training violation,Test error,Test violation
0.18333732340802256,-1.4800917451677903e-18,0.19297549429128374,0.025760633200648676
,,,
0.18333732340802256,-1.4800917451677903e-18,0.19297549429128374,0.025760633200648676
