Training error,Training violation,Test error,Test violation
0.181181592039801,2.594877462237721e-18,0.19068181818181817,0.049311926605504555
,,,
0.181181592039801,2.594877462237721e-18,0.19068181818181817,0.049311926605504555
