Training error,Training violation,Test error,Test violation
0.180460773057788,4.6225025072481104e-18,0.1904211344211344,0.06438236031069906
,,,
0.180460773057788,4.6225025072481104e-18,0.1904211344211344,0.06438236031069906
