Training error,Training violation,Test error,Test violation
0.18025171760246383,2.7839865802003426e-17,0.1917589586339586,0.0509889140841522
,,,
0.18025171760246383,2.7839865802003426e-17,0.1917589586339586,0.0509889140841522
