Training error,Training violation,Test error,Test violation
0.18756218905472638,-0.04719937328632984,0.20646464646464646,0.008628519527702105
,,,
0.18756218905472638,-0.04719937328632984,0.20646464646464646,0.008628519527702105
