Training error,Training violation,Test error,Test violation
0.19840796019900497,-0.05314105096799682,0.20595959595959595,-0.04870129870129869
,,,
0.19840796019900497,-0.05314105096799682,0.20595959595959595,-0.04870129870129869
