Training error,Training violation,Test error,Test violation
0.17233830845771145,0.13297045101088645,0.1803030303030303,0.1465201465201465
,,,
0.17233830845771145,0.13297045101088645,0.1803030303030303,0.1465201465201465
