Training error,Training violation,Test error,Test violation
0.1849879910790874,-1.07845043682245e-18,0.18992133983513299,0.033861757319107615
,,,
0.1849879910790874,-1.07845043682245e-18,0.18992133983513299,0.033861757319107615
