Training error,Training violation,Test error,Test violation
0.18289910098630138,-1.440510587140628e-16,0.19188640793904452,0.046912760344605973
,,,
0.18289910098630138,-1.440510587140628e-16,0.19188640793904452,0.046912760344605973
