Training error,Training violation,Test error,Test violation
0.18557213930348287,-0.033228470310656726,0.2014141414141417,-0.010655737704918029
,,,
0.18557213930348287,-0.033228470310656726,0.2014141414141417,-0.010655737704918029
