Training error,Training violation,Test error,Test violation
0.18044606897485366,1.0095130914280318e-18,0.18959355459355462,0.050303658622432953
,,,
0.18044606897485366,1.0095130914280318e-18,0.18959355459355462,0.050303658622432953
