Training error,Training violation,Test error,Test violation
0.18830507954056877,6.96024915131982e-20,0.192963586482105,0.027395163758799933
,,,
0.18830507954056877,6.96024915131982e-20,0.192963586482105,0.027395163758799933
