Training error,Training violation,Test error,Test violation
0.18136666067254087,1.0739800465842421e-17,0.19396981866861382,-0.010937168507207638
,,,
0.18136666067254087,1.0739800465842421e-17,0.19396981866861382,-0.010937168507207638
