Training error,Training violation,Test error,Test violation
0.19706467661691543,-0.04910025706940879,0.2007070707070707,-0.023692810457516367
,,,
0.19706467661691543,-0.04910025706940879,0.2007070707070707,-0.023692810457516367
