Training error,Training violation,Test error,Test violation
0.1806965174129354,-0.01366843033509702,0.1914141414141415,0.029215358931552596
,,,
0.1806965174129354,-0.01366843033509702,0.1914141414141415,0.029215358931552596
