Training error,Training violation,Test error,Test violation
0.1894527363184079,-0.04923413566739608,0.2053535353535353,0.0009208103130755039
,,,
0.1894527363184079,-0.04923413566739608,0.2053535353535353,0.0009208103130755039
