Training error,Training violation,Test error,Test violation
0.18513941918315396,3.833629060913495e-18,0.1929363401456424,0.044714254273347506
,,,
0.18513941918315396,3.833629060913495e-18,0.1929363401456424,0.044714254273347506
