Training error,Training violation,Test error,Test violation
0.1941855287533068,0.0012853470437018126,0.19348695577487346,0.020269973094810205
,,,
0.1941855287533068,0.0012853470437018126,0.19348695577487346,0.020269973094810205
