Training error,Training violation,Test error,Test violation
0.1747263681592041,-0.019702276707530678,0.1963636363636365,0.03437500000000001
,,,
0.1747263681592041,-0.019702276707530678,0.1963636363636365,0.03437500000000001
