Training error,Training violation,Test error,Test violation
0.18587064676616916,-0.018474374255065595,0.19616161616161615,0.013643659711075451
,,,
0.18587064676616916,-0.018474374255065595,0.19616161616161615,0.013643659711075451
