Training error,Training violation,Test error,Test violation
0.17971393034825825,-6.158770239307116e-18,0.19588552188552139,0.05128562577447325
,,,
0.17971393034825825,-6.158770239307116e-18,0.19588552188552139,0.05128562577447325
