Training error,Training violation,Test error,Test violation
0.1819533961328706,-1.8752028019810823e-18,0.20230078563411896,0.01309846431797651
,,,
0.1819533961328706,-1.8752028019810823e-18,0.20230078563411896,0.01309846431797651
