Training error,Training violation,Test error,Test violation
0.174117066658928,9.449349066320026e-19,0.20286690433749258,-0.01619981325863679
,,,
0.174117066658928,9.449349066320026e-19,0.20286690433749258,-0.01619981325863679
