Training error,Training violation,Test error,Test violation
0.179452736318408,-0.005537974683544334,0.18969696969696975,0.044684854186265284
,,,
0.179452736318408,-0.005537974683544334,0.18969696969696975,0.044684854186265284
