Training error,Training violation,Test error,Test violation
0.1806789027037695,0.0017953321364452268,0.19818181818181818,-0.012239347234814124
,,,
0.1806789027037695,0.0017953321364452268,0.19818181818181818,-0.012239347234814124
