Training error,Training violation,Test error,Test violation
0.17912935323383083,1.913768131738477e-19,0.19668350168350168,0.033306255077173046
,,,
0.17912935323383083,1.913768131738477e-19,0.19668350168350168,0.033306255077173046
