Training error,Training violation,Test error,Test violation
0.18016851256401098,-8.387169203365897e-19,0.204320987654321,0.004482723884355711
,,,
0.18016851256401098,-8.387169203365897e-19,0.204320987654321,0.004482723884355711
