Training error,Training violation,Test error,Test violation
0.18388888888888882,1.3677245472263572e-18,0.1897643097643097,0.009957107843137228
,,,
0.18388888888888882,1.3677245472263572e-18,0.1897643097643097,0.009957107843137228
