Training error,Training violation,Test error,Test violation
0.17899449089630384,-2.76888628401208e-18,0.19623221746258396,0.061619112635324734
,,,
0.17899449089630384,-2.76888628401208e-18,0.19623221746258396,0.061619112635324734
