Training error,Training violation,Test error,Test violation
0.17512437810945275,-0.0027216174183515296,0.19282828282828282,0.054029304029304004
,,,
0.17512437810945275,-0.0027216174183515296,0.19282828282828282,0.054029304029304004
