Training error,Training violation,Test error,Test violation
0.18293698175787726,9.567532521515221e-19,0.18798316498316497,0.036975013290802806
,,,
0.18293698175787726,9.567532521515221e-19,0.18798316498316497,0.036975013290802806
