Training error,Training violation,Test error,Test violation
0.17940938737945658,-8.50594034710472e-19,0.1908784899937715,0.05405831631978925
,,,
0.17940938737945658,-8.50594034710472e-19,0.1908784899937715,0.05405831631978925
