Training error,Training violation,Test error,Test violation
0.18995024875621885,-0.04141894569956405,0.2037373737373737,-0.00725806451612898
,,,
0.18995024875621885,-0.04141894569956405,0.2037373737373737,-0.00725806451612898
