Training error,Training violation,Test error,Test violation
0.17738405201291182,1.1784685246741897e-17,0.19937257187257182,0.027291292778018405
,,,
0.17738405201291182,1.1784685246741897e-17,0.19937257187257182,0.027291292778018405
