Training error,Training violation,Test error,Test violation
0.180610071812881,1.1871024608485714e-16,0.18941907765437146,0.053331056660690414
,,,
0.180610071812881,1.1871024608485714e-16,0.18941907765437146,0.053331056660690414
