Training error,Training violation,Test error,Test violation
0.18479999999999996,0.007911392405063276,0.20111111111111107,0.011175898931000957
,,,
0.18479999999999996,0.007911392405063276,0.20111111111111107,0.011175898931000957
