Training error,Training violation,Test error,Test violation
0.19746268656716418,-0.06848772763262079,0.20262626262626263,-0.039831302717900696
,,,
0.19746268656716418,-0.06848772763262079,0.20262626262626263,-0.039831302717900696
