Training error,Training violation,Test error,Test violation
0.18245268982191848,-1.5678981996422156e-17,0.1910299254224488,0.025375397649540943
,,,
0.18245268982191848,-1.5678981996422156e-17,0.1910299254224488,0.025375397649540943
