Training error,Training violation,Test error,Test violation
0.18805970149253737,-0.04944178628389152,0.20717171717171723,0.0004460303300624636
,,,
0.18805970149253737,-0.04944178628389152,0.20717171717171723,0.0004460303300624636
