Training error,Training violation,Test error,Test violation
0.17601990049751243,-0.0065088757396449815,0.1904040404040404,0.03827361563517917
,,,
0.17601990049751243,-0.0065088757396449815,0.1904040404040404,0.03827361563517917
