Training error,Training violation,Test error,Test violation
0.17765174129353237,9.66856112394055e-19,0.18860894660894664,0.03632255822036848
,,,
0.17765174129353237,9.66856112394055e-19,0.18860894660894664,0.03632255822036848
