Training error,Training violation,Test error,Test violation
0.17676616915422882,-0.002626970227670777,0.19494949494949493,0.03749999999999997
,,,
0.17676616915422882,-0.002626970227670777,0.19494949494949493,0.03749999999999997
