Training error,Training violation,Test error,Test violation
0.201044776119403,-0.06664098613251157,0.20626262626262626,-0.04638218923933213
,,,
0.201044776119403,-0.06664098613251157,0.20626262626262626,-0.04638218923933213
