Training error,Training violation,Test error,Test violation
0.18278606965174127,3.2548552330735196e-18,0.18668350168350167,0.029042615294804435
,,,
0.18278606965174127,3.2548552330735196e-18,0.18668350168350167,0.029042615294804435
