Training error,Training violation,Test error,Test violation
0.1717910447761194,0.14056382145653878,0.1806060606060606,0.17824648469809762
,,,
0.1717910447761194,0.14056382145653878,0.1806060606060606,0.17824648469809762
