Training error,Training violation,Test error,Test violation
0.18129353233830872,-0.023004325599685495,0.1994949494949498,0.050000000000000065
,,,
0.18129353233830872,-0.023004325599685495,0.1994949494949498,0.050000000000000065
