Training error,Training violation,Test error,Test violation
0.1820657581656933,-1.032962438045451e-18,0.1880390865173474,0.024531237206255645
,,,
0.1820657581656933,-1.032962438045451e-18,0.1880390865173474,0.024531237206255645
