Training error,Training violation,Test error,Test violation
0.18238805970149258,-0.0027397260273972495,0.19030303030303036,0.02720000000000001
,,,
0.18238805970149258,-0.0027397260273972495,0.19030303030303036,0.02720000000000001
