Training error,Training violation,Test error,Test violation
0.1861194029850766,-0.0059760956175299385,0.19535353535353744,0.05147058823529465
,,,
0.1861194029850766,-0.0059760956175299385,0.19535353535353744,0.05147058823529465
