Training error,Training violation,Test error,Test violation
0.18358208955223881,-0.021826191429715647,0.19757575757575757,0.03238546603475512
,,,
0.18358208955223881,-0.021826191429715647,0.19757575757575757,0.03238546603475512
