Training error,Training violation,Test error,Test violation
0.18203630967967196,-2.2396745557092337e-17,0.1965160375686693,0.0472087891450303
,,,
0.18203630967967196,-2.2396745557092337e-17,0.1965160375686693,0.0472087891450303
