Training error,Training violation,Test error,Test violation
0.18267454919495346,-8.125957648416183e-19,0.19375761837787153,0.03948211662784063
,,,
0.18267454919495346,-8.125957648416183e-19,0.19375761837787153,0.03948211662784063
