Training error,Training violation,Test error,Test violation
0.20106279825362983,-6.4022514845713444e-18,0.19588641517212949,0.009537148192610367
,,,
0.20106279825362983,-6.4022514845713444e-18,0.19588641517212949,0.009537148192610367
