Training error,Training violation,Test error,Test violation
0.17378109452736318,0.15328031809145132,0.18181818181818182,0.16074766355140185
,,,
0.17378109452736318,0.15328031809145132,0.18181818181818182,0.16074766355140185
