Training error,Training violation,Test error,Test violation
0.18393034825870627,-0.02652877697841724,0.19959595959595938,0.02310374891020048
,,,
0.18393034825870627,-0.02652877697841724,0.19959595959595938,0.02310374891020048
