Training error,Training violation,Test error,Test violation
0.18935323383084576,-0.03981264637002346,0.20616161616161616,-0.002914238134887559
,,,
0.18935323383084576,-0.03981264637002346,0.20616161616161616,-0.002914238134887559
