Training error,Training violation,Test error,Test violation
0.1819383952710003,5.276668284042349e-18,0.20659851527321405,0.018975903614457907
,,,
0.1819383952710003,5.276668284042349e-18,0.20659851527321405,0.018975903614457907
