Training error,Training violation,Test error,Test violation
0.17940298507462688,-0.006264501160092806,0.19333333333333333,0.018918918918918892
,,,
0.17940298507462688,-0.006264501160092806,0.19333333333333333,0.018918918918918892
