Training error,Training violation,Test error,Test violation
0.18038677579842727,-6.968978768224565e-19,0.19339361355490395,0.03434394430568106
,,,
0.18038677579842727,-6.968978768224565e-19,0.19339361355490395,0.03434394430568106
