Training error,Training violation,Test error,Test violation
0.17781094527363187,-0.0004541326067211139,0.19090909090909097,0.05597365945437445
,,,
0.17781094527363187,-0.0004541326067211139,0.19090909090909097,0.05597365945437445
