Training error,Training violation,Test error,Test violation
0.1797526257600884,4.05617382992201e-18,0.19979797979797978,0.043324102047666985
,,,
0.1797526257600884,4.05617382992201e-18,0.19979797979797978,0.043324102047666985
