Training error,Training violation,Test error,Test violation
0.17761194029850755,-0.023465703971119144,0.19696969696969704,0.06102783725910069
,,,
0.17761194029850755,-0.023465703971119144,0.19696969696969704,0.06102783725910069
