Training error,Training violation,Test error,Test violation
0.20308457711442787,0.007685352622061492,0.19707070707070706,0.004058441558441539
,,,
0.20308457711442787,0.007685352622061492,0.19707070707070706,0.004058441558441539
