Training error,Training violation,Test error,Test violation
0.18935323383084576,-0.03221535745807591,0.20272727272727273,-0.02483598875351456
,,,
0.18935323383084576,-0.03221535745807591,0.20272727272727273,-0.02483598875351456
