Training error,Training violation,Test error,Test violation
0.17388059701492536,0.15382912793271358,0.18313131313131314,0.1756007393715342
,,,
0.17388059701492536,0.15382912793271358,0.18313131313131314,0.1756007393715342
