Training error,Training violation,Test error,Test violation
0.1869651741293532,-0.019713261648745536,0.1962626262626262,0.012345679012345675
,,,
0.1869651741293532,-0.019713261648745536,0.1962626262626262,0.012345679012345675
