Training error,Training violation,Test error,Test violation
0.17746268656716443,-0.013513513513513504,0.1952525252525255,0.04323725055432376
,,,
0.17746268656716443,-0.013513513513513504,0.1952525252525255,0.04323725055432376
