Training error,Training violation,Test error,Test violation
0.1924378109452738,-0.05644444444444446,0.20717171717171737,-0.004731861198738145
,,,
0.1924378109452738,-0.05644444444444446,0.20717171717171737,-0.004731861198738145
