Training error,Training violation,Test error,Test violation
0.18646766169154222,-0.03947368421052631,0.20575757575757567,0.01828724353256022
,,,
0.18646766169154222,-0.03947368421052631,0.20575757575757567,0.01828724353256022
