Training error,Training violation,Test error,Test violation
0.17507462686567163,0.1442457231726283,0.17535353535353534,0.1574307304785894
,,,
0.17507462686567163,0.1442457231726283,0.17535353535353534,0.1574307304785894
