Training error,Training violation,Test error,Test violation
0.18148933247871074,8.70906874187038e-19,0.19458449525934188,0.03638081672480122
,,,
0.18148933247871074,8.70906874187038e-19,0.19458449525934188,0.03638081672480122
