Training error,Training violation,Test error,Test violation
0.18298744373371234,-1.3303536861237008e-19,0.19124579124579122,0.02209471046036144
,,,
0.18298744373371234,-1.3303536861237008e-19,0.19124579124579122,0.02209471046036144
