Training error,Training violation,Test error,Test violation
0.18311222982474798,2.543074237952195e-18,0.18580976031094795,0.029558973232998654
,,,
0.18311222982474798,2.543074237952195e-18,0.18580976031094795,0.029558973232998654
