Training error,Training violation,Test error,Test violation
0.18754744794545794,-3.835336722014127e-18,0.19285447063224842,0.007782699643164732
,,,
0.18754744794545794,-3.835336722014127e-18,0.19285447063224842,0.007782699643164732
