Training error,Training violation,Test error,Test violation
0.18640783247551057,1.1445082704582168e-18,0.19901913875598087,-0.010792913656690713
,,,
0.18640783247551057,1.1445082704582168e-18,0.19901913875598087,-0.010792913656690713
