Training error,Training violation,Test error,Test violation
0.18323383084577113,-0.006319115323854652,0.19727272727272727,0.027390900649953587
,,,
0.18323383084577113,-0.006319115323854652,0.19727272727272727,0.027390900649953587
