Training error,Training violation,Test error,Test violation
0.18786069651741294,-0.028089887640449396,0.20030303030303032,-0.0043273013375294545
,,,
0.18786069651741294,-0.028089887640449396,0.20030303030303032,-0.0043273013375294545
