Training error,Training violation,Test error,Test violation
0.18323383084577113,-0.03874538745387457,0.20505050505050504,0.014350453172205457
,,,
0.18323383084577113,-0.03874538745387457,0.20505050505050504,0.014350453172205457
