Training error,Training violation,Test error,Test violation
0.17900497512437813,-0.001982553528945275,0.19232323232323237,0.020547945205479482
,,,
0.17900497512437813,-0.001982553528945275,0.19232323232323237,0.020547945205479482
