Training error,Training violation,Test error,Test violation
0.20313432835820897,-0.06634746922024626,0.22565656565656567,-0.043735224586288424
,,,
0.20313432835820897,-0.06634746922024626,0.22565656565656567,-0.043735224586288424
