Training error,Training violation,Test error,Test violation
0.17218905472636817,0.11594761171032358,0.17767676767676768,0.13265306122448978
,,,
0.17218905472636817,0.11594761171032358,0.17767676767676768,0.13265306122448978
