Training error,Training violation,Test error,Test violation
0.17650658199378177,-1.0064142174897901e-18,0.21350168350168341,0.012673150604185253
,,,
0.17650658199378177,-1.0064142174897901e-18,0.21350168350168341,0.012673150604185253
