Training error,Training violation,Test error,Test violation
0.17885486114098095,2.040044658237682e-18,0.19465141326812796,0.046988024803881756
,,,
0.17885486114098095,2.040044658237682e-18,0.19465141326812796,0.046988024803881756
