Training error,Training violation,Test error,Test violation
0.18666666666666668,-0.02536955653216144,0.19585858585858587,-0.0087301587301587
,,,
0.18666666666666668,-0.02536955653216144,0.19585858585858587,-0.0087301587301587
