Training error,Training violation,Test error,Test violation
0.18896275485149044,-1.5365085653323238e-18,0.2028323503491289,-0.0002037744282812713
,,,
0.18896275485149044,-1.5365085653323238e-18,0.2028323503491289,-0.0002037744282812713
