Training error,Training violation,Test error,Test violation
0.16950248756218905,0.1499799759711654,0.18494949494949495,0.20063191153238547
,,,
0.16950248756218905,0.1499799759711654,0.18494949494949495,0.20063191153238547
