Training error,Training violation,Test error,Test violation
0.17890547263681592,-0.010968921389396757,0.1997979797979798,0.038211382113821135
,,,
0.17890547263681592,-0.010968921389396757,0.1997979797979798,0.038211382113821135
