Training error,Training violation,Test error,Test violation
0.17875621890547266,-0.01679023113824685,0.19202020202020206,0.03339517625231914
,,,
0.17875621890547266,-0.01679023113824685,0.19202020202020206,0.03339517625231914
