Training error,Training violation,Test error,Test violation
0.18039800995024877,-0.004420866489831976,0.19444444444444445,0.018485121731289467
,,,
0.18039800995024877,-0.004420866489831976,0.19444444444444445,0.018485121731289467
