Training error,Training violation,Test error,Test violation
0.19694589696528947,0.003016241299303946,0.198593944081183,0.011547521999958158
,,,
0.19694589696528947,0.003016241299303946,0.198593944081183,0.011547521999958158
