Training error,Training violation,Test error,Test violation
0.1921393034825872,0.002882483370288233,0.19505050505050517,0.00513347022587257
,,,
0.1921393034825872,0.002882483370288233,0.19505050505050517,0.00513347022587257
