Training error,Training violation,Test error,Test violation
0.1794527363184078,-0.007179249652616953,0.1969696969696968,0.021334367726920083
,,,
0.1794527363184078,-0.007179249652616953,0.1969696969696968,0.021334367726920083
