Training error,Training violation,Test error,Test violation
0.1736318407960199,0.17005545286506468,0.18484848484848485,0.1949327817993795
,,,
0.1736318407960199,0.17005545286506468,0.18484848484848485,0.1949327817993795
