Training error,Training violation,Test error,Test violation
0.18170646766169155,-1.4877639308708876e-18,0.19457070707070706,0.04651486988847587
,,,
0.18170646766169155,-1.4877639308708876e-18,0.19457070707070706,0.04651486988847587
