Training error,Training violation,Test error,Test violation
0.1812810945273632,7.78883325173191e-20,0.1948737373737374,0.034070397111913286
,,,
0.1812810945273632,7.78883325173191e-20,0.1948737373737374,0.034070397111913286
