Training error,Training violation,Test error,Test violation
0.17248756218905473,-0.0027100271002710175,0.1894949494949495,0.04853479853479853
,,,
0.17248756218905473,-0.0027100271002710175,0.1894949494949495,0.04853479853479853
