Training error,Training violation,Test error,Test violation
0.18332398919110035,4.129874671234135e-18,0.18920268676613855,0.011119489064526708
,,,
0.18332398919110035,4.129874671234135e-18,0.18920268676613855,0.011119489064526708
