Training error,Training violation,Test error,Test violation
0.18285103576971729,-1.301619566010094e-17,0.20412304866850317,0.023073797916069186
,,,
0.18285103576971729,-1.301619566010094e-17,0.20412304866850317,0.023073797916069186
