Training error,Training violation,Test error,Test violation
0.18920398009950248,-0.03745541022592147,0.20030303030303032,-0.005645161290322553
,,,
0.18920398009950248,-0.03745541022592147,0.20030303030303032,-0.005645161290322553
