Training error,Training violation,Test error,Test violation
0.20074626865671633,-0.08323400874056415,0.21555555555555547,-0.041232227488151675
,,,
0.20074626865671633,-0.08323400874056415,0.21555555555555547,-0.041232227488151675
