Training error,Training violation,Test error,Test violation
0.18233830845771146,-0.008828250401284099,0.19505050505050506,0.012195121951219523
,,,
0.18233830845771146,-0.008828250401284099,0.19505050505050506,0.012195121951219523
