Training error,Training violation,Test error,Test violation
0.17449924291585545,-2.9373039234118815e-18,0.1907992973210364,0.05345126324696779
,,,
0.17449924291585545,-2.9373039234118815e-18,0.1907992973210364,0.05345126324696779
