Training error,Training violation,Test error,Test violation
0.17143952844860094,-1.4694328238511718e-19,0.2107522028798624,0.0022544372175063447
,,,
0.17143952844860094,-1.4694328238511718e-19,0.2107522028798624,0.0022544372175063447
