Training error,Training violation,Test error,Test violation
0.18052497158126285,3.1619845644047995e-18,0.19184935407487338,0.02204211957798952
,,,
0.18052497158126285,3.1619845644047995e-18,0.19184935407487338,0.02204211957798952
