Training error,Training violation,Test error,Test violation
0.1819300756491515,5.919309849345742e-19,0.1961892901618929,0.04386989475287877
,,,
0.1819300756491515,5.919309849345742e-19,0.1961892901618929,0.04386989475287877
