Training error,Training violation,Test error,Test violation
0.17990813082601434,-3.8924828709529444e-18,0.19569266673959818,0.05455637448508626
,,,
0.17990813082601434,-3.8924828709529444e-18,0.19569266673959818,0.05455637448508626
