Training error,Training violation,Test error,Test violation
0.1725870646766169,0.15722120658135286,0.18292929292929294,0.18775344687753448
,,,
0.1725870646766169,0.15722120658135286,0.18292929292929294,0.18775344687753448
