Training error,Training violation,Test error,Test violation
0.19597014925373135,-0.07521719250114312,0.22111111111111112,-0.042671614100185495
,,,
0.19597014925373135,-0.07521719250114312,0.22111111111111112,-0.042671614100185495
