Training error,Training violation,Test error,Test violation
0.17285982734504124,3.584780614040144e-17,0.20857142857142835,0.020763269483842654
,,,
0.17285982734504124,3.584780614040144e-17,0.20857142857142835,0.020763269483842654
