Training error,Training violation,Test error,Test violation
0.17333333333333334,0.1291781360597719,0.1778787878787879,0.1459016393442623
,,,
0.17333333333333334,0.1291781360597719,0.1778787878787879,0.1459016393442623
