Training error,Training violation,Test error,Test violation
0.17298507462686566,0.15392273994424532,0.18151515151515152,0.16134185303514376
,,,
0.17298507462686566,0.15392273994424532,0.18151515151515152,0.16134185303514376
