Training error,Training violation,Test error,Test violation
0.17860696517412938,2.9015778320150084e-18,0.18929292929292935,0.06894679695982626
,,,
0.17860696517412938,2.9015778320150084e-18,0.18929292929292935,0.06894679695982626
