Training error,Training violation,Test error,Test violation
0.18420681882220344,2.3836696673530964e-18,0.1995959595959596,-0.0009644842845796359
,,,
0.18420681882220344,2.3836696673530964e-18,0.1995959595959596,-0.0009644842845796359
