Training error,Training violation,Test error,Test violation
0.1875124378109453,-0.02072072072072073,0.19454545454545455,0.011961722488038284
,,,
0.1875124378109453,-0.02072072072072073,0.19454545454545455,0.011961722488038284
