Training error,Training violation,Test error,Test violation
0.17024875621890548,0.1285485805677729,0.18505050505050505,0.16323296354992078
,,,
0.17024875621890548,0.1285485805677729,0.18505050505050505,0.16323296354992078
