Training error,Training violation,Test error,Test violation
0.18144225292039518,5.54668033388081e-19,0.19053963207939517,0.04667551809463087
,,,
0.18144225292039518,5.54668033388081e-19,0.19053963207939517,0.04667551809463087
