Training error,Training violation,Test error,Test violation
0.18054726368159194,-0.015940902021772885,0.19585858585858573,0.017399267399267383
,,,
0.18054726368159194,-0.015940902021772885,0.19585858585858573,0.017399267399267383
