Training error,Training violation,Test error,Test violation
0.1653731343283582,0.13553620894341117,0.18676767676767678,0.18122977346278318
,,,
0.1653731343283582,0.13553620894341117,0.18676767676767678,0.18122977346278318
