Training error,Training violation,Test error,Test violation
0.17930348258706458,-0.010141093474426814,0.1938383838383837,0.0383973288814691
,,,
0.17930348258706458,-0.010141093474426814,0.1938383838383837,0.0383973288814691
