Training error,Training violation,Test error,Test violation
0.18139303482587066,-0.005710909807010611,0.19838383838383838,0.03339350180505413
,,,
0.18139303482587066,-0.005710909807010611,0.19838383838383838,0.03339350180505413
