Training error,Training violation,Test error,Test violation
0.1842491426363329,-1.2638691597984106e-17,0.19577817005001472,0.029314850388522617
,,,
0.1842491426363329,-1.2638691597984106e-17,0.19577817005001472,0.029314850388522617
