Training error,Training violation,Test error,Test violation
0.180796019900497,-0.01951219512195118,0.20101010101010044,0.011895625479662298
,,,
0.180796019900497,-0.01951219512195118,0.20101010101010044,0.011895625479662298
