Training error,Training violation,Test error,Test violation
0.1807462686567165,-0.006369426751592358,0.1926262626262627,0.02846299810246679
,,,
0.1807462686567165,-0.006369426751592358,0.1926262626262627,0.02846299810246679
