Training error,Training violation,Test error,Test violation
0.18343283582089553,-0.0244144501786423,0.2015151515151515,0.039783001808318286
,,,
0.18343283582089553,-0.0244144501786423,0.2015151515151515,0.039783001808318286
