Training error,Training violation,Test error,Test violation
0.1851665482113244,-8.049804437124165e-19,0.19455699855699862,0.024179307222096495
,,,
0.1851665482113244,-8.049804437124165e-19,0.19455699855699862,0.024179307222096495
