Training error,Training violation,Test error,Test violation
0.17044776119402985,0.14849921011058453,0.1807070707070707,0.16125101543460602
,,,
0.17044776119402985,0.14849921011058453,0.1807070707070707,0.16125101543460602
