Training error,Training violation,Test error,Test violation
0.18460019743336625,-5.896363785591749e-19,0.2134090909090909,-0.02430835347837764
,,,
0.18460019743336625,-5.896363785591749e-19,0.2134090909090909,-0.02430835347837764
