Training error,Training violation,Test error,Test violation
0.17457711442786067,-0.00881156800723004,0.19626262626262622,0.04205607476635514
,,,
0.17457711442786067,-0.00881156800723004,0.19626262626262622,0.04205607476635514
