Training error,Training violation,Test error,Test violation
0.18529475908130577,8.059745312798989e-18,0.19399750933997506,0.008309096156834811
,,,
0.18529475908130577,8.059745312798989e-18,0.19399750933997506,0.008309096156834811
