Training error,Training violation,Test error,Test violation
0.18109452736318407,-6.63623971776012e-19,0.19485596707818928,0.04738002889953607
,,,
0.18109452736318407,-6.63623971776012e-19,0.19485596707818928,0.04738002889953607
