Training error,Training violation,Test error,Test violation
0.1827860696517413,-0.020881138136759958,0.1984848484848485,0.0031559963931469537
,,,
0.1827860696517413,-0.020881138136759958,0.1984848484848485,0.0031559963931469537
