Training error,Training violation,Test error,Test violation
0.17885572139303424,-0.0043123014071720775,0.18666666666666606,0.05987394957983174
,,,
0.17885572139303424,-0.0043123014071720775,0.18666666666666606,0.05987394957983174
