Training error,Training violation,Test error,Test violation
0.1788170259812052,-1.7341647163478743e-18,0.19216984661429115,0.021881966443740505
,,,
0.1788170259812052,-1.7341647163478743e-18,0.19216984661429115,0.021881966443740505
