Training error,Training violation,Test error,Test violation
0.17298507462686566,0.1413333333333333,0.1778787878787879,0.1550040683482506
,,,
0.17298507462686566,0.1413333333333333,0.1778787878787879,0.1550040683482506
