Training error,Training violation,Test error,Test violation
0.1801492537313431,-0.001362397820163451,0.19121212121212106,0.05409219190968951
,,,
0.1801492537313431,-0.001362397820163451,0.19121212121212106,0.05409219190968951
