Training error,Training violation,Test error,Test violation
0.18707030883319253,-4.7226489915512525e-19,0.19550981513245663,0.017725560212434367
,,,
0.18707030883319253,-4.7226489915512525e-19,0.19550981513245663,0.017725560212434367
