Training error,Training violation,Test error,Test violation
0.17417910447761195,0.16622281402574346,0.18141414141414142,0.17168391345249295
,,,
0.17417910447761195,0.16622281402574346,0.18141414141414142,0.17168391345249295
