Training error,Training violation,Test error,Test violation
0.17501551730689924,-2.8233478175408737e-19,0.20964006259780907,0.024516641917532844
,,,
0.17501551730689924,-2.8233478175408737e-19,0.20964006259780907,0.024516641917532844
