Training error,Training violation,Test error,Test violation
0.18005616150019138,-3.6553970622148955e-19,0.1930168997668998,0.024297271356094944
,,,
0.18005616150019138,-3.6553970622148955e-19,0.1930168997668998,0.024297271356094944
