Training error,Training violation,Test error,Test violation
0.1952736318407961,-0.0386343216531896,0.21292929292929302,-0.02576419213973803
,,,
0.1952736318407961,-0.0386343216531896,0.21292929292929302,-0.02576419213973803
