Training error,Training violation,Test error,Test violation
0.17703579726696334,-3.470103429422475e-18,0.19318608246048882,0.0484062745703357
,,,
0.17703579726696334,-3.470103429422475e-18,0.19318608246048882,0.0484062745703357
