Training error,Training violation,Test error,Test violation
0.18373134328358212,-0.010278666057560561,0.20141414141414146,0.04925650557620821
,,,
0.18373134328358212,-0.010278666057560561,0.20141414141414146,0.04925650557620821
