Training error,Training violation,Test error,Test violation
0.191044776119403,-0.032655455612045414,0.20040404040404042,-0.008936970837253089
,,,
0.191044776119403,-0.032655455612045414,0.20040404040404042,-0.008936970837253089
