Training error,Training violation,Test error,Test violation
0.17472636815920398,0.1499208860759494,0.17717171717171717,0.16639676113360324
,,,
0.17472636815920398,0.1499208860759494,0.17717171717171717,0.16639676113360324
