Training error,Training violation,Test error,Test violation
0.18353233830845814,-0.038124452234881784,0.19909090909090954,0.022497704315886206
,,,
0.18353233830845814,-0.038124452234881784,0.19909090909090954,0.022497704315886206
