Training error,Training violation,Test error,Test violation
0.17782451379466316,-1.1360373620652895e-17,0.19245179063360893,0.026749623523817073
,,,
0.17782451379466316,-1.1360373620652895e-17,0.19245179063360893,0.026749623523817073
