Training error,Training violation,Test error,Test violation
0.1966775260752076,-3.826215136603107e-18,0.2053299492385786,0.031065803908443528
,,,
0.1966775260752076,-3.826215136603107e-18,0.2053299492385786,0.031065803908443528
