Training error,Training violation,Test error,Test violation
0.1747470053382968,1.7219103247507284e-18,0.20519395428486337,0.027265548471957553
,,,
0.1747470053382968,1.7219103247507284e-18,0.20519395428486337,0.027265548471957553
