Training error,Training violation,Test error,Test violation
0.18126377520997167,-4.1321801368780976e-19,0.19387354730096665,0.02941014454433279
,,,
0.18126377520997167,-4.1321801368780976e-19,0.19387354730096665,0.02941014454433279
