Training error,Training violation,Test error,Test violation
0.1840383795309167,-5.0471357141666293e-17,0.18529581529581518,0.018822124950258628
,,,
0.1840383795309167,-5.0471357141666293e-17,0.18529581529581518,0.018822124950258628
