Training error,Training violation,Test error,Test violation
0.18388059701492537,-0.004191616766467066,0.19161616161616163,0.03974562798092207
,,,
0.18388059701492537,-0.004191616766467066,0.19161616161616163,0.03974562798092207
