Training error,Training violation,Test error,Test violation
0.16975124378109452,0.13738920225624496,0.18606060606060607,0.15491651205936918
,,,
0.16975124378109452,0.13738920225624496,0.18606060606060607,0.15491651205936918
