Training error,Training violation,Test error,Test violation
0.1807960199004975,-0.00978825409508588,0.2011111111111111,0.01996285979572887
,,,
0.1807960199004975,-0.00978825409508588,0.2011111111111111,0.01996285979572887
