Training error,Training violation,Test error,Test violation
0.1899502487562189,-0.012052877138413631,0.19353535353535353,0.01133501259445846
,,,
0.1899502487562189,-0.012052877138413631,0.19353535353535353,0.01133501259445846
