Training error,Training violation,Test error,Test violation
0.18129353233830844,-0.01419432227109152,0.19565656565656567,0.024564183835182274
,,,
0.18129353233830844,-0.01419432227109152,0.19565656565656567,0.024564183835182274
