Training error,Training violation,Test error,Test violation
0.18597014925373137,-0.02867242733699927,0.1934343434343435,0.006730769230769209
,,,
0.18597014925373137,-0.02867242733699927,0.1934343434343435,0.006730769230769209
