Training error,Training violation,Test error,Test violation
0.18179978659673207,1.0762286203705756e-17,0.1955474643071542,0.043643709735705916
,,,
0.18179978659673207,1.0762286203705756e-17,0.1955474643071542,0.043643709735705916
