Training error,Training violation,Test error,Test violation
0.17804726368159204,-3.6816490883874483e-19,0.18828282828282827,0.04403669724770637
,,,
0.17804726368159204,-3.6816490883874483e-19,0.18828282828282827,0.04403669724770637
