Training error,Training violation,Test error,Test violation
0.17524019215372297,2.851532401534352e-18,0.20349376114081996,0.016984258492129273
,,,
0.17524019215372297,2.851532401534352e-18,0.20349376114081996,0.016984258492129273
