Training error,Training violation,Test error,Test violation
0.17668614891809534,0.00695732838589981,0.195093303161485,0.03474486267536061
,,,
0.17668614891809534,0.00695732838589981,0.195093303161485,0.03474486267536061
