Training error,Training violation,Test error,Test violation
0.17820895522388064,-0.005687693898655644,0.19717171717171722,0.03248136315228967
,,,
0.17820895522388064,-0.005687693898655644,0.19717171717171722,0.03248136315228967
