Training error,Training violation,Test error,Test violation
0.18299011272750174,-3.480986833205882e-21,0.19542513745045392,0.04993845910635849
,,,
0.18299011272750174,-3.480986833205882e-21,0.19542513745045392,0.04993845910635849
