Training error,Training violation,Test error,Test violation
0.18577114427860697,-0.03967007069913586,0.1995959595959596,0.000463392029657117
,,,
0.18577114427860697,-0.03967007069913586,0.1995959595959596,0.000463392029657117
