Training error,Training violation,Test error,Test violation
0.1811429137367534,-1.0157238253028334e-18,0.21008080808080798,-0.002731092436974774
,,,
0.1811429137367534,-1.0157238253028334e-18,0.21008080808080798,-0.002731092436974774
