Training error,Training violation,Test error,Test violation
0.17776119402985077,-0.013033175355450236,0.19151515151515158,0.020891364902506985
,,,
0.17776119402985077,-0.013033175355450236,0.19151515151515158,0.020891364902506985
