Training error,Training violation,Test error,Test violation
0.18477611940298577,-0.0019607843137254906,0.19040404040404113,0.013602638087386706
,,,
0.18477611940298577,-0.0019607843137254906,0.19040404040404113,0.013602638087386706
