Training error,Training violation,Test error,Test violation
0.1782800884066707,5.632452779880485e-20,0.20105050505050506,-0.0046420141620770565
,,,
0.1782800884066707,5.632452779880485e-20,0.20105050505050506,-0.0046420141620770565
