Training error,Training violation,Test error,Test violation
0.18308349556564996,-4.7588769732637635e-18,0.18931927975406232,0.015333850931677044
,,,
0.18308349556564996,-4.7588769732637635e-18,0.18931927975406232,0.015333850931677044
