Training error,Training violation,Test error,Test violation
0.18016791044776118,-2.594982160605882e-18,0.18967171717171716,0.0327956989247312
,,,
0.18016791044776118,-2.594982160605882e-18,0.18967171717171716,0.0327956989247312
