Training error,Training violation,Test error,Test violation
0.18162969142538127,3.13078767121892e-18,0.20394775783310815,0.0024563483292813115
,,,
0.18162969142538127,3.13078767121892e-18,0.20394775783310815,0.0024563483292813115
