Training error,Training violation,Test error,Test violation
0.1802541092008313,2.1127519754411688e-18,0.19310254443165834,0.050305890402688604
,,,
0.1802541092008313,2.1127519754411688e-18,0.19310254443165834,0.050305890402688604
