Training error,Training violation,Test error,Test violation
0.18033720287451627,-1.6987358933180837e-19,0.19061728395061722,0.0247863247863248
,,,
0.18033720287451627,-1.6987358933180837e-19,0.19061728395061722,0.0247863247863248
