Training error,Training violation,Test error,Test violation
0.18154228855721394,-0.024366471734892814,0.19696969696969696,0.025041736227045086
,,,
0.18154228855721394,-0.024366471734892814,0.19696969696969696,0.025041736227045086
