Training error,Training violation,Test error,Test violation
0.17064676616915422,0.13274161735700196,0.1804040404040404,0.15798045602605865
,,,
0.17064676616915422,0.13274161735700196,0.1804040404040404,0.15798045602605865
