Training error,Training violation,Test error,Test violation
0.18325041459369804,1.9862999800768072e-17,0.1940404040404039,0.02571926765475155
,,,
0.18325041459369804,1.9862999800768072e-17,0.1940404040404039,0.02571926765475155
