Training error,Training violation,Test error,Test violation
0.1720398009950249,0.12104841936774707,0.17929292929292928,0.1384493670886076
,,,
0.1720398009950249,0.12104841936774707,0.17929292929292928,0.1384493670886076
