Training error,Training violation,Test error,Test violation
0.17218905472636817,0.15413533834586468,0.1778787878787879,0.16635687732342008
,,,
0.17218905472636817,0.15413533834586468,0.1778787878787879,0.16635687732342008
