Training error,Training violation,Test error,Test violation
0.18193959281606184,-1.4070370387832412e-16,0.19118489863170748,0.023741053790601957
,,,
0.18193959281606184,-1.4070370387832412e-16,0.19118489863170748,0.023741053790601957
