Training error,Training violation,Test error,Test violation
0.18587064676616916,-0.011305037683458918,0.19696969696969696,0.015017667844522964
,,,
0.18587064676616916,-0.011305037683458918,0.19696969696969696,0.015017667844522964
