Training error,Training violation,Test error,Test violation
0.1837313432835821,-0.026627218934911268,0.2009090909090909,0.03827361563517917
,,,
0.1837313432835821,-0.026627218934911268,0.2009090909090909,0.03827361563517917
