Training error,Training violation,Test error,Test violation
0.18074626865671645,-3.9455760368037734e-18,0.19599116161616165,0.06176391862955036
,,,
0.18074626865671645,-3.9455760368037734e-18,0.19599116161616165,0.06176391862955036
