Training error,Training violation,Test error,Test violation
0.17929425453378273,2.0476563199044473e-18,0.1929883512544803,0.04254381371316854
,,,
0.17929425453378273,2.0476563199044473e-18,0.1929883512544803,0.04254381371316854
