Training error,Training violation,Test error,Test violation
0.18671641791044774,-0.02771179730799688,0.1972727272727272,0.0009174311926605225
,,,
0.18671641791044774,-0.02771179730799688,0.1972727272727272,0.0009174311926605225
