Training error,Training violation,Test error,Test violation
0.17199004975124377,0.13126491646778043,0.17898989898989898,0.1509207365892714
,,,
0.17199004975124377,0.13126491646778043,0.17898989898989898,0.1509207365892714
