Training error,Training violation,Test error,Test violation
0.1792221256730048,1.5624282994173262e-18,0.1926490936764909,0.063537510811037
,,,
0.1792221256730048,1.5624282994173262e-18,0.1926490936764909,0.063537510811037
