Training error,Training violation,Test error,Test violation
0.1844278606965154,-0.01848906560636167,0.1942424242424221,-0.0032051282051281586
,,,
0.1844278606965154,-0.01848906560636167,0.1942424242424221,-0.0032051282051281586
