Training error,Training violation,Test error,Test violation
0.17587064676616918,-0.0060951631930790135,0.19242424242424247,0.06962025316455696
,,,
0.17587064676616918,-0.0060951631930790135,0.19242424242424247,0.06962025316455696
