Training error,Training violation,Test error,Test violation
0.18348258706467663,-0.02457695406929894,0.19686868686868686,-0.004057709648331853
,,,
0.18348258706467663,-0.02457695406929894,0.19686868686868686,-0.004057709648331853
