Training error,Training violation,Test error,Test violation
0.18845771144278606,-0.03656307129798908,0.2016161616161616,0.014193025141930271
,,,
0.18845771144278606,-0.03656307129798908,0.2016161616161616,0.014193025141930271
