Training error,Training violation,Test error,Test violation
0.1739303482587061,-0.0007942811755361473,0.1896969696969693,0.055973659454374325
,,,
0.1739303482587061,-0.0007942811755361473,0.1896969696969693,0.055973659454374325
