Training error,Training violation,Test error,Test violation
0.18756218905472638,-0.023338607594936667,0.19353535353535353,0.01174089068825912
,,,
0.18756218905472638,-0.023338607594936667,0.19353535353535353,0.01174089068825912
