Training error,Training violation,Test error,Test violation
0.18616915422885574,0.0018528321863419688,0.1893939393939394,0.008605851979345937
,,,
0.18616915422885574,0.0018528321863419688,0.1893939393939394,0.008605851979345937
