Training error,Training violation,Test error,Test violation
0.18288702261288314,5.0340945974687295e-18,0.1942011956297671,0.03775180401831063
,,,
0.18288702261288314,5.0340945974687295e-18,0.1942011956297671,0.03775180401831063
