Training error,Training violation,Test error,Test violation
0.17676616915422885,-0.0051669316375199115,0.19292929292929292,0.009276437847866414
,,,
0.17676616915422885,-0.0051669316375199115,0.19292929292929292,0.009276437847866414
