Training error,Training violation,Test error,Test violation
0.17144278606965174,0.15843949044585987,0.18333333333333332,0.18369175627240142
,,,
0.17144278606965174,0.15843949044585987,0.18333333333333332,0.18369175627240142
