Training error,Training violation,Test error,Test violation
0.18137528648890386,-1.9631374184736053e-18,0.19193536488480312,0.013916460926084567
,,,
0.18137528648890386,-1.9631374184736053e-18,0.19193536488480312,0.013916460926084567
