Training error,Training violation,Test error,Test violation
0.20422885572139304,-0.08110801115982458,0.21777777777777776,-0.035171102661596954
,,,
0.20422885572139304,-0.08110801115982458,0.21777777777777776,-0.035171102661596954
