Training error,Training violation,Test error,Test violation
0.18982680181977818,5.051650084204519e-19,0.1964443904283477,0.011225150476007754
,,,
0.18982680181977818,5.051650084204519e-19,0.1964443904283477,0.011225150476007754
