Training error,Training violation,Test error,Test violation
0.18788762255331956,-6.233281115390084e-20,0.2023357228195938,0.0418143684272717
,,,
0.18788762255331956,-6.233281115390084e-20,0.2023357228195938,0.0418143684272717
