Training error,Training violation,Test error,Test violation
0.17804683966530982,3.2344803655108486e-18,0.1992893422865014,0.034818029049544015
,,,
0.17804683966530982,3.2344803655108486e-18,0.1992893422865014,0.034818029049544015
