Training error,Training violation,Test error,Test violation
0.18512474396427253,2.1626287149460926e-18,0.1929057239057239,-0.0060900026946914924
,,,
0.18512474396427253,2.1626287149460926e-18,0.1929057239057239,-0.0060900026946914924
