Training error,Training violation,Test error,Test violation
0.17348258706467662,-0.0077868852459016535,0.1995959595959596,0.036219081272084785
,,,
0.17348258706467662,-0.0077868852459016535,0.1995959595959596,0.036219081272084785
