Training error,Training violation,Test error,Test violation
0.18256797728850038,-3.640608545245998e-14,0.19119491312056985,0.04053815960775937
,,,
0.18256797728850038,-3.640608545245998e-14,0.19119491312056985,0.04053815960775937
