Training error,Training violation,Test error,Test violation
0.17736586252328385,-1.0510205017191853e-18,0.20831496786042245,0.028847800034240697
,,,
0.17736586252328385,-1.0510205017191853e-18,0.20831496786042245,0.028847800034240697
