Training error,Training violation,Test error,Test violation
0.18139303482586863,1.1954152037071595e-16,0.19295454545454338,0.028588807785887783
,,,
0.18139303482586863,1.1954152037071595e-16,0.19295454545454338,0.028588807785887783
