Training error,Training violation,Test error,Test violation
0.16895522388059703,0.13403079352546388,0.18444444444444444,0.18292682926829268
,,,
0.16895522388059703,0.13403079352546388,0.18444444444444444,0.18292682926829268
