Training error,Training violation,Test error,Test violation
0.1878544261905734,2.967645862855863e-18,0.19766816863298134,0.01646444493012129
,,,
0.1878544261905734,2.967645862855863e-18,0.19766816863298134,0.01646444493012129
