Training error,Training violation,Test error,Test violation
0.1700497512437811,0.15934959349593497,0.18828282828282827,0.17819148936170215
,,,
0.1700497512437811,0.15934959349593497,0.18828282828282827,0.17819148936170215
