Training error,Training violation,Test error,Test violation
0.1860696517412935,-0.020974830203755453,0.19858585858585853,-0.0021682567215958177
,,,
0.1860696517412935,-0.020974830203755453,0.19858585858585853,-0.0021682567215958177
