Training error,Training violation,Test error,Test violation
0.17696517412935323,-0.0038583749432592462,0.1904040404040404,0.06617647058823528
,,,
0.17696517412935323,-0.0038583749432592462,0.1904040404040404,0.06617647058823528
