Training error,Training violation,Test error,Test violation
0.18746268656716417,-0.03351087438970257,0.1997979797979798,0.001411100658513631
,,,
0.18746268656716417,-0.03351087438970257,0.1997979797979798,0.001411100658513631
