Training error,Training violation,Test error,Test violation
0.18059701492537317,-0.01000000000000001,0.1938383838383839,0.052132701421800945
,,,
0.18059701492537317,-0.01000000000000001,0.1938383838383839,0.052132701421800945
