Training error,Training violation,Test error,Test violation
0.17702203269367445,1.5070013754943497e-18,0.19134199134199134,0.039883645765998725
,,,
0.17702203269367445,1.5070013754943497e-18,0.19134199134199134,0.039883645765998725
