Training error,Training violation,Test error,Test violation
0.1923069916699216,1.4294343150112365e-17,0.20015151515151536,0.029254438261791228
,,,
0.1923069916699216,1.4294343150112365e-17,0.20015151515151536,0.029254438261791228
