Training error,Training violation,Test error,Test violation
0.17527363184079603,0.1637829335430594,0.1778787878787879,0.17255813953488375
,,,
0.17527363184079603,0.1637829335430594,0.1778787878787879,0.17255813953488375
