Training error,Training violation,Test error,Test violation
0.17992347784885096,-3.2464236571571176e-18,0.18880711880711878,0.04253817798841498
,,,
0.17992347784885096,-3.2464236571571176e-18,0.18880711880711878,0.04253817798841498
