Training error,Training violation,Test error,Test violation
0.17791044776119402,-0.0030816640986132127,0.19292929292929292,0.05009276437847865
,,,
0.17791044776119402,-0.0030816640986132127,0.19292929292929292,0.05009276437847865
