Training error,Training violation,Test error,Test violation
0.19267788890650822,0.011574074074074073,0.20260076146177478,0.02769127067928707
,,,
0.19267788890650822,0.011574074074074073,0.20260076146177478,0.02769127067928707
