Training error,Training violation,Test error,Test violation
0.1802985074626866,-0.0017921146953404636,0.19272727272727277,0.03174603174603175
,,,
0.1802985074626866,-0.0017921146953404636,0.19272727272727277,0.03174603174603175
