Training error,Training violation,Test error,Test violation
0.18164944508228092,-1.3112478716474967e-18,0.18963480963480966,0.022735197712532247
,,,
0.18164944508228092,-1.3112478716474967e-18,0.18963480963480966,0.022735197712532247
