Training error,Training violation,Test error,Test violation
0.18099926503844413,1.5831733902462345e-18,0.18668158861340678,0.02934447960318137
,,,
0.18099926503844413,1.5831733902462345e-18,0.18668158861340678,0.02934447960318137
