Training error,Training violation,Test error,Test violation
0.17472636815920398,-0.006300630063006296,0.19535353535353536,0.0399628252788104
,,,
0.17472636815920398,-0.006300630063006296,0.19535353535353536,0.0399628252788104
