Training error,Training violation,Test error,Test violation
0.1690547263681592,0.13751987281399047,0.18151515151515152,0.14153969526864474
,,,
0.1690547263681592,0.13751987281399047,0.18151515151515152,0.14153969526864474
