Training error,Training violation,Test error,Test violation
0.18552410043629414,-2.5297680971917444e-17,0.20418660287081325,0.0030787274593167663
,,,
0.18552410043629414,-2.5297680971917444e-17,0.20418660287081325,0.0030787274593167663
