Training error,Training violation,Test error,Test violation
0.1824740570011378,0.0016069788797061504,0.19667152627207724,0.02513288176340723
,,,
0.1824740570011378,0.0016069788797061504,0.19667152627207724,0.02513288176340723
