Training error,Training violation,Test error,Test violation
0.1707960199004975,0.15140845070422537,0.18252525252525253,0.17771333885666946
,,,
0.1707960199004975,0.15140845070422537,0.18252525252525253,0.17771333885666946
