Training error,Training violation,Test error,Test violation
0.20383084577114427,-0.09555025824394126,0.21777777777777776,-0.033649289099526025
,,,
0.20383084577114427,-0.09555025824394126,0.21777777777777776,-0.033649289099526025
