Training error,Training violation,Test error,Test violation
0.17677055896985652,-2.4122199323656417e-18,0.19059640522875806,0.03967649730191803
,,,
0.17677055896985652,-2.4122199323656417e-18,0.19059640522875806,0.03967649730191803
