Training error,Training violation,Test error,Test violation
0.18641791044776118,-0.025336500395882866,0.19636363636363635,0.008256880733944927
,,,
0.18641791044776118,-0.025336500395882866,0.19636363636363635,0.008256880733944927
