Training error,Training violation,Test error,Test violation
0.19686567164179106,-0.057753164556962,0.20494949494949494,-0.038461538461538436
,,,
0.19686567164179106,-0.057753164556962,0.20494949494949494,-0.038461538461538436
