Training error,Training violation,Test error,Test violation
0.1879657727018348,0.0015991471215351933,0.20076058967121937,0.02025883465597203
,,,
0.1879657727018348,0.0015991471215351933,0.20076058967121937,0.02025883465597203
