Training error,Training violation,Test error,Test violation
0.17114427860696518,0.1325328500226552,0.1809090909090909,0.1513470681458003
,,,
0.17114427860696518,0.1325328500226552,0.1809090909090909,0.1513470681458003
