Training error,Training violation,Test error,Test violation
0.17592960827202223,2.0334528263672158e-17,0.2079393939393939,0.008256029684601105
,,,
0.17592960827202223,2.0334528263672158e-17,0.2079393939393939,0.008256029684601105
