Training error,Training violation,Test error,Test violation
0.18213930348258706,-0.014444004748713879,0.19656565656565655,0.018608414239482174
,,,
0.18213930348258706,-0.014444004748713879,0.19656565656565655,0.018608414239482174
