Training error,Training violation,Test error,Test violation
0.17845771144278608,-0.010306917086578049,0.19535353535353536,0.03394495412844034
,,,
0.17845771144278608,-0.010306917086578049,0.19535353535353536,0.03394495412844034
