Training error,Training violation,Test error,Test violation
0.1938308457711443,-0.054694621695533296,0.20575757575757575,-0.021662245800176838
,,,
0.1938308457711443,-0.054694621695533296,0.20575757575757575,-0.021662245800176838
