Training error,Training violation,Test error,Test violation
0.19135839398051052,-4.4510087614039216e-18,0.1904743718173469,0.004337366006078514
,,,
0.19135839398051052,-4.4510087614039216e-18,0.1904743718173469,0.004337366006078514
