Training error,Training violation,Test error,Test violation
0.17752426698689083,0.0,0.20545454545454545,0.047169811320754707
,,,
0.17752426698689083,0.0,0.20545454545454545,0.047169811320754707
