Training error,Training violation,Test error,Test violation
0.18307805632034002,-2.9883384444194724e-18,0.1899965676179268,0.025533621995714864
,,,
0.18307805632034002,-2.9883384444194724e-18,0.1899965676179268,0.025533621995714864
