Training error,Training violation,Test error,Test violation
0.1709950248756219,0.1502008032128514,0.18252525252525253,0.16221523959151612
,,,
0.1709950248756219,0.1502008032128514,0.18252525252525253,0.16221523959151612
