Training error,Training violation,Test error,Test violation
0.18370361169573532,5.7841490672525514e-18,0.19982564498488065,-0.014456723586235305
,,,
0.18370361169573532,5.7841490672525514e-18,0.19982564498488065,-0.014456723586235305
