Training error,Training violation,Test error,Test violation
0.20363184079601987,-0.08805031446540877,0.2136363636363636,-0.06417359187442294
,,,
0.20363184079601987,-0.08805031446540877,0.2136363636363636,-0.06417359187442294
