Training error,Training violation,Test error,Test violation
0.17663016176027352,-0.014563106796116517,0.20464646464646494,-0.006816359262229352
,,,
0.17663016176027352,-0.014563106796116517,0.20464646464646494,-0.006816359262229352
