Training error,Training violation,Test error,Test violation
0.18116567845702994,-4.9982137389687254e-18,0.1876456344264564,0.027559417203156012
,,,
0.18116567845702994,-4.9982137389687254e-18,0.1876456344264564,0.027559417203156012
