Training error,Training violation,Test error,Test violation
0.1872139303482587,-0.019652650822669093,0.20414141414141415,0.03389043639740019
,,,
0.1872139303482587,-0.019652650822669093,0.20414141414141415,0.03389043639740019
