Training error,Training violation,Test error,Test violation
0.1935820895522388,-0.030782761653474044,0.19777777777777777,-0.010504201680672232
,,,
0.1935820895522388,-0.030782761653474044,0.19777777777777777,-0.010504201680672232
