Training error,Training violation,Test error,Test violation
0.18217121081522478,7.439560291569853e-18,0.19302631174971602,-0.01092764895607975
,,,
0.18217121081522478,7.439560291569853e-18,0.19302631174971602,-0.01092764895607975
