Training error,Training violation,Test error,Test violation
0.1802934905305407,2.461741243179042e-18,0.19072574484339203,0.0198522622345337
,,,
0.1802934905305407,2.461741243179042e-18,0.19072574484339203,0.0198522622345337
