Training error,Training violation,Test error,Test violation
0.1754112769485879,4.006802645439782e-18,0.19710774410774132,0.023496789258610273
,,,
0.1754112769485879,4.006802645439782e-18,0.19710774410774132,0.023496789258610273
