Training error,Training violation,Test error,Test violation
0.1959383931406795,-1.7507773554805164e-17,0.2010576509778637,0.005358659791777748
,,,
0.1959383931406795,-1.7507773554805164e-17,0.2010576509778637,0.005358659791777748
