Training error,Training violation,Test error,Test violation
0.19024875621890547,-0.04574510587295244,0.20040404040404042,-0.01746031746031751
,,,
0.19024875621890547,-0.04574510587295244,0.20040404040404042,-0.01746031746031751
