Training error,Training violation,Test error,Test violation
0.17905472636815922,-0.00503663003663002,0.1856565656565657,0.04226475279106857
,,,
0.17905472636815922,-0.00503663003663002,0.1856565656565657,0.04226475279106857
