Training error,Training violation,Test error,Test violation
0.1821942847143589,0.006542056074766378,0.20238337941048218,0.03261956458218142
,,,
0.1821942847143589,0.006542056074766378,0.20238337941048218,0.03261956458218142
