Training error,Training violation,Test error,Test violation
0.19621890547263682,-0.05974338412189251,0.21363636363636362,-0.03492647058823528
,,,
0.19621890547263682,-0.05974338412189251,0.21363636363636362,-0.03492647058823528
