Training error,Training violation,Test error,Test violation
0.1778109452736318,-0.025834658187599332,0.19636363636363632,0.02526062550120289
,,,
0.1778109452736318,-0.025834658187599332,0.19636363636363632,0.02526062550120289
