Training error,Training violation,Test error,Test violation
0.18044776119402997,-0.0013698630136986809,0.18888888888888902,0.02560000000000003
,,,
0.18044776119402997,-0.0013698630136986809,0.18888888888888902,0.02560000000000003
