Training error,Training violation,Test error,Test violation
0.17952057892356396,0.0010405827263267329,0.18825528007346184,0.04820683903252709
,,,
0.17952057892356396,0.0010405827263267329,0.18825528007346184,0.04820683903252709
