Training error,Training violation,Test error,Test violation
0.1716915422885572,0.13969709047429257,0.1780808080808081,0.17862838915470497
,,,
0.1716915422885572,0.13969709047429257,0.1780808080808081,0.17862838915470497
