Training error,Training violation,Test error,Test violation
0.18034825870646762,-0.00619752099160331,0.19222222222222216,0.0364500792393027
,,,
0.18034825870646762,-0.00619752099160331,0.19222222222222216,0.0364500792393027
