Training error,Training violation,Test error,Test violation
0.18676616915422886,-0.013371788148925035,0.19303030303030302,0.02795031055900621
,,,
0.18676616915422886,-0.013371788148925035,0.19303030303030302,0.02795031055900621
