Training error,Training violation,Test error,Test violation
0.18124378109452735,-0.02129995608256474,0.19727272727272727,0.03882132834424695
,,,
0.18124378109452735,-0.02129995608256474,0.19727272727272727,0.03882132834424695
