Training error,Training violation,Test error,Test violation
0.18714555765595464,-0.018248175182481785,0.21808080808080807,-0.0017605633802817433
,,,
0.18714555765595464,-0.018248175182481785,0.21808080808080807,-0.0017605633802817433
