Training error,Training violation,Test error,Test violation
0.1727363184079602,0.15982636148382007,0.18141414141414142,0.20651117589893098
,,,
0.1727363184079602,0.15982636148382007,0.18141414141414142,0.20651117589893098
