Training error,Training violation,Test error,Test violation
0.17906377204884666,-1.694715887722357e-18,0.18753902662993577,0.02984691695886433
,,,
0.17906377204884666,-1.694715887722357e-18,0.18753902662993577,0.02984691695886433
