Training error,Training violation,Test error,Test violation
0.18775452347202554,-1.4439229772739098e-16,0.18668133852491414,0.015512259898434886
,,,
0.18775452347202554,-1.4439229772739098e-16,0.18668133852491414,0.015512259898434886
