Training error,Training violation,Test error,Test violation
0.18870646766169155,-0.05438274437815516,0.21232323232323233,0.02719665271966526
,,,
0.18870646766169155,-0.05438274437815516,0.21232323232323233,0.02719665271966526
