Training error,Training violation,Test error,Test violation
0.1893219333794603,7.434193590253462e-19,0.19762158003879857,0.04510639452828142
,,,
0.1893219333794603,7.434193590253462e-19,0.19762158003879857,0.04510639452828142
