Training error,Training violation,Test error,Test violation
0.18349253731343287,4.917964061336909e-18,0.19671717171717176,0.0160504959422903
,,,
0.18349253731343287,4.917964061336909e-18,0.19671717171717176,0.0160504959422903
