Training error,Training violation,Test error,Test violation
0.18602806756705798,7.750808439207066e-19,0.19392717497556206,0.004765260545905725
,,,
0.18602806756705798,7.750808439207066e-19,0.19392717497556206,0.004765260545905725
