Training error,Training violation,Test error,Test violation
0.20233830845771142,0.0024325519681556718,0.20434343434343433,0.0011783189316574851
,,,
0.20233830845771142,0.0024325519681556718,0.20434343434343433,0.0011783189316574851
