Training error,Training violation,Test error,Test violation
0.18462686567164188,-0.010260457774269987,0.19606060606060616,0.013425549227013838
,,,
0.18462686567164188,-0.010260457774269987,0.19606060606060616,0.013425549227013838
