Training error,Training violation,Test error,Test violation
0.1788557213930352,-0.009858044164037927,0.1951515151515156,0.015077424612876955
,,,
0.1788557213930352,-0.009858044164037927,0.1951515151515156,0.015077424612876955
