Training error,Training violation,Test error,Test violation
0.17731343283582085,-0.006111362607514657,0.19222222222222216,0.04166666666666667
,,,
0.17731343283582085,-0.006111362607514657,0.19222222222222216,0.04166666666666667
