Training error,Training violation,Test error,Test violation
0.1753731343283583,-0.02137643378519295,0.19636363636363643,0.020891364902506992
,,,
0.1753731343283583,-0.02137643378519295,0.19636363636363643,0.020891364902506992
