Training error,Training violation,Test error,Test violation
0.18961238450604123,5.638393856253546e-18,0.19839141414141415,0.03403617961842717
,,,
0.18961238450604123,5.638393856253546e-18,0.19839141414141415,0.03403617961842717
