Training error,Training violation,Test error,Test violation
0.1828745163073521,2.9381635185801e-18,0.18890011223344555,0.005225773718924418
,,,
0.1828745163073521,2.9381635185801e-18,0.18890011223344555,0.005225773718924418
