Training error,Training violation,Test error,Test violation
0.17894212481894323,8.38904032236722e-18,0.19201713335890552,0.030538607089012303
,,,
0.17894212481894323,8.38904032236722e-18,0.19201713335890552,0.030538607089012303
