Training error,Training violation,Test error,Test violation
0.18558154065353977,9.907354483458618e-18,0.19034523640157436,0.017205057637306287
,,,
0.18558154065353977,9.907354483458618e-18,0.19034523640157436,0.017205057637306287
