Training error,Training violation,Test error,Test violation
0.18781094527363185,-0.05158885837583371,0.21202020202020203,0.0049423393739703725
,,,
0.18781094527363185,-0.05158885837583371,0.21202020202020203,0.0049423393739703725
