Training error,Training violation,Test error,Test violation
0.1951861215097152,1.519476536819835e-17,0.19871582272233734,0.0029727469250440484
,,,
0.1951861215097152,1.519476536819835e-17,0.19871582272233734,0.0029727469250440484
