Training error,Training violation,Test error,Test violation
0.19248756218905472,-0.05643879173290933,0.20696969696969697,-0.017241379310344862
,,,
0.19248756218905472,-0.05643879173290933,0.20696969696969697,-0.017241379310344862
