Training error,Training violation,Test error,Test violation
0.19229467742739237,4.945269377640435e-18,0.1981397017135848,0.014819587628865963
,,,
0.19229467742739237,4.945269377640435e-18,0.1981397017135848,0.014819587628865963
