Training error,Training violation,Test error,Test violation
0.1768386676244446,-1.692142378994819e-18,0.197089072543618,0.037593771848604504
,,,
0.1768386676244446,-1.692142378994819e-18,0.197089072543618,0.037593771848604504
