Training error,Training violation,Test error,Test violation
0.17432835820895523,3.390118743206054e-18,0.1966329966329966,0.07926461723930078
,,,
0.17432835820895523,3.390118743206054e-18,0.1966329966329966,0.07926461723930078
