Training error,Training violation,Test error,Test violation
0.17029850746268657,0.13345056662758892,0.17737373737373738,0.15282392026578073
,,,
0.17029850746268657,0.13345056662758892,0.17737373737373738,0.15282392026578073
