Training error,Training violation,Test error,Test violation
0.17431043318361322,-9.919445757144528e-19,0.20889301175015465,-0.0018763703828638537
,,,
0.17431043318361322,-9.919445757144528e-19,0.20889301175015465,-0.0018763703828638537
