Training error,Training violation,Test error,Test violation
0.1818407960199005,-0.014240506329113889,0.18898989898989899,0.028744939271255043
,,,
0.1818407960199005,-0.014240506329113889,0.18898989898989899,0.028744939271255043
