Training error,Training violation,Test error,Test violation
0.1770646766169154,0.004383702939659617,0.1901010101010101,0.047109207708779466
,,,
0.1770646766169154,0.004383702939659617,0.1901010101010101,0.047109207708779466
