Training error,Training violation,Test error,Test violation
0.17971926083866382,1.0034623893595062e-18,0.1941161616161616,0.02043504440764715
,,,
0.17971926083866382,1.0034623893595062e-18,0.1941161616161616,0.02043504440764715
