Training error,Training violation,Test error,Test violation
0.18191684241314018,7.22060113504876e-18,0.2076068376068376,0.05093337624718376
,,,
0.18191684241314018,7.22060113504876e-18,0.2076068376068376,0.05093337624718376
