Training error,Training violation,Test error,Test violation
0.17899257654942946,2.7942622943888913e-19,0.19460583755536434,0.02682353698577221
,,,
0.17899257654942946,2.7942622943888913e-19,0.19460583755536434,0.02682353698577221
