Training error,Training violation,Test error,Test violation
0.1783084577114428,-0.010745313214449048,0.19838383838383838,0.014842300556586252
,,,
0.1783084577114428,-0.010745313214449048,0.19838383838383838,0.014842300556586252
