Training error,Training violation,Test error,Test violation
0.18756218905472632,-0.04707495429616092,0.20808080808080803,0.004878048780487808
,,,
0.18756218905472632,-0.04707495429616092,0.20808080808080803,0.004878048780487808
