Training error,Training violation,Test error,Test violation
0.18428543246061488,7.567969450140574e-18,0.20561327561327558,0.028416429863084503
,,,
0.18428543246061488,7.567969450140574e-18,0.20561327561327558,0.028416429863084503
