Training error,Training violation,Test error,Test violation
0.18213295035613308,-2.01763229595425e-18,0.1940158782065258,0.02953419023738662
,,,
0.18213295035613308,-2.01763229595425e-18,0.1940158782065258,0.02953419023738662
