Training error,Training violation,Test error,Test violation
0.18303062710455117,2.539359291866146e-17,0.18790566794444918,0.03789340783696474
,,,
0.18303062710455117,2.539359291866146e-17,0.18790566794444918,0.03789340783696474
