Training error,Training violation,Test error,Test violation
0.18203980099502487,-0.024113192506974856,0.19585858585858587,0.018341307814992047
,,,
0.18203980099502487,-0.024113192506974856,0.19585858585858587,0.018341307814992047
