Training error,Training violation,Test error,Test violation
0.18797498991528838,-3.4480722446599827e-19,0.1851760851760851,0.012605780211414052
,,,
0.18797498991528838,-3.4480722446599827e-19,0.1851760851760851,0.012605780211414052
