Training error,Training violation,Test error,Test violation
0.18805303705906584,0.010078534031413594,0.1905806877583307,0.03631475282521729
,,,
0.18805303705906584,0.010078534031413594,0.1905806877583307,0.03631475282521729
