Training error,Training violation,Test error,Test violation
0.17853233830845766,5.1878754925785834e-20,0.19186868686868686,0.036958817317845824
,,,
0.17853233830845766,5.1878754925785834e-20,0.19186868686868686,0.036958817317845824
