Training error,Training violation,Test error,Test violation
0.18174273039136454,-8.857842036226015e-19,0.19407030594756236,0.03526129848066565
,,,
0.18174273039136454,-8.857842036226015e-19,0.19407030594756236,0.03526129848066565
