Training error,Training violation,Test error,Test violation
0.1761194029850746,-0.008482347546996838,0.19606060606060607,0.0411861614497529
,,,
0.1761194029850746,-0.008482347546996838,0.19606060606060607,0.0411861614497529
