Training error,Training violation,Test error,Test violation
0.18263681592039785,-0.007821901323706408,0.19828282828282812,0.03722902921771911
,,,
0.18263681592039785,-0.007821901323706408,0.19828282828282812,0.03722902921771911
