Training error,Training violation,Test error,Test violation
0.1915818595000494,5.47170971000818e-18,0.19746381339164842,0.005728580091830603
,,,
0.1915818595000494,5.47170971000818e-18,0.19746381339164842,0.005728580091830603
