Training error,Training violation,Test error,Test violation
0.17852404643449418,9.49518907847538e-19,0.18936868686868683,0.024939172749391728
,,,
0.17852404643449418,9.49518907847538e-19,0.18936868686868683,0.024939172749391728
