Training error,Training violation,Test error,Test violation
0.18364842454394698,6.512569792657463e-19,0.19213804713804716,0.03484081804764911
,,,
0.18364842454394698,6.512569792657463e-19,0.19213804713804716,0.03484081804764911
