Training error,Training violation,Test error,Test violation
0.16880597014925372,0.12881219903691815,0.18545454545454546,0.16168371361132966
,,,
0.16880597014925372,0.12881219903691815,0.18545454545454546,0.16168371361132966
