Training error,Training violation,Test error,Test violation
0.1700995024875622,0.1364353312302839,0.18262626262626264,0.13406682966585165
,,,
0.1700995024875622,0.1364353312302839,0.18262626262626264,0.13406682966585165
