Training error,Training violation,Test error,Test violation
0.1828326037936066,1.2048061163190366e-18,0.1979180695847363,0.02246732026143789
,,,
0.1828326037936066,1.2048061163190366e-18,0.1979180695847363,0.02246732026143789
