Training error,Training violation,Test error,Test violation
0.1845771144278607,-0.03411306042884987,0.19757575757575757,0.01669449081803004
,,,
0.1845771144278607,-0.03411306042884987,0.19757575757575757,0.01669449081803004
