Training error,Training violation,Test error,Test violation
0.1776181592039801,1.692114900231492e-17,0.19421717171717173,0.03359374999999999
,,,
0.1776181592039801,1.692114900231492e-17,0.19421717171717173,0.03359374999999999
