Training error,Training violation,Test error,Test violation
0.18308457711442785,-0.003860010293360805,0.18858585858585858,0.022727272727272707
,,,
0.18308457711442785,-0.003860010293360805,0.18858585858585858,0.022727272727272707
