Training error,Training violation,Test error,Test violation
0.17298507462686558,-0.0006765899864682453,0.18959595959595948,0.07323688969258586
,,,
0.17298507462686558,-0.0006765899864682453,0.18959595959595948,0.07323688969258586
