Training error,Training violation,Test error,Test violation
0.17953765654486187,-6.8378348563947e-18,0.1909907117148496,0.053451907537542406
,,,
0.17953765654486187,-6.8378348563947e-18,0.1909907117148496,0.053451907537542406
