Training error,Training violation,Test error,Test violation
0.17693979943006125,0.021042084168336694,0.1985196882571785,0.029550130972510077
,,,
0.17693979943006125,0.021042084168336694,0.1985196882571785,0.029550130972510077
