Training error,Training violation,Test error,Test violation
0.1809594412045732,-4.203752076393504e-18,0.19315673289183224,0.03237266611391566
,,,
0.1809594412045732,-4.203752076393504e-18,0.19315673289183224,0.03237266611391566
