Training error,Training violation,Test error,Test violation
0.17741293532338298,-0.00597133757961787,0.19191919191919177,0.03136200716845875
,,,
0.17741293532338298,-0.00597133757961787,0.19191919191919177,0.03136200716845875
