Training error,Training violation,Test error,Test violation
0.18109452736318407,-7.687237372808104e-18,0.19383838383838387,0.018772563176895327
,,,
0.18109452736318407,-7.687237372808104e-18,0.19383838383838387,0.018772563176895327
