Training error,Training violation,Test error,Test violation
0.17809830159547094,-4.086819194555545e-18,0.19370080111459426,0.0325448337383494
,,,
0.17809830159547094,-4.086819194555545e-18,0.19370080111459426,0.0325448337383494
