Training error,Training violation,Test error,Test violation
0.1772824485528255,1.5608437364749005e-18,0.20852677720602253,0.0043160152096736355
,,,
0.1772824485528255,1.5608437364749005e-18,0.20852677720602253,0.0043160152096736355
