Training error,Training violation,Test error,Test violation
0.19154228855721386,-0.041633935585231756,0.20212121212121206,-0.008804448563484722
,,,
0.19154228855721386,-0.041633935585231756,0.20212121212121206,-0.008804448563484722
