Training error,Training violation,Test error,Test violation
0.18472636815920418,-0.03344077356970191,0.20080808080808102,-0.008287292817679601
,,,
0.18472636815920418,-0.03344077356970191,0.20080808080808102,-0.008287292817679601
