Training error,Training violation,Test error,Test violation
0.18261888036699878,2.4467931802550253e-18,0.19467619047619047,0.01886839637386683
,,,
0.18261888036699878,2.4467931802550253e-18,0.19467619047619047,0.01886839637386683
