Training error,Training violation,Test error,Test violation
0.18155148836002638,1.4618505738822597e-18,0.1937094255924659,0.029693230973555643
,,,
0.18155148836002638,1.4618505738822597e-18,0.1937094255924659,0.029693230973555643
