Training error,Training violation,Test error,Test violation
0.17517412935323393,-0.007376185458377264,0.20080808080808088,0.07450628366247761
,,,
0.17517412935323393,-0.007376185458377264,0.20080808080808088,0.07450628366247761
