Training error,Training violation,Test error,Test violation
0.18021232420574293,-8.120804743430263e-18,0.1912288236697685,0.03455634222192817
,,,
0.18021232420574293,-8.120804743430263e-18,0.1912288236697685,0.03455634222192817
