Training error,Training violation,Test error,Test violation
0.18291871566530318,0.008892276422764248,0.19564307279367135,0.02394021517073139
,,,
0.18291871566530318,0.008892276422764248,0.19564307279367135,0.02394021517073139
