Training error,Training violation,Test error,Test violation
0.19303482587064677,-0.06742081447963799,0.20747474747474748,-0.03179190751445082
,,,
0.19303482587064677,-0.06742081447963799,0.20747474747474748,-0.03179190751445082
