Training error,Training violation,Test error,Test violation
0.186318407960199,-0.01978891820580475,0.19404040404040404,0.02073365231259966
,,,
0.186318407960199,-0.01978891820580475,0.19404040404040404,0.02073365231259966
