Training error,Training violation,Test error,Test violation
0.19548395704089122,-1.4182375743239786e-18,0.2133670033670034,0.03521617852161784
,,,
0.19548395704089122,-1.4182375743239786e-18,0.2133670033670034,0.03521617852161784
