Training error,Training violation,Test error,Test violation
0.18776119402985075,-0.029272151898734222,0.19353535353535353,0.006882591093117396
,,,
0.18776119402985075,-0.029272151898734222,0.19353535353535353,0.006882591093117396
