Training error,Training violation,Test error,Test violation
0.18013113414317028,-8.193961109205232e-18,0.20578189300411523,-0.003865420265846288
,,,
0.18013113414317028,-8.193961109205232e-18,0.20578189300411523,-0.003865420265846288
