Training error,Training violation,Test error,Test violation
0.18477611940298505,-0.04688128772635812,0.2055555555555555,0.00782472613458529
,,,
0.18477611940298505,-0.04688128772635812,0.2055555555555555,0.00782472613458529
