Training error,Training violation,Test error,Test violation
0.17459541653090044,4.200335689209568e-19,0.2037373737373738,0.03564187819317168
,,,
0.17459541653090044,4.200335689209568e-19,0.2037373737373738,0.03564187819317168
