Training error,Training violation,Test error,Test violation
0.18481519845567124,-6.798885918242806e-18,0.19046888442787502,0.015356454893783978
,,,
0.18481519845567124,-6.798885918242806e-18,0.19046888442787502,0.015356454893783978
