Training error,Training violation,Test error,Test violation
0.17303482587064675,0.14884277733439744,0.1798989898989899,0.1564593301435407
,,,
0.17303482587064675,0.14884277733439744,0.1798989898989899,0.1564593301435407
