Training error,Training violation,Test error,Test violation
0.16956004807464484,-1.3581371087385757e-19,0.2085397452788756,0.026076750357215708
,,,
0.16956004807464484,-1.3581371087385757e-19,0.2085397452788756,0.026076750357215708
