Training error,Training violation,Test error,Test violation
0.18333333333333332,-0.04959016393442628,0.20686868686868687,0.002127659574468088
,,,
0.18333333333333332,-0.04959016393442628,0.20686868686868687,0.002127659574468088
