Training error,Training violation,Test error,Test violation
0.17761194029850744,-0.013951395139513932,0.19757575757575754,0.04368029739776951
,,,
0.17761194029850744,-0.013951395139513932,0.19757575757575754,0.04368029739776951
