Training error,Training violation,Test error,Test violation
0.18930348258706473,-0.03860379103097545,0.2061616161616162,0.0005257623554153491
,,,
0.18930348258706473,-0.03860379103097545,0.2061616161616162,0.0005257623554153491
