Training error,Training violation,Test error,Test violation
0.194026093993423,0.002650176678445249,0.20151358104008282,-0.01096204155849343
,,,
0.194026093993423,0.002650176678445249,0.20151358104008282,-0.01096204155849343
