Training error,Training violation,Test error,Test violation
0.18208955223880596,-0.002598960415833629,0.19454545454545455,0.03350970017636684
,,,
0.18208955223880596,-0.002598960415833629,0.19454545454545455,0.03350970017636684
