Training error,Training violation,Test error,Test violation
0.1793716793716793,3.82924145067472e-18,0.21309764309764304,0.01978319783197833
,,,
0.1793716793716793,3.82924145067472e-18,0.21309764309764304,0.01978319783197833
