Training error,Training violation,Test error,Test violation
0.1936318407960199,-0.05206677265500792,0.2105050505050505,-0.01643945469125907
,,,
0.1936318407960199,-0.05206677265500792,0.2105050505050505,-0.01643945469125907
