Training error,Training violation,Test error,Test violation
0.18263681592039802,-0.004571179799738756,0.1891919191919192,0.012488436632747457
,,,
0.18263681592039802,-0.004571179799738756,0.1891919191919192,0.012488436632747457
