Training error,Training violation,Test error,Test violation
0.1750646959291331,-1.4516896456858562e-18,0.21042929292929294,-0.00987133984028399
,,,
0.1750646959291331,-1.4516896456858562e-18,0.21042929292929294,-0.00987133984028399
