Training error,Training violation,Test error,Test violation
0.18209559935130978,-1.45518097650879e-17,0.18963055974105703,0.03473316906689524
,,,
0.18209559935130978,-1.45518097650879e-17,0.18963055974105703,0.03473316906689524
