Training error,Training violation,Test error,Test violation
0.18197193643433313,-6.0236892670759875e-18,0.19409385113268604,0.01659548121960413
,,,
0.18197193643433313,-6.0236892670759875e-18,0.19409385113268604,0.01659548121960413
