Training error,Training violation,Test error,Test violation
0.17935323383084617,-0.016393442622950873,0.20060606060606104,0.02456538170823891
,,,
0.17935323383084617,-0.016393442622950873,0.20060606060606104,0.02456538170823891
