Training error,Training violation,Test error,Test violation
0.18602253632499746,1.1613460789432261e-17,0.188227306174326,0.0027423873259845907
,,,
0.18602253632499746,1.1613460789432261e-17,0.188227306174326,0.0027423873259845907
