Training error,Training violation,Test error,Test violation
0.19356245677442382,-9.246868218026582e-18,0.2093325633011731,-0.0057297276127440365
,,,
0.19356245677442382,-9.246868218026582e-18,0.2093325633011731,-0.0057297276127440365
