Training error,Training violation,Test error,Test violation
0.19203980099502488,-0.049284578696343395,0.20717171717171717,-0.017241379310344862
,,,
0.19203980099502488,-0.049284578696343395,0.20717171717171717,-0.017241379310344862
