Training error,Training violation,Test error,Test violation
0.17470545642975943,1.0517422022729185e-18,0.2078224101479915,0.03298400901841261
,,,
0.17470545642975943,1.0517422022729185e-18,0.2078224101479915,0.03298400901841261
