Training error,Training violation,Test error,Test violation
0.17890937920099273,-3.850821821133524e-19,0.19518697366272425,0.04466435648438489
,,,
0.17890937920099273,-3.850821821133524e-19,0.19518697366272425,0.04466435648438489
