Training error,Training violation,Test error,Test violation
0.18439160407114777,-1.5791207427420153e-16,0.18467963953258099,0.021772772921091105
,,,
0.18439160407114777,-1.5791207427420153e-16,0.18467963953258099,0.021772772921091105
