Training error,Training violation,Test error,Test violation
0.1801990049751243,-0.009986684420772326,0.19333333333333327,0.007996237064910646
,,,
0.1801990049751243,-0.009986684420772326,0.19333333333333327,0.007996237064910646
