Training error,Training violation,Test error,Test violation
0.1806743070362474,-4.6746741803295714e-18,0.1872601010101011,0.03381749829118249
,,,
0.1806743070362474,-4.6746741803295714e-18,0.1872601010101011,0.03381749829118249
