Training error,Training violation,Test error,Test violation
0.18433128475270702,8.466364632684059e-18,0.18467447585094643,0.000570598609814337
,,,
0.18433128475270702,8.466364632684059e-18,0.18467447585094643,0.000570598609814337
