Training error,Training violation,Test error,Test violation
0.183681592039801,-0.013674197384066611,0.19737373737373737,0.027419354838709664
,,,
0.183681592039801,-0.013674197384066611,0.19737373737373737,0.027419354838709664
