Training error,Training violation,Test error,Test violation
0.18427860696517412,-0.02811639795517107,0.1995959595959596,0.0
,,,
0.18427860696517412,-0.02811639795517107,0.1995959595959596,0.0
