Training error,Training violation,Test error,Test violation
0.18119402985074629,-0.014240506329113892,0.19262626262626267,0.039981185324553144
,,,
0.18119402985074629,-0.014240506329113892,0.19262626262626267,0.039981185324553144
