Training error,Training violation,Test error,Test violation
0.19517412935323392,-0.05545413053400275,0.21464646464646472,-0.008379888268156391
,,,
0.19517412935323392,-0.05545413053400275,0.21464646464646472,-0.008379888268156391
