Training error,Training violation,Test error,Test violation
0.18212954568348946,-0.011336982017200903,0.20555555555555555,-0.005154639175257714
,,,
0.18212954568348946,-0.011336982017200903,0.20555555555555555,-0.005154639175257714
