Training error,Training violation,Test error,Test violation
0.1720398009950249,0.12632197414806112,0.1812121212121212,0.16363636363636364
,,,
0.1720398009950249,0.12632197414806112,0.1812121212121212,0.16363636363636364
