Training error,Training violation,Test error,Test violation
0.18506396905682831,-0.026851851851851904,0.20929292929292928,0.000463392029657117
,,,
0.18506396905682831,-0.026851851851851904,0.20929292929292928,0.000463392029657117
