Training error,Training violation,Test error,Test violation
0.17820895522388058,-8.009468307580233e-18,0.19171717171717167,0.04083004869000693
,,,
0.17820895522388058,-8.009468307580233e-18,0.19171717171717167,0.04083004869000693
