Training error,Training violation,Test error,Test violation
0.17905472636815917,-2.034386736882182e-18,0.19055555555555556,0.037037037037037056
,,,
0.17905472636815917,-2.034386736882182e-18,0.19055555555555556,0.037037037037037056
