Training error,Training violation,Test error,Test violation
0.18777114427860697,3.949460077824573e-18,0.19729966329966334,0.02196969696969702
,,,
0.18777114427860697,3.949460077824573e-18,0.19729966329966334,0.02196969696969702
