Training error,Training violation,Test error,Test violation
0.17164179104477612,0.14460489370236662,0.1812121212121212,0.16929133858267714
,,,
0.17164179104477612,0.14460489370236662,0.1812121212121212,0.16929133858267714
