Training error,Training violation,Test error,Test violation
0.18451640104561934,5.550630822227037e-18,0.1911316555384352,0.011515288022974336
,,,
0.18451640104561934,5.550630822227037e-18,0.1911316555384352,0.011515288022974336
