Training error,Training violation,Test error,Test violation
0.18423521655340297,2.9340384717138642e-18,0.20616161616161616,0.006040892193308556
,,,
0.18423521655340297,2.9340384717138642e-18,0.20616161616161616,0.006040892193308556
