Training error,Training violation,Test error,Test violation
0.18613384403543734,1.6180859230886346e-18,0.19861279461279457,0.005436699639598195
,,,
0.18613384403543734,1.6180859230886346e-18,0.19861279461279457,0.005436699639598195
