Training error,Training violation,Test error,Test violation
0.1909950248756219,-0.03338601343342551,0.19777777777777777,-0.02029220779220775
,,,
0.1909950248756219,-0.03338601343342551,0.19777777777777777,-0.02029220779220775
