Training error,Training violation,Test error,Test violation
0.18031657501963866,-1.0523829243169088e-17,0.19652560694665955,0.0035413208345539656
,,,
0.18031657501963866,-1.0523829243169088e-17,0.19652560694665955,0.0035413208345539656
