Training error,Training violation,Test error,Test violation
0.16716417910447762,0.15204918032786885,0.18787878787878787,0.16817838246409678
,,,
0.16716417910447762,0.15204918032786885,0.18787878787878787,0.16817838246409678
