Training error,Training violation,Test error,Test violation
0.20348258706467662,-0.08755225267069211,0.21888888888888888,-0.06474820143884896
,,,
0.20348258706467662,-0.08755225267069211,0.21888888888888888,-0.06474820143884896
