Training error,Training violation,Test error,Test violation
0.1838805970149254,-0.006368028107158532,0.19111111111111118,0.012605042016806737
,,,
0.1838805970149254,-0.006368028107158532,0.19111111111111118,0.012605042016806737
