Training error,Training violation,Test error,Test violation
0.18696517412935304,-0.016912057302029476,0.1984848484848483,0.023999999999999997
,,,
0.18696517412935304,-0.016912057302029476,0.1984848484848483,0.023999999999999997
