Training error,Training violation,Test error,Test violation
0.18995024875619726,-0.04095765730114297,0.20777777777775408,-0.005663430420711289
,,,
0.18995024875619726,-0.04095765730114297,0.20777777777775408,-0.005663430420711289
