Training error,Training violation,Test error,Test violation
0.1722470978441128,2.3870853324081327e-18,0.19018518518518518,0.066916488222698
,,,
0.1722470978441128,2.3870853324081327e-18,0.19018518518518518,0.066916488222698
