Training error,Training violation,Test error,Test violation
0.18754385964912282,8.7131812486344e-19,0.19305263157894736,0.0213960827995916
,,,
0.18754385964912282,8.7131812486344e-19,0.19305263157894736,0.0213960827995916
