Training error,Training violation,Test error,Test violation
0.17528706939590616,-2.399548238208024e-18,0.19712121212121214,0.010828625235404895
,,,
0.17528706939590616,-2.399548238208024e-18,0.19712121212121214,0.010828625235404895
