Training error,Training violation,Test error,Test violation
0.16791044776119404,0.12048431917427549,0.18686868686868688,0.17363344051446944
,,,
0.16791044776119404,0.12048431917427549,0.18686868686868688,0.17363344051446944
