Training error,Training violation,Test error,Test violation
0.18277771448102997,-2.2053454516056024e-19,0.19357390700902152,0.04557084137236818
,,,
0.18277771448102997,-2.2053454516056024e-19,0.19357390700902152,0.04557084137236818
