Training error,Training violation,Test error,Test violation
0.18248746238716146,1.039405153563038e-18,0.20812121212121212,-0.00752521334367728
,,,
0.18248746238716146,1.039405153563038e-18,0.20812121212121212,-0.00752521334367728
