Training error,Training violation,Test error,Test violation
0.18378109452736316,-0.019480519480519428,0.19555555555555554,0.02731092436974791
,,,
0.18378109452736316,-0.019480519480519428,0.19555555555555554,0.02731092436974791
