Training error,Training violation,Test error,Test violation
0.17194029850746267,0.12634301631516115,0.1786868686868687,0.15367180417044424
,,,
0.17194029850746267,0.12634301631516115,0.1786868686868687,0.15367180417044424
