Training error,Training violation,Test error,Test violation
0.18017216611839743,1.7840410923334163e-19,0.18999747231701034,0.024992695586415523
,,,
0.18017216611839743,1.7840410923334163e-19,0.18999747231701034,0.024992695586415523
