Training error,Training violation,Test error,Test violation
0.17958359508211436,-2.0091955025029678e-18,0.20715335169880628,-0.021223262032085563
,,,
0.17958359508211436,-2.0091955025029678e-18,0.20715335169880628,-0.021223262032085563
