Training error,Training violation,Test error,Test violation
0.18400604889222957,-7.438532607827323e-18,0.19287079427367204,0.034674278925483484
,,,
0.18400604889222957,-7.438532607827323e-18,0.19287079427367204,0.034674278925483484
