Training error,Training violation,Test error,Test violation
0.18087115213997731,4.576004347989991e-18,0.19461830494561871,0.05277905562747175
,,,
0.18087115213997731,4.576004347989991e-18,0.19461830494561871,0.05277905562747175
