Training error,Training violation,Test error,Test violation
0.18123138203065667,-1.036084288974953e-17,0.19567576072248968,0.03659080980941721
,,,
0.18123138203065667,-1.036084288974953e-17,0.19567576072248968,0.03659080980941721
