Training error,Training violation,Test error,Test violation
0.18766169154228854,-0.029205094422485752,0.2025252525252525,0.017758484609313337
,,,
0.18766169154228854,-0.029205094422485752,0.2025252525252525,0.017758484609313337
