Training error,Training violation,Test error,Test violation
0.1883882312575056,2.5075534748989213e-19,0.19507488679902474,0.0015814934259488942
,,,
0.1883882312575056,2.5075534748989213e-19,0.19507488679902474,0.0015814934259488942
