Training error,Training violation,Test error,Test violation
0.16890547263681593,0.1495553759094584,0.18363636363636363,0.16252909231962764
,,,
0.16890547263681593,0.1495553759094584,0.18363636363636363,0.16252909231962764
