Training error,Training violation,Test error,Test violation
0.180678453884424,-2.135220746070737e-17,0.19188904428904424,0.028792653130002514
,,,
0.180678453884424,-2.135220746070737e-17,0.19188904428904424,0.028792653130002514
