Training error,Training violation,Test error,Test violation
0.1913930348258706,-0.046432841769629356,0.19909090909090907,-0.005582137161084576
,,,
0.1913930348258706,-0.046432841769629356,0.19909090909090907,-0.005582137161084576
