Training error,Training violation,Test error,Test violation
0.1772547028172747,-1.5117349767722553e-17,0.19868597214751077,0.08115978807160017
,,,
0.1772547028172747,-1.5117349767722553e-17,0.19868597214751077,0.08115978807160017
