Training error,Training violation,Test error,Test violation
0.17786069651741296,-0.0017652250661959194,0.19191919191919196,0.05241090146750528
,,,
0.17786069651741296,-0.0017652250661959194,0.19191919191919196,0.05241090146750528
