Training error,Training violation,Test error,Test violation
0.16855721393034825,0.1643945469125902,0.18717171717171718,0.19739952718676124
,,,
0.16855721393034825,0.1643945469125902,0.18717171717171718,0.19739952718676124
