Training error,Training violation,Test error,Test violation
0.18805970149253728,-0.043460925039872415,0.20555555555555552,-0.014150943396226466
,,,
0.18805970149253728,-0.043460925039872415,0.20555555555555552,-0.014150943396226466
