Training error,Training violation,Test error,Test violation
0.17992975413948817,0.004310344827586187,0.19818181818181813,0.02516411378555799
,,,
0.17992975413948817,0.004310344827586187,0.19818181818181813,0.02516411378555799
