Training error,Training violation,Test error,Test violation
0.18970149253731344,-0.04291417165668665,0.20707070707070707,-0.02014995313964385
,,,
0.18970149253731344,-0.04291417165668665,0.20707070707070707,-0.02014995313964385
