Training error,Training violation,Test error,Test violation
0.1814087457449594,3.4769656335585685e-18,0.192849548112706,0.0500272830993601
,,,
0.1814087457449594,3.4769656335585685e-18,0.192849548112706,0.0500272830993601
