Training error,Training violation,Test error,Test violation
0.17996692166408101,1.7725672283971214e-19,0.19688316860359867,0.023871572037723138
,,,
0.17996692166408101,1.7725672283971214e-19,0.19688316860359867,0.023871572037723138
