Training error,Training violation,Test error,Test violation
0.1797719385225583,-0.0010548523206751483,0.2057575757575758,0.019308943089430878
,,,
0.1797719385225583,-0.0010548523206751483,0.2057575757575758,0.019308943089430878
