Training error,Training violation,Test error,Test violation
0.17343283582089553,0.13844033083891294,0.17505050505050504,0.16013071895424835
,,,
0.17343283582089553,0.13844033083891294,0.17505050505050504,0.16013071895424835
