Training error,Training violation,Test error,Test violation
0.18860696517412942,-0.046730846369835495,0.20666666666666672,-0.015291936978683921
,,,
0.18860696517412942,-0.046730846369835495,0.20666666666666672,-0.015291936978683921
