Training error,Training violation,Test error,Test violation
0.18481797988086984,-5.771909263886483e-18,0.19572510822510822,-0.0008621833134368324
,,,
0.18481797988086984,-5.771909263886483e-18,0.19572510822510822,-0.0008621833134368324
