Training error,Training violation,Test error,Test violation
0.18454394693200674,3.663139206733944e-18,0.18427609427609437,0.019962859795728906
,,,
0.18454394693200674,3.663139206733944e-18,0.18427609427609437,0.019962859795728906
