Training error,Training violation,Test error,Test violation
0.17976854856154012,-1.6108530686704846e-18,0.1881077859338729,0.036816912644595176
,,,
0.17976854856154012,-1.6108530686704846e-18,0.1881077859338729,0.036816912644595176
