Training error,Training violation,Test error,Test violation
0.19771144278606959,-0.05161290322580646,0.20474747474747468,-0.028767123287671274
,,,
0.19771144278606959,-0.05161290322580646,0.20474747474747468,-0.028767123287671274
