Training error,Training violation,Test error,Test violation
0.17600964436407476,-0.002074688796680491,0.20464646464646472,-0.006687647521636532
,,,
0.17600964436407476,-0.002074688796680491,0.20464646464646472,-0.006687647521636532
