Training error,Training violation,Test error,Test violation
0.1772636815920399,0.0,0.1837373737373738,0.027904849039341276
,,,
0.1772636815920399,0.0,0.1837373737373738,0.027904849039341276
