Training error,Training violation,Test error,Test violation
0.1852494776386595,-7.868889351830481e-17,0.19061293204150342,0.03711908740104221
,,,
0.1852494776386595,-7.868889351830481e-17,0.19061293204150342,0.03711908740104221
