Training error,Training violation,Test error,Test violation
0.172636815920398,-0.003278688524590123,0.19747474747474747,0.03934571175950485
,,,
0.172636815920398,-0.003278688524590123,0.19747474747474747,0.03934571175950485
