Training error,Training violation,Test error,Test violation
0.1962686567164179,-0.04470263883418668,0.20353535353535354,-0.03515981735159812
,,,
0.1962686567164179,-0.04470263883418668,0.20353535353535354,-0.03515981735159812
