Training error,Training violation,Test error,Test violation
0.18310323383084576,1.390889523746179e-18,0.19570707070707072,0.04078608247422684
,,,
0.18310323383084576,1.390889523746179e-18,0.19570707070707072,0.04078608247422684
