Training error,Training violation,Test error,Test violation
0.1859934530304533,0.00321543408360131,0.1934343434343434,0.03151458137347129
,,,
0.1859934530304533,0.00321543408360131,0.1934343434343434,0.03151458137347129
