Training error,Training violation,Test error,Test violation
0.18319784974432934,1.4938313251779584e-18,0.19957070707070707,0.007252572992133369
,,,
0.18319784974432934,1.4938313251779584e-18,0.19957070707070707,0.007252572992133369
