Training error,Training violation,Test error,Test violation
0.17686567164179104,-0.0019762845849802257,0.1922222222222222,0.06033676333021515
,,,
0.17686567164179104,-0.0019762845849802257,0.1922222222222222,0.06033676333021515
