Training error,Training violation,Test error,Test violation
0.17189054726368158,0.13085399449035812,0.1785858585858586,0.14915966386554624
,,,
0.17189054726368158,0.13085399449035812,0.1785858585858586,0.14915966386554624
