Training error,Training violation,Test error,Test violation
0.17611940298507464,-0.002821959979476652,0.186969696969697,0.044657097288676235
,,,
0.17611940298507464,-0.002821959979476652,0.186969696969697,0.044657097288676235
