Training error,Training violation,Test error,Test violation
0.17994537399458038,-6.31674418894695e-18,0.19739236747882274,0.05470234223765832
,,,
0.17994537399458038,-6.31674418894695e-18,0.19739236747882274,0.05470234223765832
