Training error,Training violation,Test error,Test violation
0.18140766754462972,4.3575040212266874e-18,0.19053673994850462,0.028918785681344723
,,,
0.18140766754462972,4.3575040212266874e-18,0.19053673994850462,0.028918785681344723
