Training error,Training violation,Test error,Test violation
0.1798593240693086,3.4094305333814915e-18,0.19190686707928084,0.021876033873317498
,,,
0.1798593240693086,3.4094305333814915e-18,0.19190686707928084,0.021876033873317498
