Training error,Training violation,Test error,Test violation
0.1891542288557214,-0.026677445432497948,0.20626262626262626,0.005042668735453837
,,,
0.1891542288557214,-0.026677445432497948,0.20626262626262626,0.005042668735453837
