Training error,Training violation,Test error,Test violation
0.19169154228855723,-0.046656298600311064,0.2080808080808081,-0.018891687657430767
,,,
0.19169154228855723,-0.046656298600311064,0.2080808080808081,-0.018891687657430767
