Training error,Training violation,Test error,Test violation
0.181927031509121,-5.932497291770142e-19,0.187057239057239,0.028721541155866896
,,,
0.181927031509121,-5.932497291770142e-19,0.187057239057239,0.028721541155866896
