Training error,Training violation,Test error,Test violation
0.16975124378109452,0.1331078392359729,0.18171717171717172,0.16340160284951022
,,,
0.16975124378109452,0.1331078392359729,0.18171717171717172,0.16340160284951022
