Training error,Training violation,Test error,Test violation
0.1787475168327972,-2.0006142383071273e-18,0.1919661277081772,0.05912530121278435
,,,
0.1787475168327972,-2.0006142383071273e-18,0.1919661277081772,0.05912530121278435
