Training error,Training violation,Test error,Test violation
0.17914645759971665,1.573354509494189e-17,0.20395061728395075,1.3383658162944446e-17
,,,
0.17914645759971665,1.573354509494189e-17,0.20395061728395075,1.3383658162944446e-17
