Training error,Training violation,Test error,Test violation
0.16940298507462687,0.12311955661124308,0.1804040404040404,0.136697247706422
,,,
0.16940298507462687,0.12311955661124308,0.1804040404040404,0.136697247706422
