Training error,Training violation,Test error,Test violation
0.17476817598895134,2.3695448086607967e-18,0.1983207070707071,-0.00716560509554138
,,,
0.17476817598895134,2.3695448086607967e-18,0.1983207070707071,-0.00716560509554138
