Training error,Training violation,Test error,Test violation
0.17818349771609807,-3.639676897556595e-17,0.19885728631342686,0.049095891751694466
,,,
0.17818349771609807,-3.639676897556595e-17,0.19885728631342686,0.049095891751694466
