Training error,Training violation,Test error,Test violation
0.1803521843905473,4.7060887359512274e-18,0.19319996843434345,0.03256056596091208
,,,
0.1803521843905473,4.7060887359512274e-18,0.19319996843434345,0.03256056596091208
