Training error,Training violation,Test error,Test violation
0.17741293532338306,-0.0025865499403103782,0.19686868686868683,0.031611754229741766
,,,
0.17741293532338306,-0.0025865499403103782,0.19686868686868683,0.031611754229741766
