Training error,Training violation,Test error,Test violation
0.19114449495947816,0.005013673655423878,0.2009090909090909,0.0023771790808240767
,,,
0.19114449495947816,0.005013673655423878,0.2009090909090909,0.0023771790808240767
