Training error,Training violation,Test error,Test violation
0.18412827366785667,0.0016778523489932857,0.1979195863454558,0.013688700315139536
,,,
0.18412827366785667,0.0016778523489932857,0.1979195863454558,0.013688700315139536
