Training error,Training violation,Test error,Test violation
0.1818407960199005,0.006555423122765192,0.1904040404040404,0.048815165876777256
,,,
0.1818407960199005,0.006555423122765192,0.1904040404040404,0.048815165876777256
