Training error,Training violation,Test error,Test violation
0.18526533996683256,-2.500213257616084e-18,0.19193602693602693,0.033022222222222126
,,,
0.18526533996683256,-2.500213257616084e-18,0.19193602693602693,0.033022222222222126
