Training error,Training violation,Test error,Test violation
0.17943395988711952,-1.7420395543666146e-18,0.20680397727272729,-0.02551872469635628
,,,
0.17943395988711952,-1.7420395543666146e-18,0.20680397727272729,-0.02551872469635628
