Training error,Training violation,Test error,Test violation
0.17794456510019563,-3.2874606649326457e-18,0.19514275885792914,0.0642868246175369
,,,
0.17794456510019563,-3.2874606649326457e-18,0.19514275885792914,0.0642868246175369
