Training error,Training violation,Test error,Test violation
0.192636815920398,-0.06258596973865205,0.21464646464646464,-0.009884678747940745
,,,
0.192636815920398,-0.06258596973865205,0.21464646464646464,-0.009884678747940745
