Training error,Training violation,Test error,Test violation
0.17664668366370367,-2.280423937852909e-18,0.20243978243978245,-0.0051362937798268525
,,,
0.17664668366370367,-2.280423937852909e-18,0.20243978243978245,-0.0051362937798268525
