Training error,Training violation,Test error,Test violation
0.18343326471092813,2.215104815414402e-18,0.18884796238244517,0.03181388757675952
,,,
0.18343326471092813,2.215104815414402e-18,0.18884796238244517,0.03181388757675952
