Training error,Training violation,Test error,Test violation
0.17962449656479504,5.769096397825245e-18,0.19631553631553628,0.06707013349272764
,,,
0.17962449656479504,5.769096397825245e-18,0.19631553631553628,0.06707013349272764
