Training error,Training violation,Test error,Test violation
0.18127849867872095,-1.305934826473655e-18,0.2026296018031555,-0.001642199172026122
,,,
0.18127849867872095,-1.305934826473655e-18,0.2026296018031555,-0.001642199172026122
