Training error,Training violation,Test error,Test violation
0.177363184079602,-0.0017621145374449032,0.1921212121212121,0.040417801998183456
,,,
0.177363184079602,-0.0017621145374449032,0.1921212121212121,0.040417801998183456
