Training error,Training violation,Test error,Test violation
0.1736318407960199,0.1558672461477677,0.17777777777777778,0.16964285714285715
,,,
0.1736318407960199,0.1558672461477677,0.17777777777777778,0.16964285714285715
