Training error,Training violation,Test error,Test violation
0.1963681592039801,-0.04974439638222572,0.19666666666666666,-0.04201680672268904
,,,
0.1963681592039801,-0.04974439638222572,0.19666666666666666,-0.04201680672268904
