Training error,Training violation,Test error,Test violation
0.17243781094527363,0.14661319073083778,0.1803030303030303,0.16605504587155961
,,,
0.17243781094527363,0.14661319073083778,0.1803030303030303,0.16605504587155961
