Training error,Training violation,Test error,Test violation
0.1866169154228855,-0.017020424509411318,0.19686868686868678,0.026856240126382314
,,,
0.1866169154228855,-0.017020424509411318,0.19686868686868678,0.026856240126382314
