Training error,Training violation,Test error,Test violation
0.17840796019900487,-0.024090909090909038,0.19424242424242413,0.038967136150234706
,,,
0.17840796019900487,-0.024090909090909038,0.19424242424242413,0.038967136150234706
