Training error,Training violation,Test error,Test violation
0.183085337230415,-9.638530324883132e-18,0.1965095398428732,0.014205098268145549
,,,
0.183085337230415,-9.638530324883132e-18,0.1965095398428732,0.014205098268145549
