Training error,Training violation,Test error,Test violation
0.18436815920398014,-5.1798315712000616e-20,0.1925117845117845,0.038278388278388135
,,,
0.18436815920398014,-5.1798315712000616e-20,0.1925117845117845,0.038278388278388135
