Training error,Training violation,Test error,Test violation
0.1775621890547264,-0.008339952343129455,0.19191919191919196,0.03433678269049862
,,,
0.1775621890547264,-0.008339952343129455,0.19191919191919196,0.03433678269049862
