Training error,Training violation,Test error,Test violation
0.1798986548737792,3.593108842970125e-18,0.19367457645235422,0.03828643155227663
,,,
0.1798986548737792,3.593108842970125e-18,0.19367457645235422,0.03828643155227663
