Training error,Training violation,Test error,Test violation
0.17830845771144388,-0.009477577438742503,0.19727272727272846,0.024847428073234683
,,,
0.17830845771144388,-0.009477577438742503,0.19727272727272846,0.024847428073234683
