Training error,Training violation,Test error,Test violation
0.18937481437481443,-1.1544876795383237e-18,0.2046337896337896,0.04155364772764216
,,,
0.18937481437481443,-1.1544876795383237e-18,0.2046337896337896,0.04155364772764216
