Training error,Training violation,Test error,Test violation
0.18263681592039804,-0.001759014951627114,0.1872727272727273,0.04096638655462188
,,,
0.18263681592039804,-0.001759014951627114,0.1872727272727273,0.04096638655462188
