Training error,Training violation,Test error,Test violation
0.18049825315111787,-2.3755542923916327e-21,0.19165726746371908,0.03563764437726826
,,,
0.18049825315111787,-2.3755542923916327e-21,0.19165726746371908,0.03563764437726826
