Training error,Training violation,Test error,Test violation
0.18388059701492537,-0.01810954063604242,0.19080808080808082,0.008581752484191518
,,,
0.18388059701492537,-0.01810954063604242,0.19080808080808082,0.008581752484191518
