Training error,Training violation,Test error,Test violation
0.18885572139303483,-0.038125496425734706,0.201010101010101,-0.006114769520225827
,,,
0.18885572139303483,-0.038125496425734706,0.201010101010101,-0.006114769520225827
