Training error,Training violation,Test error,Test violation
0.178291135079172,-7.993338173902361e-18,0.20542211101844118,-0.021832901713137277
,,,
0.178291135079172,-7.993338173902361e-18,0.20542211101844118,-0.021832901713137277
