Training error,Training violation,Test error,Test violation
0.1726865671641791,0.15632554391619663,0.18191919191919192,0.1705698672911788
,,,
0.1726865671641791,0.15632554391619663,0.18191919191919192,0.1705698672911788
