Training error,Training violation,Test error,Test violation
0.19427860696517413,-0.06104252400548693,0.2112121212121212,-0.02941176470588236
,,,
0.19427860696517413,-0.06104252400548693,0.2112121212121212,-0.02941176470588236
