Training error,Training violation,Test error,Test violation
0.18109996800590442,0.003900156006240275,0.19028874286284586,-0.004325973587891309
,,,
0.18109996800590442,0.003900156006240275,0.19028874286284586,-0.004325973587891309
