Training error,Training violation,Test error,Test violation
0.17388059701492536,0.14583333333333331,0.1787878787878788,0.16048387096774192
,,,
0.17388059701492536,0.14583333333333331,0.1787878787878788,0.16048387096774192
