Training error,Training violation,Test error,Test violation
0.17039800995024876,0.14937106918238996,0.18151515151515152,0.19709989258861438
,,,
0.17039800995024876,0.14937106918238996,0.18151515151515152,0.19709989258861438
