Training error,Training violation,Test error,Test violation
0.1744094661826006,-5.077723327618841e-18,0.19544799344799352,0.04602678206907813
,,,
0.1744094661826006,-5.077723327618841e-18,0.19544799344799352,0.04602678206907813
