Training error,Training violation,Test error,Test violation
0.16930348258706468,0.13563723531761884,0.18373737373737373,0.15793650793650793
,,,
0.16930348258706468,0.13563723531761884,0.18373737373737373,0.15793650793650793
