Training error,Training violation,Test error,Test violation
0.1798009950248756,-0.004904491481672712,0.1932323232323232,0.03245531514581373
,,,
0.1798009950248756,-0.004904491481672712,0.1932323232323232,0.03245531514581373
