Training error,Training violation,Test error,Test violation
0.17686470246171743,-1.657917844731061e-18,0.19086055358782636,0.05893088581479625
,,,
0.17686470246171743,-1.657917844731061e-18,0.19086055358782636,0.05893088581479625
