Training error,Training violation,Test error,Test violation
0.18066380426633952,-2.4508489353656632e-18,0.19953355472533552,0.040620368819185834
,,,
0.18066380426633952,-2.4508489353656632e-18,0.19953355472533552,0.040620368819185834
