Training error,Training violation,Test error,Test violation
0.17587064676616912,-0.01051188299817185,0.19343434343434338,0.033890436397400185
,,,
0.17587064676616912,-0.01051188299817185,0.19343434343434338,0.033890436397400185
