Training error,Training violation,Test error,Test violation
0.18875621890547264,-0.04308300395256914,0.20444444444444446,0.007339449541284404
,,,
0.18875621890547264,-0.04308300395256914,0.20444444444444446,0.007339449541284404
