Training error,Training violation,Test error,Test violation
0.1726865671641791,0.1451229183187946,0.17949494949494949,0.15028203062046736
,,,
0.1726865671641791,0.1451229183187946,0.17949494949494949,0.15028203062046736
