Training error,Training violation,Test error,Test violation
0.1708457711442786,0.15278334000800964,0.1812121212121212,0.16508688783570302
,,,
0.1708457711442786,0.15278334000800964,0.1812121212121212,0.16508688783570302
