Training error,Training violation,Test error,Test violation
0.17502676833225178,3.0236752253801015e-18,0.19687637241985068,0.04163465970195115
,,,
0.17502676833225178,3.0236752253801015e-18,0.19687637241985068,0.04163465970195115
