Training error,Training violation,Test error,Test violation
0.17101475021814444,5.2782730586668305e-18,0.2086230728335992,0.012631578947368388
,,,
0.17101475021814444,5.2782730586668305e-18,0.2086230728335992,0.012631578947368388
