Training error,Training violation,Test error,Test violation
0.18455004389815605,1.778223253248398e-17,0.1946546345811049,0.03696971353597207
,,,
0.18455004389815605,1.778223253248398e-17,0.1946546345811049,0.03696971353597207
