Training error,Training violation,Test error,Test violation
0.18746268656716417,-0.015552099533437058,0.1907070707070707,0.013014273719563374
,,,
0.18746268656716417,-0.015552099533437058,0.1907070707070707,0.013014273719563374
