Training error,Training violation,Test error,Test violation
0.19467661691542287,0.0025722200237435766,0.19686868686868686,0.013011152416356864
,,,
0.19467661691542287,0.0025722200237435766,0.19686868686868686,0.013011152416356864
