Training error,Training violation,Test error,Test violation
0.18236377608899837,-6.632862149556874e-19,0.20013421890134217,-0.007568590350047248
,,,
0.18236377608899837,-6.632862149556874e-19,0.20013421890134217,-0.007568590350047248
