Training error,Training violation,Test error,Test violation
0.19536817102137777,4.982394473993844e-19,0.19515873015873014,0.023560510286173977
,,,
0.19536817102137777,4.982394473993844e-19,0.19515873015873014,0.023560510286173977
