Training error,Training violation,Test error,Test violation
0.18566945784993666,-2.6730368749507184e-18,0.19055128371509528,0.011734495518924446
,,,
0.18566945784993666,-2.6730368749507184e-18,0.19055128371509528,0.011734495518924446
