Training error,Training violation,Test error,Test violation
0.17716417910447776,-0.018852459016393448,0.202828282828283,0.030503978779840873
,,,
0.17716417910447776,-0.018852459016393448,0.202828282828283,0.030503978779840873
