Training error,Training violation,Test error,Test violation
0.1802985074626866,0.003448275862068973,0.18787878787878792,0.04954128440366974
,,,
0.1802985074626866,0.003448275862068973,0.18787878787878792,0.04954128440366974
