Training error,Training violation,Test error,Test violation
0.17582089552238797,-0.008376963350785301,0.1986868686868686,0.05555555555555555
,,,
0.17582089552238797,-0.008376963350785301,0.1986868686868686,0.05555555555555555
