Training error,Training violation,Test error,Test violation
0.18422885572139303,-0.018779342723004744,0.19646464646464645,0.002262443438914019
,,,
0.18422885572139303,-0.018779342723004744,0.19646464646464645,0.002262443438914019
