Training error,Training violation,Test error,Test violation
0.1907691136155956,2.6752897399752603e-17,0.1986631622345909,0.03217773595924862
,,,
0.1907691136155956,2.6752897399752603e-17,0.1986631622345909,0.03217773595924862
