Training error,Training violation,Test error,Test violation
0.18587064676616916,-0.037104072398190024,0.2016161616161616,-0.003231763619575223
,,,
0.18587064676616916,-0.037104072398190024,0.2016161616161616,-0.003231763619575223
