Training error,Training violation,Test error,Test violation
0.18142827529021557,6.376722084903096e-20,0.18961279461279462,0.04160042395336514
,,,
0.18142827529021557,6.376722084903096e-20,0.18961279461279462,0.04160042395336514
