Training error,Training violation,Test error,Test violation
0.17483863991749007,6.1991731789962874e-18,0.20229377104377103,0.031749622926093526
,,,
0.17483863991749007,6.1991731789962874e-18,0.20229377104377103,0.031749622926093526
