Training error,Training violation,Test error,Test violation
0.1780597014925373,-0.006092254134029584,0.19151515151515153,0.034759358288770026
,,,
0.1780597014925373,-0.006092254134029584,0.19151515151515153,0.034759358288770026
