Training error,Training violation,Test error,Test violation
0.18582089552238806,-0.04289071680376033,0.20252525252525252,0.0024793388429751873
,,,
0.18582089552238806,-0.04289071680376033,0.20252525252525252,0.0024793388429751873
