Training error,Training violation,Test error,Test violation
0.17950248756218906,-0.008994708994709,0.19454545454545455,0.017000871839581544
,,,
0.17950248756218906,-0.008994708994709,0.19454545454545455,0.017000871839581544
