Training error,Training violation,Test error,Test violation
0.18362700455355374,-0.010101010101010055,0.20919191919191918,-0.03652597402597402
,,,
0.18362700455355374,-0.010101010101010055,0.20919191919191918,-0.03652597402597402
