Training error,Training violation,Test error,Test violation
0.17932767922175724,3.051943836623229e-19,0.19208411660024563,0.032144239306121536
,,,
0.17932767922175724,3.051943836623229e-19,0.19208411660024563,0.032144239306121536
