Training error,Training violation,Test error,Test violation
0.17323547871733427,2.88431231524616e-18,0.20769579856536383,0.022954401479010712
,,,
0.17323547871733427,2.88431231524616e-18,0.20769579856536383,0.022954401479010712
