Training error,Training violation,Test error,Test violation
0.18299821646484557,-2.7273360064545126e-18,0.1962216504669335,0.05267369693951951
,,,
0.18299821646484557,-2.7273360064545126e-18,0.1962216504669335,0.05267369693951951
