Training error,Training violation,Test error,Test violation
0.17786069651741296,-0.0007911392405063335,0.1860606060606061,0.018218623481781385
,,,
0.17786069651741296,-0.0007911392405063335,0.1860606060606061,0.018218623481781385
