Training error,Training violation,Test error,Test violation
0.17895522388059731,-0.00816326530612245,0.19131313131313166,0.033406352683461156
,,,
0.17895522388059731,-0.00816326530612245,0.19131313131313166,0.033406352683461156
