Training error,Training violation,Test error,Test violation
0.1928855721393035,-0.0448868071818892,0.20737373737373738,-0.023765144454799603
,,,
0.1928855721393035,-0.0448868071818892,0.20737373737373738,-0.023765144454799603
