Training error,Training violation,Test error,Test violation
0.20412935323383086,-0.06538917423943102,0.21515151515151515,-0.05519480519480524
,,,
0.20412935323383086,-0.06538917423943102,0.21515151515151515,-0.05519480519480524
