Training error,Training violation,Test error,Test violation
0.17580000000000004,0.0015822784810126673,0.20030303030303037,0.026373626373626398
,,,
0.17580000000000004,0.0015822784810126673,0.20030303030303037,0.026373626373626398
