Training error,Training violation,Test error,Test violation
0.17766169154228859,-0.01890171110226824,0.19838383838383844,0.03125000000000001
,,,
0.17766169154228859,-0.01890171110226824,0.19838383838383844,0.03125000000000001
