Training error,Training violation,Test error,Test violation
0.18397553051071172,6.95879994713509e-18,0.19165326736755303,0.013638759154596822
,,,
0.18397553051071172,6.95879994713509e-18,0.19165326736755303,0.013638759154596822
