Training error,Training violation,Test error,Test violation
0.1754181149049274,1.5670222240917692e-17,0.1962141967621419,0.04009035266686095
,,,
0.1754181149049274,1.5670222240917692e-17,0.1962141967621419,0.04009035266686095
