Training error,Training violation,Test error,Test violation
0.1707960199004975,0.12198497429814154,0.1801010101010101,0.14505672609400322
,,,
0.1707960199004975,0.12198497429814154,0.1801010101010101,0.14505672609400322
