Training error,Training violation,Test error,Test violation
0.18786069651741294,-0.04489544895448949,0.20383838383838385,-0.0022658610271902857
,,,
0.18786069651741294,-0.04489544895448949,0.20383838383838385,-0.0022658610271902857
