Training error,Training violation,Test error,Test violation
0.17559376546264227,-6.643525268382315e-19,0.20323232323232324,0.022761545711592876
,,,
0.17559376546264227,-6.643525268382315e-19,0.20323232323232324,0.022761545711592876
