Training error,Training violation,Test error,Test violation
0.17976119402985075,2.512757865161358e-19,0.18765656565656563,0.03296398891966764
,,,
0.17976119402985075,2.512757865161358e-19,0.18765656565656563,0.03296398891966764
