Training error,Training violation,Test error,Test violation
0.16802400876668655,-7.642724185608193e-18,0.20818181818181813,0.031190702087286488
,,,
0.16802400876668655,-7.642724185608193e-18,0.20818181818181813,0.031190702087286488
