Training error,Training violation,Test error,Test violation
0.1908955223880597,-0.05102040816326525,0.20636363636363636,-0.010284810126582333
,,,
0.1908955223880597,-0.05102040816326525,0.20636363636363636,-0.010284810126582333
