Training error,Training violation,Test error,Test violation
0.18996915115931934,-0.007430997876857748,0.21212121212121213,-0.03799126637554584
,,,
0.18996915115931934,-0.007430997876857748,0.21212121212121213,-0.03799126637554584
