Training error,Training violation,Test error,Test violation
0.18124645758549027,-3.5487841873177144e-19,0.19152122490730084,0.04117133257428617
,,,
0.18124645758549027,-3.5487841873177144e-19,0.19152122490730084,0.04117133257428617
