Training error,Training violation,Test error,Test violation
0.17731343283582088,-0.004901960784313707,0.18919191919191916,0.027913809990205703
,,,
0.17731343283582088,-0.004901960784313707,0.18919191919191916,0.027913809990205703
