Training error,Training violation,Test error,Test violation
0.18252782026264458,-2.1286421925612157e-18,0.18877021094335603,0.014327636148561546
,,,
0.18252782026264458,-2.1286421925612157e-18,0.18877021094335603,0.014327636148561546
