Training error,Training violation,Test error,Test violation
0.18970149253731353,-0.03846153846153845,0.19747474747474755,0.00956937799043062
,,,
0.18970149253731353,-0.03846153846153845,0.19747474747474755,0.00956937799043062
