Training error,Training violation,Test error,Test violation
0.18442622527500896,4.727485421458641e-18,0.19002359232463029,0.01400162076639101
,,,
0.18442622527500896,4.727485421458641e-18,0.19002359232463029,0.01400162076639101
