Training error,Training violation,Test error,Test violation
0.18164429755103179,-4.140245763463384e-18,0.19944174570128761,0.007929369053986099
,,,
0.18164429755103179,-4.140245763463384e-18,0.19944174570128761,0.007929369053986099
