Training error,Training violation,Test error,Test violation
0.18279372368924615,2.664347718590887e-17,0.1955477855477856,0.009646910466582632
,,,
0.18279372368924615,2.664347718590887e-17,0.1955477855477856,0.009646910466582632
