Training error,Training violation,Test error,Test violation
0.17468948093011996,-5.48202656910407e-19,0.2053504744413835,-0.004905166775670377
,,,
0.17468948093011996,-5.48202656910407e-19,0.2053504744413835,-0.004905166775670377
