Training error,Training violation,Test error,Test violation
0.18076285240464346,6.298333468431708e-19,0.18646464646464647,0.023938572719060525
,,,
0.18076285240464346,6.298333468431708e-19,0.18646464646464647,0.023938572719060525
