Training error,Training violation,Test error,Test violation
0.17880597014925373,-0.010277492291880796,0.19323232323232323,0.028162511542012936
,,,
0.17880597014925373,-0.010277492291880796,0.19323232323232323,0.028162511542012936
