Training error,Training violation,Test error,Test violation
0.17094527363184078,0.14575936883629192,0.1811111111111111,0.18811074918566772
,,,
0.17094527363184078,0.14575936883629192,0.1811111111111111,0.18811074918566772
