Training error,Training violation,Test error,Test violation
0.18716417910447758,-0.00674603174603172,0.19353535353535348,0.016492357200321824
,,,
0.18716417910447758,-0.00674603174603172,0.19353535353535348,0.016492357200321824
