Training error,Training violation,Test error,Test violation
0.1802039800995026,7.908266110451504e-18,0.18795959595959605,0.036734693877551024
,,,
0.1802039800995026,7.908266110451504e-18,0.18795959595959605,0.036734693877551024
