Training error,Training violation,Test error,Test violation
0.17750155852468913,1.1071910026882434e-18,0.2063253098359481,0.03105224289188535
,,,
0.17750155852468913,1.1071910026882434e-18,0.2063253098359481,0.03105224289188535
