Training error,Training violation,Test error,Test violation
0.17587064676616904,-0.007733097657976136,0.1929292929292928,0.032490974729241874
,,,
0.17587064676616904,-0.007733097657976136,0.1929292929292928,0.032490974729241874
