Training error,Training violation,Test error,Test violation
0.17890547263681586,-0.007812499999999997,0.19171717171717167,0.03350970017636683
,,,
0.17890547263681586,-0.007812499999999997,0.19171717171717167,0.03350970017636683
