Training error,Training violation,Test error,Test violation
0.18164731896075176,-2.764353713435779e-19,0.19282828282828277,0.025409836065573756
,,,
0.18164731896075176,-2.764353713435779e-19,0.19282828282828277,0.025409836065573756
