Training error,Training violation,Test error,Test violation
0.17900872350575864,1.3543922940461685e-17,0.19019371800193693,0.019914921631681598
,,,
0.17900872350575864,1.3543922940461685e-17,0.19019371800193693,0.019914921631681598
