Training error,Training violation,Test error,Test violation
0.1858208955223881,-0.02720820189274454,0.19888888888888895,-0.010416666666666631
,,,
0.1858208955223881,-0.02720820189274454,0.19888888888888895,-0.010416666666666631
