Training error,Training violation,Test error,Test violation
0.19276191297846026,-4.187190769212045e-18,0.19966427278566007,0.02679955872110462
,,,
0.19276191297846026,-4.187190769212045e-18,0.19966427278566007,0.02679955872110462
