Training error,Training violation,Test error,Test violation
0.1688557213930348,0.13765261914139426,0.1809090909090909,0.14666666666666667
,,,
0.1688557213930348,0.13765261914139426,0.1809090909090909,0.14666666666666667
