Training error,Training violation,Test error,Test violation
0.17228855721393035,-1.807296591865118e-18,0.1895224977043159,0.05692599620493361
,,,
0.17228855721393035,-1.807296591865118e-18,0.1895224977043159,0.05692599620493361
