Training error,Training violation,Test error,Test violation
0.18701492537313433,0.01058823529411762,0.18666666666666668,0.0041628122109158006
,,,
0.18701492537313433,0.01058823529411762,0.18666666666666668,0.0041628122109158006
