Training error,Training violation,Test error,Test violation
0.18245020146416208,2.7597265363409324e-18,0.18618888504820064,0.0212692563992003
,,,
0.18245020146416208,2.7597265363409324e-18,0.18618888504820064,0.0212692563992003
