Training error,Training violation,Test error,Test violation
0.1784577114427862,-0.01453744493392074,0.19424242424242438,0.02951861943687558
,,,
0.1784577114427862,-0.01453744493392074,0.19424242424242438,0.02951861943687558
