Training error,Training violation,Test error,Test violation
0.18398009950248756,-0.016709511568123392,0.1918181818181818,0.022058823529411742
,,,
0.18398009950248756,-0.016709511568123392,0.1918181818181818,0.022058823529411742
