Training error,Training violation,Test error,Test violation
0.18289800995024874,9.463994627522985e-19,0.18906565656565658,0.016454352441613588
,,,
0.18289800995024874,9.463994627522985e-19,0.18906565656565658,0.016454352441613588
