Training error,Training violation,Test error,Test violation
0.18608429282160624,1.0276154011570049e-17,0.18874978354978353,0.028919567827130847
,,,
0.18608429282160624,1.0276154011570049e-17,0.18874978354978353,0.028919567827130847
