Training error,Training violation,Test error,Test violation
0.17293532338308457,0.1453788179293931,0.17666666666666667,0.14907407407407408
,,,
0.17293532338308457,0.1453788179293931,0.17666666666666667,0.14907407407407408
