Training error,Training violation,Test error,Test violation
0.18084577114427858,-0.013438735177865644,0.19828282828282826,0.03669724770642201
,,,
0.18084577114427858,-0.013438735177865644,0.19828282828282826,0.03669724770642201
