Training error,Training violation,Test error,Test violation
0.18776119402985075,-0.054188169908693906,0.20696969696969697,0.011754068716094024
,,,
0.18776119402985075,-0.054188169908693906,0.20696969696969697,0.011754068716094024
