Training error,Training violation,Test error,Test violation
0.17765381678121994,-1.2870159650151352e-18,0.2085690235690236,-0.001290499725425608
,,,
0.17765381678121994,-1.2870159650151352e-18,0.2085690235690236,-0.001290499725425608
