Training error,Training violation,Test error,Test violation
0.1872139303482587,-0.03312302839116721,0.1997979797979798,-0.012310606060606077
,,,
0.1872139303482587,-0.03312302839116721,0.1997979797979798,-0.012310606060606077
