Training error,Training violation,Test error,Test violation
0.17716417910447796,-0.020733652312599757,0.19808080808080847,0.040239043824701254
,,,
0.17716417910447796,-0.020733652312599757,0.19808080808080847,0.040239043824701254
