Training error,Training violation,Test error,Test violation
0.17748749749949988,0.00367346938775509,0.19748282828282823,0.0471369294605809
,,,
0.17748749749949988,0.00367346938775509,0.19748282828282823,0.0471369294605809
