Training error,Training violation,Test error,Test violation
0.1847314750749563,-5.037000602644152e-18,0.18857833299886276,0.012518772003249731
,,,
0.1847314750749563,-5.037000602644152e-18,0.18857833299886276,0.012518772003249731
