Training error,Training violation,Test error,Test violation
0.1753731343283583,-0.011929460580912826,0.19747474747474755,0.0596745027124774
,,,
0.1753731343283583,-0.011929460580912826,0.19747474747474755,0.0596745027124774
