Training error,Training violation,Test error,Test violation
0.17868367167378538,1.9274082418150524e-18,0.19355451622332648,0.03831558295160213
,,,
0.17868367167378538,1.9274082418150524e-18,0.19355451622332648,0.03831558295160213
