Training error,Training violation,Test error,Test violation
0.17855721393034824,-0.002950522015433554,0.1914141414141414,0.06197478991596638
,,,
0.17855721393034824,-0.002950522015433554,0.1914141414141414,0.06197478991596638
