Training error,Training violation,Test error,Test violation
0.17861885790172646,-2.038445941067538e-18,0.20584549195660307,-0.001791486544378191
,,,
0.17861885790172646,-2.038445941067538e-18,0.20584549195660307,-0.001791486544378191
