Training error,Training violation,Test error,Test violation
0.18270286455734086,-1.4981990635288155e-17,0.19937557392102823,0.024434389140271472
,,,
0.18270286455734086,-1.4981990635288155e-17,0.19937557392102823,0.024434389140271472
