Training error,Training violation,Test error,Test violation
0.17507462686567163,1.7788239739737e-19,0.19388429752066114,0.058465387823185964
,,,
0.17507462686567163,1.7788239739737e-19,0.19388429752066114,0.058465387823185964
