Training error,Training violation,Test error,Test violation
0.18167540561931145,-6.194784804768004e-18,0.20078282828282829,0.023549284578696397
,,,
0.18167540561931145,-6.194784804768004e-18,0.20078282828282829,0.023549284578696397
