Training error,Training violation,Test error,Test violation
0.1807202216066482,1.2289791407614692e-18,0.19241724726489268,0.03671301888830009
,,,
0.1807202216066482,1.2289791407614692e-18,0.19241724726489268,0.03671301888830009
