Training error,Training violation,Test error,Test violation
0.1948959827198527,5.284448853188673e-18,0.1954257881304145,0.0297504826367083
,,,
0.1948959827198527,5.284448853188673e-18,0.1954257881304145,0.0297504826367083
