Training error,Training violation,Test error,Test violation
0.18873342202635848,-5.644907702751978e-18,0.1894815846487156,0.022304604292970626
,,,
0.18873342202635848,-5.644907702751978e-18,0.1894815846487156,0.022304604292970626
