Training error,Training violation,Test error,Test violation
0.17227814186911972,-1.0148537214419238e-18,0.20735086716218792,0.04168149994066692
,,,
0.17227814186911972,-1.0148537214419238e-18,0.20735086716218792,0.04168149994066692
