Training error,Training violation,Test error,Test violation
0.17505995203836924,-0.01874455100261551,0.2064646464646464,-0.017872711421098468
,,,
0.17505995203836924,-0.01874455100261551,0.2064646464646464,-0.017872711421098468
