Training error,Training violation,Test error,Test violation
0.1782663214539547,-7.003192400948882e-18,0.1978131656703085,0.03195326468956162
,,,
0.1782663214539547,-7.003192400948882e-18,0.1978131656703085,0.03195326468956162
