Training error,Training violation,Test error,Test violation
0.17980810234541578,8.035822197042312e-18,0.19614718614718615,0.029740493319630103
,,,
0.17980810234541578,8.035822197042312e-18,0.19614718614718615,0.029740493319630103
