Training error,Training violation,Test error,Test violation
0.16810945273631842,0.11691939345570629,0.18848484848484848,0.16786355475763015
,,,
0.16810945273631842,0.11691939345570629,0.18848484848484848,0.16786355475763015
