Training error,Training violation,Test error,Test violation
0.1797092873507124,3.470637846058297e-18,0.19380205322984617,0.04891258155638323
,,,
0.1797092873507124,3.470637846058297e-18,0.19380205322984617,0.04891258155638323
