Training error,Training violation,Test error,Test violation
0.17815920398009774,-0.013840155945418962,0.18949494949494763,0.030050083472453786
,,,
0.17815920398009774,-0.013840155945418962,0.18949494949494763,0.030050083472453786
