Training error,Training violation,Test error,Test violation
0.19169154228855723,-0.04633289415898112,0.2017171717171717,-0.017857142857142905
,,,
0.19169154228855723,-0.04633289415898112,0.2017171717171717,-0.017857142857142905
