Training error,Training violation,Test error,Test violation
0.1807032633442955,-7.010999036282363e-18,0.186941163042858,0.007849071832122701
,,,
0.1807032633442955,-7.010999036282363e-18,0.186941163042858,0.007849071832122701
