Training error,Training violation,Test error,Test violation
0.1816749585406302,5.063332135859508e-19,0.18984287317620652,0.031431966726084386
,,,
0.1816749585406302,5.063332135859508e-19,0.18984287317620652,0.031431966726084386
