Training error,Training violation,Test error,Test violation
0.1832338308457711,-0.0009777082518576117,0.19242424242424236,0.016462841015992487
,,,
0.1832338308457711,-0.0009777082518576117,0.19242424242424236,0.016462841015992487
