Training error,Training violation,Test error,Test violation
0.1794029850746269,-0.011835640911120996,0.19030303030303036,0.035335689045936376
,,,
0.1794029850746269,-0.011835640911120996,0.19030303030303036,0.035335689045936376
