Training error,Training violation,Test error,Test violation
0.18055830804483805,-1.4726528897783726e-18,0.19139989102644703,0.03782554957181951
,,,
0.18055830804483805,-1.4726528897783726e-18,0.19139989102644703,0.03782554957181951
