Training error,Training violation,Test error,Test violation
0.1785050111760039,-7.785848276830315e-18,0.19800702678963536,0.03467868114799964
,,,
0.1785050111760039,-7.785848276830315e-18,0.19800702678963536,0.03467868114799964
