Training error,Training violation,Test error,Test violation
0.16835820895522388,0.13118022328548645,0.18454545454545454,0.1533864541832669
,,,
0.16835820895522388,0.13118022328548645,0.18454545454545454,0.1533864541832669
