Training error,Training violation,Test error,Test violation
0.18169154228855722,-0.024839743589743613,0.1990909090909091,0.03512233622730859
,,,
0.18169154228855722,-0.024839743589743613,0.1990909090909091,0.03512233622730859
