Training error,Training violation,Test error,Test violation
0.1804477611940299,-0.011871227364185114,0.20090909090909095,0.03677621283255084
,,,
0.1804477611940299,-0.011871227364185114,0.20090909090909095,0.03677621283255084
