Training error,Training violation,Test error,Test violation
0.1688557213930348,0.16317907444668006,0.1873737373737374,0.18544600938967137
,,,
0.1688557213930348,0.16317907444668006,0.1873737373737374,0.18544600938967137
