Training error,Training violation,Test error,Test violation
0.18885572139303478,-0.0419411506368028,0.20202020202020196,-0.011554621848739451
,,,
0.18885572139303478,-0.0419411506368028,0.20202020202020196,-0.011554621848739451
