Training error,Training violation,Test error,Test violation
0.18378109452736321,-0.005551149881046769,0.19757575757575763,0.00919117647058826
,,,
0.18378109452736321,-0.005551149881046769,0.19757575757575763,0.00919117647058826
