Training error,Training violation,Test error,Test violation
0.17701492537313432,-0.0020554984583761593,0.19101010101010102,0.028162511542012936
,,,
0.17701492537313432,-0.0020554984583761593,0.19101010101010102,0.028162511542012936
