Training error,Training violation,Test error,Test violation
0.19129353233830845,-0.0317208564631245,0.20424242424242425,-0.01930147058823528
,,,
0.19129353233830845,-0.0317208564631245,0.20424242424242425,-0.01930147058823528
