Training error,Training violation,Test error,Test violation
0.17712686567164176,-6.140017241022545e-18,0.19484848484848483,0.045272078501338096
,,,
0.17712686567164176,-6.140017241022545e-18,0.19484848484848483,0.045272078501338096
