Training error,Training violation,Test error,Test violation
0.18295237476891324,-5.398160676923426e-18,0.20310693138279345,-0.023062186855290337
,,,
0.18295237476891324,-5.398160676923426e-18,0.20310693138279345,-0.023062186855290337
