Training error,Training violation,Test error,Test violation
0.189932698470836,6.646910525157914e-19,0.19225165768110553,0.01702159037281741
,,,
0.189932698470836,6.646910525157914e-19,0.19225165768110553,0.01702159037281741
