Training error,Training violation,Test error,Test violation
0.18502774588595486,-2.7410424308993157e-18,0.18992812742812742,0.010393221236594705
,,,
0.18502774588595486,-2.7410424308993157e-18,0.18992812742812742,0.010393221236594705
