Training error,Training violation,Test error,Test violation
0.18161225124378194,-1.174850552257895e-16,0.19159271284271376,0.03014505893019046
,,,
0.18161225124378194,-1.174850552257895e-16,0.19159271284271376,0.03014505893019046
