Training error,Training violation,Test error,Test violation
0.18572139303482588,-0.007753479125248486,0.1919191919191919,-0.0068846815834767705
,,,
0.18572139303482588,-0.007753479125248486,0.1919191919191919,-0.0068846815834767705
