Training error,Training violation,Test error,Test violation
0.1796517412935323,-0.005400540054005364,0.1916161616161616,0.014119601328903662
,,,
0.1796517412935323,-0.005400540054005364,0.1916161616161616,0.014119601328903662
