Training error,Training violation,Test error,Test violation
0.17838951629684283,1.4301204727624015e-19,0.1925446480009218,0.036665600823016654
,,,
0.17838951629684283,1.4301204727624015e-19,0.1925446480009218,0.036665600823016654
