Training error,Training violation,Test error,Test violation
0.1746268656716417,5.889273402357754e-19,0.19707070707070698,0.04995331465919698
,,,
0.1746268656716417,5.889273402357754e-19,0.19707070707070698,0.04995331465919698
