Training error,Training violation,Test error,Test violation
0.18048980280197072,-1.3183680823747948e-17,0.19706239146917107,0.028978414301169472
,,,
0.18048980280197072,-1.3183680823747948e-17,0.19706239146917107,0.028978414301169472
