Training error,Training violation,Test error,Test violation
0.18473262617728964,-1.4690044713464262e-18,0.19121513880947844,0.013669707269700262
,,,
0.18473262617728964,-1.4690044713464262e-18,0.19121513880947844,0.013669707269700262
