Training error,Training violation,Test error,Test violation
0.18390962923173335,6.804488720640089e-20,0.19285684609592063,0.03739371168677082
,,,
0.18390962923173335,6.804488720640089e-20,0.19285684609592063,0.03739371168677082
