Training error,Training violation,Test error,Test violation
0.18318407960199004,-0.04737666405638219,0.20323232323232324,0.011478420569329684
,,,
0.18318407960199004,-0.04737666405638219,0.20323232323232324,0.011478420569329684
