Training error,Training violation,Test error,Test violation
0.18119387999760236,-2.7609827918491278e-18,0.19051995862236829,0.04321786217225115
,,,
0.18119387999760236,-2.7609827918491278e-18,0.19051995862236829,0.04321786217225115
