Training error,Training violation,Test error,Test violation
0.18222537078757153,6.760248337534501e-19,0.1888262340384982,0.03957312091503264
,,,
0.18222537078757153,6.760248337534501e-19,0.1888262340384982,0.03957312091503264
