Training error,Training violation,Test error,Test violation
0.184726368159204,-4.0571603610696526e-18,0.18862470862470865,0.018306213017751448
,,,
0.184726368159204,-4.0571603610696526e-18,0.18862470862470865,0.018306213017751448
