Training error,Training violation,Test error,Test violation
0.17814408731350767,7.458085558496044e-18,0.19741161616161626,0.0166204986149585
,,,
0.17814408731350767,7.458085558496044e-18,0.19741161616161626,0.0166204986149585
