Training error,Training violation,Test error,Test violation
0.18223880597014927,-0.015481901439162619,0.194949494949495,0.02504638218923933
,,,
0.18223880597014927,-0.015481901439162619,0.194949494949495,0.02504638218923933
