Training error,Training violation,Test error,Test violation
0.18195211593364896,1.0703792940406297e-17,0.19310511898647492,0.04681330923393471
,,,
0.18195211593364896,1.0703792940406297e-17,0.19310511898647492,0.04681330923393471
