Training error,Training violation,Test error,Test violation
0.17676616915422888,-0.008280757097791748,0.19525252525252532,0.038825757575757576
,,,
0.17676616915422888,-0.008280757097791748,0.19525252525252532,0.038825757575757576
