Training error,Training violation,Test error,Test violation
0.20288557213930347,-0.06317411402157169,0.2088888888888889,-0.05009276437847865
,,,
0.20288557213930347,-0.06317411402157169,0.2088888888888889,-0.05009276437847865
