Training error,Training violation,Test error,Test violation
0.16950248756218905,0.12106918238993708,0.1796969696969697,0.14252553389043637
,,,
0.16950248756218905,0.12106918238993708,0.1796969696969697,0.14252553389043637
