Fold#,Training accuracy,Training Unfairness(3),Training objective function,Training Sample-Robustness,Test accuracy,Test unfairness,#Nodes explored for best solution,Cache size for best solution,Average length,RL
0,0.5248933143669986,0.0,0.4751066856330014,1.0,0.5459715639810426,0.0,0,0,0,"RULELIST:
(recidivism:yes) = False"
1,0.5308202939781888,0.004095004095004095,0.47217970602181125,0.4388261851015801,0.5507109004739337,0.003436426116838488,2083890,889469,3,"RULELIST:
 if [gender_Male__AND__juvenile-felonies_=0]: (recidivism:yes) = False
else if [priors_2-3__AND__juvenile-misdemeanors_=0]: (recidivism:yes) = False
else if [gender_Male__AND__juvenile-crimes_>0]: (recidivism:yes) = True
else (recidivism:yes) = False"
2,0.5296348980559507,0.0,0.47036510194404935,1.0,0.5270142180094787,0.0,0,0,0,"RULELIST:
(recidivism:yes) = False"
3,0.5280872244607727,0.0,0.4719127755392273,1.0,0.5332068311195446,0.0,0,0,0,"RULELIST:
(recidivism:yes) = False"
4,0.5378051671012088,0.0,0.46219483289879115,1.0,0.49430740037950666,0.0,0,0,0,"RULELIST:
(recidivism:yes) = False"
Average,0.5302481795926239,0.000819000819000819,0.47035182040737605,0.887765237020316,0.5302421827927012,0.0006872852233676975,177893.8,0.6,
