Fold#,Training accuracy,Training Unfairness(4),Training objective function,Training Sample-Robustness,Test accuracy,Test unfairness,#Nodes explored for best solution,Cache size for best solution,Average length,RL
0,0.7526628091254193,0.0,0.24733719087458073,1.0,0.7492629716981132,0.0,0,0,0,"RULELIST:
(income > 50K) = False"
1,0.7522573987395422,0.0,0.24774260126045777,1.0,0.7508844339622641,0.0,0,0,0,"RULELIST:
(income > 50K) = False"
2,0.7512714675315103,0.0,0.2487285324684897,1.0,0.754828247088309,0.0,0,0,0,"RULELIST:
(income > 50K) = False"
3,0.7506449472985922,0.0,0.2493550527014078,1.0,0.7573345127524694,0.0,0,0,0,"RULELIST:
(income > 50K) = False"
4,0.7564310459202477,0.014549735105596429,0.24656895407975232,0.14298507462686566,0.7507002801120448,0.01520387007601931,1286522,615127,3,"RULELIST:
 if [age_61.5_to_inf]: (income > 50K) = False
else if [occupation_blueCollar__AND__capitalGain_-inf_to_5095.5]: (income > 50K) = False
else if [occupation_blueCollar__AND__hoursPerWeek_40.5_to_inf]: (income > 50K) = True
else (income > 50K) = False"
Average,0.7526535337230624,0.0029099470211192855,0.24794646627693764,0.8285970149253732,0.7526020891226401,0.003040774015203862,123025.4,0.6,
