Fold#,Training accuracy,Training Unfairness(3),Training objective function,Training Sample-Robustness,Test accuracy,Test unfairness,#Nodes explored for best solution,Cache size for best solution,Average length,RL
0,0.7925773043894888,5.293629468524166e-05,0.2104226956105112,0.3687689746351973,0.7926002358490566,0.0003170577045022194,690858,324111,3,"RULELIST:
 if [occupation_other__AND__hoursPerWeek_-inf_to_34.5]: (income > 50K) = False
else if [occupation_blueCollar__AND__age_29.5_to_35.5]: (income > 50K) = False
else if [capitalGain_7073.5_to_inf]: (income > 50K) = True
else (income > 50K) = False"
1,0.792835292816865,0.00021830393429645106,0.21016470718313496,0.36642006761060214,0.7915683962264151,0.0009630818619582664,1161180,431605,3,"RULELIST:
 if [occupation_other__AND__hoursPerWeek_-inf_to_34.5]: (income > 50K) = False
else if [occupation_blueCollar__AND__age_29.5_to_35.5]: (income > 50K) = False
else if [capitalGain_7073.5_to_inf]: (income > 50K) = True
else (income > 50K) = False"
2,0.7512714675315103,0.0,0.2487285324684897,1.0,0.754828247088309,0.0,0,0,0,"RULELIST:
(income > 50K) = False"
3,0.7902999926291737,0.00012325107942642377,0.21170000737082628,0.37328161822466616,0.7972873359870264,0.0011045758380547118,17720,10503,2,"RULELIST:
 if [hoursPerWeek_34.5_to_40.5__AND__age_29.5_to_35.5]: (income > 50K) = False
else if [capitalGain_7073.5_to_inf]: (income > 50K) = True
else (income > 50K) = False"
4,0.7970442986658804,0.0005788055430001647,0.20695570133411956,0.36850347460115496,0.7912428129146395,0.00024473982312195135,7547933,2301332,4,"RULELIST:
 if [age_-inf_to_21.5]: (income > 50K) = False
else if [capitalGain_7073.5_to_inf]: (income > 50K) = True
else if [not_occupation_blueCollar]: (income > 50K) = False
else if [capitalLoss_1881.5_to_1978.5]: (income > 50K) = True
else (income > 50K) = False"
Average,0.7848056712065837,0.00019465937028165624,0.21759432879341634,0.4953948270143241,0.7855054056130893,0.0005258910455274298,613510.2,2.4,
