Fold#,Training accuracy,Training Unfairness(3),Training objective function,Training Sample-Robustness,Test accuracy,Test unfairness,#Nodes explored for best solution,Cache size for best solution,Average length,RL
0,0.8865209471766848,0.0,0.11347905282331516,1.0,0.8905889496053431,0.0,0,0,0,"RULELIST:
(subscribe:yes) = False"
1,0.891317547055252,0.00042874924274349953,0.11168245294474799,0.13400793108163545,0.8898603521554341,6.029950299294286e-06,772632,311155,3,"RULELIST:
 if [not_duration_very_high]: (subscribe:yes) = False
else if [marital_single]: (subscribe:yes) = False
else if [poutcome_success]: (subscribe:yes) = True
else (subscribe:yes) = False"
2,0.8862477231329691,0.0,0.11375227686703093,1.0,0.8916818457802065,0.0,0,0,0,"RULELIST:
(subscribe:yes) = False"
3,0.8915604128718883,0.00039698574814121704,0.11143958712811175,0.13813721470548038,0.8843958712811172,0.0023746726094747966,1140156,398673,3,"RULELIST:
 if [not_duration_very_high]: (subscribe:yes) = False
else if [emp_var_rate_high]: (subscribe:yes) = False
else if [poutcome_success]: (subscribe:yes) = True
else (subscribe:yes) = False"
4,0.8923193685488767,0.002456742311702737,0.11068063145112328,0.12200212118101886,0.8905889496053431,0.00015652532782167944,1614398,483042,3,"RULELIST:
 if [cons_price_idx_low]: (subscribe:yes) = False
else if [not_duration_very_high]: (subscribe:yes) = False
else if [poutcome_failure]: (subscribe:yes) = False
else (subscribe:yes) = True"
Average,0.8895931997571342,0.0006564954605174907,0.11220680024286582,0.4788294533936269,0.8894231936854888,0.0005074455775191541,238574.0,1.8,
