Fold#,Training accuracy,Training Unfairness(5),Training objective function,Training Sample-Robustness,Test accuracy,Test unfairness,#Nodes explored for best solution,Cache size for best solution,Average length,RL
0,0.5248933143669986,0.0,0.4751066856330014,1.0,0.5459715639810426,0.0,0,0,0,"RULELIST:
(recidivism:yes) = False"
1,0.5251303935514462,0.0,0.4748696064485538,1.0,0.5450236966824644,0.0,0,0,0,"RULELIST:
(recidivism:yes) = False"
2,0.5320056899004267,0.005230439639967166,0.46999431009957326,0.21824596774193547,0.5298578199052133,0.009090909090909038,21870,14262,2,"RULELIST:
 if [not_priors_2-3]: (recidivism:yes) = False
else if [age_18-20__AND__juvenile-crimes_=0]: (recidivism:yes) = True
else (recidivism:yes) = False"
3,0.5280872244607727,0.0,0.4719127755392273,1.0,0.5332068311195446,0.0,0,0,0,"RULELIST:
(recidivism:yes) = False"
4,0.5378051671012088,0.0,0.46219483289879115,1.0,0.49430740037950666,0.0,0,0,0,"RULELIST:
(recidivism:yes) = False"
Average,0.5295843578761706,0.0010460879279934332,0.47081564212382937,0.8436491935483872,0.5296734624135543,0.0018181818181818078,2852.4,0.4,
