Fold#,Training accuracy,Training Unfairness(1),Training objective function,Training Sample-Robustness,Test accuracy,Test unfairness,#Nodes explored for best solution,Cache size for best solution,Average length,RL
0,0.8865209471766848,0.0,0.11347905282331516,1.0,0.8905889496053431,0.0,0,0,0,"RULELIST:
(subscribe:yes) = False"
1,0.8880388585306618,0.0,0.11196114146933822,1.0,0.8845173041894353,0.0,0,0,0,"RULELIST:
(subscribe:yes) = False"
2,0.8862477231329691,0.0,0.11375227686703093,1.0,0.8916818457802065,0.0,0,0,0,"RULELIST:
(subscribe:yes) = False"
3,0.8885245901639345,0.0,0.11147540983606552,1.0,0.8825743776563448,0.0,0,0,0,"RULELIST:
(subscribe:yes) = False"
4,0.8912871888281725,0.0052049453759630705,0.11171281117182752,0.0040680024286581665,0.8899817850637523,0.005334688412944261,1355272,450898,3,"RULELIST:
 if [nr_employed_low]: (subscribe:yes) = False
else if [not_job_admin.]: (subscribe:yes) = False
else if [poutcome_failure]: (subscribe:yes) = False
else (subscribe:yes) = True"
Average,0.8881238615664845,0.001040989075192614,0.11247613843351548,0.8008136004857317,0.8878688524590164,0.0010669376825888522,90179.6,0.6,
