Fold#,Training accuracy,Training Unfairness(1),Training objective function,Training Sample-Robustness,Test accuracy,Test unfairness,#Nodes explored for best solution,Cache size for best solution,Average length,RL
0,0.7526628091254193,0.0,0.24733719087458073,1.0,0.7492629716981132,0.0,0,0,0,"RULELIST:
(income > 50K) = False"
1,0.7522573987395422,0.0,0.24774260126045777,1.0,0.7508844339622641,0.0,0,0,0,"RULELIST:
(income > 50K) = False"
2,0.7534090071497015,0.0016543551940725269,0.2485909928502985,0.2604481462371932,0.7565973757924223,0.0012817709297044523,23384,13521,2,"RULELIST:
 if [not_workclass_fedGov]: (income > 50K) = False
else if [capitalGain_7073.5_to_inf]: (income > 50K) = True
else (income > 50K) = False"
3,0.7534090071497015,0.0010173676985975326,0.2485909928502985,0.1875875285619518,0.7599882058086392,0.00011615149013427094,9978,7933,2,"RULELIST:
 if [not_education_associates]: (income > 50K) = False
else if [capitalGain_7073.5_to_inf]: (income > 50K) = True
else (income > 50K) = False"
4,0.7552517137171076,0.0024918015659590818,0.24674828628289236,0.2622539986732513,0.7502579979360166,0.00302227807654112,19618,12555,2,"RULELIST:
 if [not_occupation_sales]: (income > 50K) = False
else if [capitalLoss_1881.5_to_1978.5]: (income > 50K) = True
else (income > 50K) = False"
Average,0.7533979871762944,0.0010327048917258281,0.24780201282370556,0.5420579346944793,0.7533981970394911,0.0008840400992759687,6801.8,1.2,
