Fold#,Training accuracy,Training Unfairness(4),Training objective function,Training Sample-Robustness,Test accuracy,Test unfairness,#Nodes explored for best solution,Cache size for best solution,Average length,RL
0,0.5248933143669986,0.0,0.4751066856330014,1.0,0.5459715639810426,0.0,0,0,0,"RULELIST:
(recidivism:yes) = False"
1,0.5282124229492651,0.00971599402092671,0.47378757705073493,0.3439840239640539,0.5497630331753555,0.015479876160990669,17495,12474,2,"RULELIST:
 if [not_priors_2-3]: (recidivism:yes) = False
else if [gender_Male__AND__age_18-20]: (recidivism:yes) = True
else (recidivism:yes) = False"
2,0.5341394025604552,0.004335305007346246,0.4678605974395448,0.1875,0.5298578199052133,0.0031737493275953987,24946,15168,2,"RULELIST:
 if [charge_degree_Felony__AND__juvenile-crimes_=0]: (recidivism:yes) = False
else if [age_18-20__AND__charge_degree_Felony]: (recidivism:yes) = True
else (recidivism:yes) = False"
3,0.5314055463379947,0.006132935895036606,0.47059445366200525,0.29432446007031643,0.5360531309297912,0.008746355685131157,17062,12234,2,"RULELIST:
 if [not_priors_2-3]: (recidivism:yes) = False
else if [juvenile-felonies_=0__AND__age_18-20]: (recidivism:yes) = True
else (recidivism:yes) = False"
4,0.5408864659872008,0.008284501919579745,0.4611135340127992,0.2835897435897436,0.4952561669829222,0.011494252873563204,21455,14015,2,"RULELIST:
 if [juvenile-misdemeanors_=0__AND__age_23-25]: (recidivism:yes) = False
else if [age_23-25__AND__juvenile-crimes_>0]: (recidivism:yes) = True
else (recidivism:yes) = False"
Average,0.5319074304403829,0.005693747368577862,0.46969256955961713,0.42187964552482277,0.5313803429948649,0.007778846809456086,10778.2,1.6,
