Fold#,Training accuracy,Training Unfairness(1),Training objective function,Training Sample-Robustness,Test accuracy,Test unfairness,#Nodes explored for best solution,Cache size for best solution,Average length,RL
0,0.5248933143669986,0.0,0.4751066856330014,1.0,0.5459715639810426,0.0,0,0,0,"RULELIST:
(recidivism:yes) = False"
1,0.5251303935514462,0.0,0.4748696064485538,1.0,0.5450236966824644,0.0,0,0,0,"RULELIST:
(recidivism:yes) = False"
2,0.5324798482693219,0.000100238690440335,0.46952015173067807,0.06543385490753911,0.5289099526066351,0.001356138192705014,21776,14240,2,"RULELIST:
 if [not_priors_2-3]: (recidivism:yes) = False
else if [age_21-22__AND__juvenile-crimes_>0]: (recidivism:yes) = True
else (recidivism:yes) = False"
3,0.5280872244607727,0.0,0.4719127755392273,1.0,0.5332068311195446,0.0,0,0,0,"RULELIST:
(recidivism:yes) = False"
4,0.5413605119696611,0.0008183386393279387,0.46163948803033894,0.07845461009717943,0.5,0.0027849112594875306,1982827,871918,3,"RULELIST:
 if [gender_Male__AND__priors_1]: (recidivism:yes) = False
else if [priors_2-3__AND__juvenile-crimes_=0]: (recidivism:yes) = False
else if [juvenile-misdemeanors_>0__AND__age_21-22]: (recidivism:yes) = True
else (recidivism:yes) = False"
Average,0.5303902585236401,0.00018371546595365474,0.4706097414763599,0.6287776930009437,0.5306224088779373,0.000828209890438509,177231.6,1.0,
