Fold#,Training accuracy,Training Unfairness(5),Training objective function,Training Sample-Robustness,Test accuracy,Test unfairness,#Nodes explored for best solution,Cache size for best solution,Average length,RL
0,0.7777638819409705,0.0,0.22223611805902954,1.0,0.782427475825275,0.0,0,0,0,"RULELIST:
(default_payment:yes) = False"
1,0.7884447038225854,0.0019897266583277593,0.21455529617741464,0.008039016024438609,0.7917291979322995,0.04436280204460963,848117,457052,3,"RULELIST:
 if [not_MARRIAGE_Married]: (default_payment:yes) = False
else if [PAY_6_Pay_duly__AND__PAY_5_Pay_duly]: (default_payment:yes) = False
else if [PAY_3_Pay_delay>=1]: (default_payment:yes) = True
else (default_payment:yes) = False"
2,0.7781900037517195,0.0,0.22180999624828046,1.0,0.7807236951809238,0.0,0,0,0,"RULELIST:
(default_payment:yes) = False"
3,0.7802742923840094,0.0,0.21972570761599064,1.0,0.7723861930965483,0.0,0,0,0,"RULELIST:
(default_payment:yes) = False"
4,0.7794405769310934,0.0,0.22055942306890663,1.0,0.7757211939302985,0.0,0,0,0,"RULELIST:
(default_payment:yes) = False"
Average,0.7808226917660757,0.0003979453316655519,0.21977730823392436,0.8016078032048878,0.780597551193069,0.008872560408921926,91410.4,0.6,
