Fold#,Training accuracy,Training Unfairness(1),Training objective function,Training Sample-Robustness,Test accuracy,Test unfairness,#Nodes explored for best solution,Cache size for best solution,Average length,RL
0,0.5282124229492651,0.0013405250585452606,0.47478757705073493,0.08274063537221432,0.5459715639810426,0.0,2132283,902983,3,"RULELIST:
 if [not_priors_1]: (recidivism:yes) = False
else if [gender_Male__AND__juvenile-crimes_=0]: (recidivism:yes) = False
else if [juvenile-felonies_=0__AND__age_18-20]: (recidivism:yes) = True
else (recidivism:yes) = False"
1,0.5251303935514462,0.0,0.4748696064485538,1.0,0.5450236966824644,0.0,0,0,0,"RULELIST:
(recidivism:yes) = False"
2,0.5331910858226647,0.0004917813685922541,0.4688089141773353,0.03840682788051209,0.5298578199052133,0.0036497161743563903,21815,14248,2,"RULELIST:
 if [not_priors_2-3]: (recidivism:yes) = False
else if [juvenile-misdemeanors_>0__AND__juvenile-crimes_>0]: (recidivism:yes) = True
else (recidivism:yes) = False"
3,0.530220431381844,6.786405919425101e-05,0.47177956861815595,0.1225408864659872,0.5379506641366224,0.001582150569920661,16973,12208,2,"RULELIST:
 if [not_priors_2-3]: (recidivism:yes) = False
else if [age_21-22__AND__juvenile-crimes_>0]: (recidivism:yes) = True
else (recidivism:yes) = False"
4,0.5406494429959706,0.00376819114670257,0.4613505570040294,0.07726949514102868,0.49620493358633777,0.005235024444063992,19115,13093,2,"RULELIST:
 if [gender_Male__AND__juvenile-felonies_=0]: (recidivism:yes) = False
else if [gender_Male__AND__age_18-20]: (recidivism:yes) = True
else (recidivism:yes) = False"
Average,0.5314807553402382,0.001133672326606867,0.4703192446597619,0.2641915689719484,0.5310017356583361,0.002093378237668209,188506.4,1.8,
