Fold#,Training accuracy,Training Unfairness(3),Training objective function,Training Sample-Robustness,Test accuracy,Test unfairness,#Nodes explored for best solution,Cache size for best solution,Average length,RL
0,0.7899605646261011,0.00012342669897475172,0.2130394353738989,0.3442366075800607,0.7883254716981132,0.0002013456132790144,1266445,474899,3,"RULELIST:
 if [education_hs_grad__AND__occupation_other]: (income > 50K) = False
else if [hoursPerWeek_34.5_to_40.5__AND__age_29.5_to_35.5]: (income > 50K) = False
else if [capitalGain_7073.5_to_inf]: (income > 50K) = True
else (income > 50K) = False"
1,0.7814469465226845,0.0001782532101663276,0.22155305347731546,0.3612267894762628,0.7793337264150944,0.00032102728731942215,1406762,503139,3,"RULELIST:
 if [not_age_35.5_to_61.5]: (income > 50K) = False
else if [education_hs_grad__AND__occupation_other]: (income > 50K) = False
else if [not_capitalGain_7073.5_to_inf]: (income > 50K) = False
else (income > 50K) = True"
2,0.7512714675315103,0.0,0.2487285324684897,1.0,0.754828247088309,0.0,0,0,0,"RULELIST:
(income > 50K) = False"
3,0.787683349303457,0.0003002510567351654,0.21531665069654304,0.36351139041633934,0.7950759251068849,0.00039520340756018656,611367,294952,3,"RULELIST:
 if [hoursPerWeek_34.5_to_40.5__AND__age_29.5_to_35.5]: (income > 50K) = False
else if [workclass_private__AND__occupation_other]: (income > 50K) = False
else if [capitalGain_7073.5_to_inf]: (income > 50K) = True
else (income > 50K) = False"
4,0.7879413282228938,0.00014011734970020812,0.21505867177710625,0.36302241362435156,0.7847560076662243,0.0005159958720330237,656429,307137,3,"RULELIST:
 if [occupation_other__AND__hoursPerWeek_-inf_to_34.5]: (income > 50K) = False
else if [education_hs_grad__AND__hoursPerWeek_34.5_to_40.5]: (income > 50K) = False
else if [capitalGain_7073.5_to_inf]: (income > 50K) = True
else (income > 50K) = False"
Average,0.7796607312413294,0.00014840966311529058,0.22273926875867067,0.4863994402194029,0.7804638755949251,0.0002867144360383294,316025.4,2.4,
