Fold#,Training accuracy,Training Unfairness(5),Training objective function,Training Sample-Robustness,Test accuracy,Test unfairness,#Nodes explored for best solution,Cache size for best solution,Average length,RL
0,0.7777638819409705,0.0,0.22223611805902954,1.0,0.782427475825275,0.0,0,0,0,"RULELIST:
(default_payment:yes) = False"
1,0.7907791070907499,0.0033532594467231003,0.21222089290925006,0.007556675062972292,0.7978989494747374,0.0007018664807930675,2702001,860014,3,"RULELIST:
 if [BILL_AMT6_middle]: (default_payment:yes) = False
else if [BILL_AMT3_very_low]: (default_payment:yes) = False
else if [PAY_0_Pay_duly]: (default_payment:yes) = False
else (default_payment:yes) = True"
2,0.7781900037517195,0.0,0.22180999624828046,1.0,0.7807236951809238,0.0,0,0,0,"RULELIST:
(default_payment:yes) = False"
3,0.7802742923840094,0.0,0.21972570761599064,1.0,0.7723861930965483,0.0,0,0,0,"RULELIST:
(default_payment:yes) = False"
4,0.7871107590979198,0.002098099368807116,0.21588924090208017,0.008022248368809498,0.7820576955144238,0.014845297085151477,2712357,965531,3,"RULELIST:
 if [AGE_low]: (default_payment:yes) = False
else if [PAY_AMT4_very_low]: (default_payment:yes) = False
else if [PAY_5_Pay_delay>=1]: (default_payment:yes) = True
else (default_payment:yes) = False"
Average,0.7828236088530738,0.0010902717631060433,0.21837639114692617,0.6031157846863564,0.7830988018183817,0.0031094327131889086,365109.0,1.2,
