Fold#,Training accuracy,Training Unfairness(5),Training objective function,Training Sample-Robustness,Test accuracy,Test unfairness,#Nodes explored for best solution,Cache size for best solution,Average length,RL
0,0.5308202939781888,0.004247835497835584,0.47117970602181125,0.12624750499001997,0.5516587677725119,0.0038022813688212928,23327,14724,2,"RULELIST:
 if [juvenile-misdemeanors_=0__AND__charge_degree_Felony]: (recidivism:yes) = False
else if [gender_Male__AND__age_18-20]: (recidivism:yes) = True
else (recidivism:yes) = False"
1,0.5315315315315315,0.002012072434607646,0.47146846846846846,0.11782326510234647,0.5497630331753555,0.012206424641596492,1962436,866930,3,"RULELIST:
 if [not_priors_2-3]: (recidivism:yes) = False
else if [age_21-22__AND__charge_degree_Misdemeanor]: (recidivism:yes) = True
else if [age_18-20]: (recidivism:yes) = True
else (recidivism:yes) = False"
2,0.5339023233760076,0.008958249678131192,0.4680976766239924,0.2691532258064516,0.5298578199052133,0.009090909090909038,21712,14225,2,"RULELIST:
 if [not_priors_2-3]: (recidivism:yes) = False
else if [age_18-20]: (recidivism:yes) = True
else (recidivism:yes) = False"
3,0.5323536383029154,0.009167837260742218,0.4696463616970846,0.26167754897036666,0.5360531309297912,0.008746355685131157,16909,12195,2,"RULELIST:
 if [not_priors_2-3]: (recidivism:yes) = False
else if [age_18-20]: (recidivism:yes) = True
else (recidivism:yes) = False"
4,0.5408864659872008,0.00599965805057745,0.4611135340127992,0.28205128205128205,0.4981024667931689,0.008962410686548683,19061,13071,2,"RULELIST:
 if [gender_Male__AND__juvenile-felonies_=0]: (recidivism:yes) = False
else if [juvenile-misdemeanors_>0__AND__juvenile-crimes_>0]: (recidivism:yes) = True
else (recidivism:yes) = False"
Average,0.5338988506351688,0.006077130584378818,0.4683011493648312,0.21139056538409334,0.5330870437152082,0.008561676294601334,184229.0,2.2,
