Fold#,Training accuracy,Training Unfairness(3),Training objective function,Training Sample-Robustness,Test accuracy,Test unfairness,#Nodes explored for best solution,Cache size for best solution,Average length,RL
0,0.7783879408837946,4.850210630543516e-05,0.2246120591162054,0.378121633532465,0.7765330188679245,0.0,651596,324991,3,"RULELIST:
 if [education_hs_grad__AND__hoursPerWeek_34.5_to_40.5]: (income > 50K) = False
else if [not_age_35.5_to_61.5]: (income > 50K) = False
else if [capitalGain_7073.5_to_inf]: (income > 50K) = True
else (income > 50K) = False"
1,0.7814469465226845,0.0001782532101663276,0.22155305347731546,0.37102542746558226,0.7793337264150944,0.00032102728731942215,1406448,503143,3,"RULELIST:
 if [not_age_35.5_to_61.5]: (income > 50K) = False
else if [education_hs_grad__AND__occupation_other]: (income > 50K) = False
else if [not_capitalGain_7073.5_to_inf]: (income > 50K) = False
else (income > 50K) = True"
2,0.7512714675315103,0.0,0.2487285324684897,1.0,0.754828247088309,0.0,0,0,0,"RULELIST:
(income > 50K) = False"
3,0.7777327338394634,0.00042852196489319514,0.2252672661605366,0.37814218381775333,0.7865251363703376,0.0017329138839233891,863390,431682,3,"RULELIST:
 if [age_35.5_to_61.5__AND__workclass_otherGov]: (income > 50K) = False
else if [workclass_private__AND__hoursPerWeek_34.5_to_40.5]: (income > 50K) = False
else if [not_capitalGain_7073.5_to_inf]: (income > 50K) = False
else (income > 50K) = True"
4,0.7821183754698902,0.0003777975905495188,0.22088162453010984,0.37295683664480767,0.7763526463216865,0.000393625960472048,590959,285892,3,"RULELIST:
 if [occupation_professional]: (income > 50K) = False
else if [occupation_other__AND__hoursPerWeek_-inf_to_34.5]: (income > 50K) = False
else if [capitalGain_7073.5_to_inf]: (income > 50K) = True
else (income > 50K) = False"
Average,0.7741914928494685,0.00020661497438289534,0.2282085071505314,0.5000492162921216,0.7747145550126704,0.0004895134263429719,309141.6,2.4,
