Fold#,Training accuracy,Training Unfairness(1),Training objective function,Training Sample-Robustness,Test accuracy,Test unfairness,#Nodes explored for best solution,Cache size for best solution,Average length,RL
0,0.7777638819409705,0.0,0.22223611805902954,1.0,0.782427475825275,0.0,0,0,0,"RULELIST:
(default_payment:yes) = False"
1,0.7778148317979073,0.0,0.22218516820209266,1.0,0.7822244455561114,0.0,0,0,0,"RULELIST:
(default_payment:yes) = False"
2,0.7781900037517195,0.0,0.22180999624828046,1.0,0.7807236951809238,0.0,0,0,0,"RULELIST:
(default_payment:yes) = False"
3,0.784026011922131,0.004522620314451341,0.21897398807786905,0.22493642919671517,0.7757211939302985,0.004290058424920184,1425314,712560,3,"RULELIST:
 if [not_PAY_AMT3_very_low]: (default_payment:yes) = False
else if [not_BILL_AMT5_low]: (default_payment:yes) = False
else if [PAY_5_Pay_delay>=1]: (default_payment:yes) = True
else (default_payment:yes) = False"
4,0.7794405769310934,0.0,0.22055942306890663,1.0,0.7757211939302985,0.0,0,0,0,"RULELIST:
(default_payment:yes) = False"
Average,0.7794470612687643,0.0009045240628902682,0.2211529387312357,0.844987285839343,0.7793636008845815,0.0008580116849840368,142512.0,0.6,
