Fold#,Training accuracy,Training Unfairness(4),Training objective function,Training Sample-Robustness,Test accuracy,Test unfairness,#Nodes explored for best solution,Cache size for best solution,Average length,RL
0,0.7777638819409705,0.0,0.22223611805902954,1.0,0.782427475825275,0.0,0,0,0,"RULELIST:
(default_payment:yes) = False"
1,0.7778148317979073,0.0,0.22218516820209266,1.0,0.7822244455561114,0.0,0,0,0,"RULELIST:
(default_payment:yes) = False"
2,0.7781900037517195,0.0,0.22180999624828046,1.0,0.7807236951809238,0.0,0,0,0,"RULELIST:
(default_payment:yes) = False"
3,0.7802742923840094,0.0,0.21972570761599064,1.0,0.7723861930965483,0.0,0,0,0,"RULELIST:
(default_payment:yes) = False"
4,0.7952394847638501,0.003061397856700898,0.2077605152361499,0.016443016443016444,0.791228947807237,0.019686203528642254,567943,310659,3,"RULELIST:
 if [PAY_0_Pay_duly]: (default_payment:yes) = False
else if [EDUCATION_University]: (default_payment:yes) = True
else if [PAY_3_Pay_duly__AND__PAY_2_Pay_duly]: (default_payment:yes) = False
else (default_payment:yes) = True"
Average,0.7818564989276914,0.0006122795713401797,0.2187435010723086,0.8032886032886033,0.7817981514932192,0.003937240705728451,62131.8,0.6,
