Fold#,Training accuracy,Training Unfairness(5),Training objective function,Training Sample-Robustness,Test accuracy,Test unfairness,#Nodes explored for best solution,Cache size for best solution,Average length,RL
0,0.5284495021337127,0.0051271645021645496,0.47355049786628733,0.26147704590818366,0.5497630331753555,0.012618296529968487,23003,14683,2,"RULELIST:
 if [gender_Male__AND__juvenile-misdemeanors_=0]: (recidivism:yes) = False
else if [gender_Male__AND__age_18-20]: (recidivism:yes) = True
else (recidivism:yes) = False"
1,0.5296348980559507,0.005177742562684662,0.47236510194404935,0.19221168247628556,0.5497630331753555,0.01291632979038082,22194,14290,2,"RULELIST:
 if [juvenile-misdemeanors_=0__AND__charge_degree_Felony]: (recidivism:yes) = False
else if [age_18-20__AND__juvenile-crimes_=0]: (recidivism:yes) = True
else (recidivism:yes) = False"
2,0.5296348980559507,0.0,0.47036510194404935,1.0,0.5270142180094787,0.0,0,0,0,"RULELIST:
(recidivism:yes) = False"
3,0.5280872244607727,0.0,0.4719127755392273,1.0,0.5332068311195446,0.0,0,0,0,"RULELIST:
(recidivism:yes) = False"
4,0.5399383740222802,0.006854531607006886,0.4620616259777198,0.4430769230769231,0.4981024667931689,0.0032152842497670253,21870,14098,2,"RULELIST:
 if [not_priors_2-3]: (recidivism:yes) = False
else if [age_18-20__AND__juvenile-crimes_=0]: (recidivism:yes) = True
else (recidivism:yes) = False"
Average,0.5311489793457334,0.0034318877343712194,0.4700510206542666,0.5793531302922784,0.5315699164545806,0.005749982114023266,8614.2,1.2,
