Fold#,Training accuracy,Training Unfairness(5),Training objective function,Training Sample-Robustness,Test accuracy,Test unfairness,#Nodes explored for best solution,Cache size for best solution,Average length,RL
0,0.8904068002428658,0.0019629627622906815,0.11259319975713422,0.002140181915462814,0.8939890710382513,0.009919424533577303,1652744,502383,3,"RULELIST:
 if [marital_single]: (subscribe:yes) = False
else if [not_cons_price_idx_high]: (subscribe:yes) = False
else if [poutcome_failure]: (subscribe:yes) = False
else (subscribe:yes) = True"
1,0.8880388585306618,0.0,0.11196114146933822,1.0,0.8845173041894353,0.0,0,0,0,"RULELIST:
(subscribe:yes) = False"
2,0.8862477231329691,0.0,0.11375227686703093,1.0,0.8916818457802065,0.0,0,0,0,"RULELIST:
(subscribe:yes) = False"
3,0.8885245901639345,0.0,0.11147540983606552,1.0,0.8825743776563448,0.0,0,0,0,"RULELIST:
(subscribe:yes) = False"
4,0.8873406193078324,0.0,0.11265938069216763,1.0,0.8873102610807528,0.0,0,0,0,"RULELIST:
(subscribe:yes) = False"
Average,0.8881117182756526,0.0003925925524581363,0.1124882817243473,0.8004280363830926,0.8880145719489981,0.0019838849067154605,100476.6,0.6,
