Fold#,Training accuracy,Training Unfairness(5),Training objective function,Training Sample-Robustness,Test accuracy,Test unfairness,#Nodes explored for best solution,Cache size for best solution,Average length,RL
0,0.5303461356092936,0.007355061894764521,0.47065386439070644,0.04141716566866267,0.5459715639810426,0.00897727134683366,108,108,1,"RULELIST:
 if [juvenile-misdemeanors_>0__AND__age_21-22]: (recidivism:yes) = True
else (recidivism:yes) = False"
1,0.531294452347084,0.002714897081094264,0.47070554765291606,0.04992511233150274,0.5469194312796208,0.002918498945002068,21388,14080,2,"RULELIST:
 if [gender_Male__AND__juvenile-misdemeanors_=0]: (recidivism:yes) = False
else if [age_18-20]: (recidivism:yes) = True
else (recidivism:yes) = False"
2,0.5343764817449028,0.005837934609149387,0.4676235182550972,0.17036290322580644,0.5308056872037915,0.0062040523578984486,24299,15030,2,"RULELIST:
 if [gender_Male__AND__juvenile-crimes_=0]: (recidivism:yes) = False
else if [gender_Male__AND__age_18-20]: (recidivism:yes) = True
else (recidivism:yes) = False"
3,0.5325906612941456,0.002063833027160302,0.46940933870585444,0.17076845806127575,0.5370018975332068,0.0017610112117714127,20552,13833,2,"RULELIST:
 if [charge_degree_Felony__AND__juvenile-crimes_=0]: (recidivism:yes) = False
else if [priors_2-3__AND__juvenile-misdemeanors_>0]: (recidivism:yes) = True
else (recidivism:yes) = False"
4,0.5423086039345817,0.007429628363150198,0.4596913960654183,0.21435897435897436,0.4990512333965844,0.010127368748058418,22192,14155,2,"RULELIST:
 if [not_priors_1]: (recidivism:yes) = False
else if [age_18-20__AND__charge_degree_Felony]: (recidivism:yes) = True
else (recidivism:yes) = False"
Average,0.5341832669860015,0.005080270995063735,0.46761673301399853,0.12936652272924437,0.5319499626788493,0.0059976405219128014,11441.2,1.8,
