Fold#,Training accuracy,Training Unfairness(3),Training objective function,Training Sample-Robustness,Test accuracy,Test unfairness,#Nodes explored for best solution,Cache size for best solution,Average length,RL
0,0.7899605646261011,0.00012342669897475172,0.2130394353738989,0.3638233277837626,0.7883254716981132,0.0002013456132790144,1266445,474899,3,"RULELIST:
 if [education_hs_grad__AND__occupation_other]: (income > 50K) = False
else if [hoursPerWeek_34.5_to_40.5__AND__age_29.5_to_35.5]: (income > 50K) = False
else if [capitalGain_7073.5_to_inf]: (income > 50K) = True
else (income > 50K) = False"
1,0.7894814432609737,4.0050724130123564e-05,0.2135185567390263,0.3614717554259958,0.7878832547169812,0.0009630818619582664,1333570,467987,3,"RULELIST:
 if [hoursPerWeek_34.5_to_40.5__AND__age_29.5_to_35.5]: (income > 50K) = False
else if [workclass_private__AND__occupation_other]: (income > 50K) = False
else if [capitalGain_7073.5_to_inf]: (income > 50K) = True
else (income > 50K) = False"
2,0.7512714675315103,0.0,0.2487285324684897,1.0,0.754828247088309,0.0,0,0,0,"RULELIST:
(income > 50K) = False"
3,0.7877202034348051,0.0002515219875844535,0.21527979656519491,0.36847014925373134,0.7950759251068849,0.0014187448609890504,574315,276722,3,"RULELIST:
 if [hoursPerWeek_34.5_to_40.5__AND__occupation_other]: (income > 50K) = False
else if [hoursPerWeek_34.5_to_40.5__AND__age_29.5_to_35.5]: (income > 50K) = False
else if [capitalGain_7073.5_to_inf]: (income > 50K) = True
else (income > 50K) = False"
4,0.7912213459128769,0.00014634433672365394,0.21177865408712315,0.3678183419790545,0.7857879994102904,0.0010319917440660474,708552,327142,3,"RULELIST:
 if [age_61.5_to_inf]: (income > 50K) = False
else if [workclass_private__AND__age_-inf_to_21.5]: (income > 50K) = False
else if [capitalGain_7073.5_to_inf]: (income > 50K) = True
else (income > 50K) = False"
Average,0.7819310049532534,0.00011226874948259654,0.22046899504674658,0.49231671488850887,0.7823801796041158,0.0007230328160584758,309350.0,2.4,
