Fold#,Training accuracy,Training Unfairness(1),Training objective function,Training Sample-Robustness,Test accuracy,Test unfairness,#Nodes explored for best solution,Cache size for best solution,Average length,RL
0,0.7550584159510559,0.004200073384181806,0.24694158404894406,0.3218221354070689,0.7517688679245284,0.004574166848181224,5627,4849,2,"RULELIST:
 if [not_occupation_blueCollar]: (income > 50K) = False
else if [capitalLoss_1881.5_to_1978.5]: (income > 50K) = True
else (income > 50K) = False"
1,0.7522573987395422,0.0,0.24774260126045777,1.0,0.7508844339622641,0.0,0,0,0,"RULELIST:
(income > 50K) = False"
2,0.7564679000515958,0.007344828086470728,0.2465320999484042,0.31414461561141005,0.7611676249447147,0.009840367373715285,696603,357481,3,"RULELIST:
 if [not_workclass_private]: (income > 50K) = False
else if [not_hoursPerWeek_40.5_to_inf]: (income > 50K) = False
else if [capitalLoss_1881.5_to_1978.5]: (income > 50K) = True
else (income > 50K) = False"
3,0.7558045256873296,0.007246739547837004,0.24719547431267042,0.31738777917004496,0.7633790358248562,0.006680795453056333,649501,339678,3,"RULELIST:
 if [capitalGain_-inf_to_5095.5__AND__workclass_selfEmployed]: (income > 50K) = False
else if [age_35.5_to_61.5__AND__occupation_sales]: (income > 50K) = False
else if [hoursPerWeek_40.5_to_inf__AND__workclass_selfEmployed]: (income > 50K) = True
else (income > 50K) = False"
4,0.7530773199675683,0.0,0.24692268003243167,1.0,0.7476043048798466,0.0,0,0,0,"RULELIST:
(income > 50K) = False"
Average,0.7545331120794183,0.0037583282036979075,0.24706688792058165,0.5906709060377049,0.754960853507242,0.004219065934990569,140401.6,1.6,
