Fold#,Training accuracy,Training Unfairness(5),Training objective function,Training Sample-Robustness,Test accuracy,Test unfairness,#Nodes explored for best solution,Cache size for best solution,Average length,RL
0,0.5284495021337127,0.0051271645021645496,0.47355049786628733,0.023952095808383235,0.5497630331753555,0.012618296529968487,23003,14683,2,"RULELIST:
 if [gender_Male__AND__juvenile-misdemeanors_=0]: (recidivism:yes) = False
else if [gender_Male__AND__age_18-20]: (recidivism:yes) = True
else (recidivism:yes) = False"
1,0.5251303935514462,0.0,0.4748696064485538,1.0,0.5450236966824644,0.0,0,0,0,"RULELIST:
(recidivism:yes) = False"
2,0.5424371740161213,0.0035092038939507075,0.46056282598387865,0.005371530886302597,0.5412322274881517,0.06150259996413843,1936193,866574,3,"RULELIST:
 if [gender_Male__AND__charge_degree_Misdemeanor]: (recidivism:yes) = False
else if [priors_2-3]: (recidivism:yes) = True
else if [age_18-20]: (recidivism:yes) = True
else (recidivism:yes) = False"
3,0.5314055463379947,0.005405777135422896,0.47059445366200525,0.011049723756906077,0.5360531309297912,0.011661807580174877,19297,13411,2,"RULELIST:
 if [age_26-45__AND__juvenile-crimes_=0]: (recidivism:yes) = False
else if [age_26-45__AND__juvenile-felonies_>0]: (recidivism:yes) = True
else (recidivism:yes) = False"
4,0.5408864659872008,0.00599965805057745,0.4611135340127992,0.059487179487179485,0.4981024667931689,0.008962410686548683,19061,13071,2,"RULELIST:
 if [gender_Male__AND__juvenile-felonies_=0]: (recidivism:yes) = False
else if [juvenile-misdemeanors_>0__AND__juvenile-crimes_>0]: (recidivism:yes) = True
else (recidivism:yes) = False"
Average,0.5336618164052951,0.00400836071642312,0.4681381835947048,0.21997210598775424,0.5340349110137864,0.018949022952166095,181547.8,1.8,
