Fold#,Training accuracy,Training Unfairness(4),Training objective function,Training Sample-Robustness,Test accuracy,Test unfairness,#Nodes explored for best solution,Cache size for best solution,Average length,RL
0,0.5248933143669986,0.0,0.4751066856330014,1.0,0.5459715639810426,0.0,0,0,0,"RULELIST:
(recidivism:yes) = False"
1,0.5286865813181603,0.008959618777886424,0.47331341868183974,0.3145282076884673,0.5497630331753555,0.015479876160990669,17494,12474,2,"RULELIST:
 if [not_priors_2-3]: (recidivism:yes) = False
else if [age_18-20__AND__charge_degree_Felony]: (recidivism:yes) = True
else (recidivism:yes) = False"
2,0.5343764817449028,0.005837934609149387,0.4676235182550972,0.17036290322580644,0.5308056872037915,0.0062040523578984486,24299,15030,2,"RULELIST:
 if [gender_Male__AND__juvenile-crimes_=0]: (recidivism:yes) = False
else if [gender_Male__AND__age_18-20]: (recidivism:yes) = True
else (recidivism:yes) = False"
3,0.5314055463379947,0.008409111919315815,0.47059445366200525,0.28679055750878957,0.5360531309297912,0.0008805056058857064,24257,14973,2,"RULELIST:
 if [gender_Male__AND__juvenile-felonies_=0]: (recidivism:yes) = False
else if [juvenile-misdemeanors_>0__AND__juvenile-crimes_>0]: (recidivism:yes) = True
else (recidivism:yes) = False"
4,0.5408864659872008,0.00599965805057745,0.4611135340127992,0.28205128205128205,0.4981024667931689,0.008962410686548683,19061,13071,2,"RULELIST:
 if [gender_Male__AND__juvenile-felonies_=0]: (recidivism:yes) = False
else if [juvenile-misdemeanors_>0__AND__juvenile-crimes_>0]: (recidivism:yes) = True
else (recidivism:yes) = False"
Average,0.5320496779510514,0.0058412646713858155,0.4695503220489486,0.410746590094869,0.5321391764166299,0.0063053689622647015,11109.6,1.6,
