Fold#,Training accuracy,Training Unfairness(5),Training objective function,Training Sample-Robustness,Test accuracy,Test unfairness,#Nodes explored for best solution,Cache size for best solution,Average length,RL
0,0.7777638819409705,0.0,0.22223611805902954,1.0,0.782427475825275,0.0,0,0,0,"RULELIST:
(default_payment:yes) = False"
1,0.7821084663804244,0.003537659124951298,0.2208915336195756,0.005359344016292406,0.7865599466399866,0.007226804522924457,1075109,554237,3,"RULELIST:
 if [PAY_0_Pay_duly__AND__PAY_2_Pay_duly]: (default_payment:yes) = False
else if [not_PAY_AMT3_low]: (default_payment:yes) = True
else if [PAY_5_Pay_delay>=1]: (default_payment:yes) = True
else (default_payment:yes) = False"
2,0.7781900037517195,0.0,0.22180999624828046,1.0,0.7807236951809238,0.0,0,0,0,"RULELIST:
(default_payment:yes) = False"
3,0.7802742923840094,0.0,0.21972570761599064,1.0,0.7723861930965483,0.0,0,0,0,"RULELIST:
(default_payment:yes) = False"
4,0.7858185001459002,0.0024950193773238954,0.21718149985409985,0.005241202267622206,0.7817241954310489,0.01863782582593343,1005478,523236,3,"RULELIST:
 if [PAY_0_Pay_duly]: (default_payment:yes) = False
else if [not_AGE_high]: (default_payment:yes) = True
else if [PAY_4_Pay_duly__AND__PAY_6_Pay_duly]: (default_payment:yes) = False
else (default_payment:yes) = True"
Average,0.7808310289206049,0.0012065357004550387,0.22036897107939524,0.6021201092567828,0.7807643012347565,0.005172926069771577,215494.6,1.2,
