Fold#,Training accuracy,Training Unfairness(3),Training objective function,Training Sample-Robustness,Test accuracy,Test unfairness,#Nodes explored for best solution,Cache size for best solution,Average length,RL
0,0.5248933143669986,0.0,0.4751066856330014,1.0,0.5459715639810426,0.0,0,0,0,"RULELIST:
(recidivism:yes) = False"
1,0.5251303935514462,0.0,0.4748696064485538,1.0,0.5450236966824644,0.0,0,0,0,"RULELIST:
(recidivism:yes) = False"
2,0.5362731152204836,0.0006462032928061157,0.4667268847795164,0.36436884512085943,0.5327014218009478,0.0034602076124567475,2055333,889694,3,"RULELIST:
 if [charge_degree_Felony__AND__priors_0]: (recidivism:yes) = False
else if [gender_Male__AND__juvenile-crimes_=0]: (recidivism:yes) = False
else if [age_18-20]: (recidivism:yes) = True
else (recidivism:yes) = False"
3,0.5280872244607727,0.0,0.4719127755392273,1.0,0.5332068311195446,0.0,0,0,0,"RULELIST:
(recidivism:yes) = False"
4,0.5406494429959706,0.0,0.4613505570040294,1.0,0.49620493358633777,0.006644518272425249,19115,13093,2,"RULELIST:
 if [gender_Male__AND__juvenile-felonies_=0]: (recidivism:yes) = False
else if [gender_Male__AND__age_18-20]: (recidivism:yes) = True
else (recidivism:yes) = False"
Average,0.5310066981191344,0.00012924065856122314,0.46999330188086563,0.8728737690241719,0.5306216894340674,0.0020209451769763994,180557.4,1.0,
