Fold#,Training accuracy,Training Unfairness(5),Training objective function,Training Sample-Robustness,Test accuracy,Test unfairness,#Nodes explored for best solution,Cache size for best solution,Average length,RL
0,0.7526628091254193,0.0,0.24733719087458073,1.0,0.7492629716981132,0.0,0,0,0,"RULELIST:
(income > 50K) = False"
1,0.7522573987395422,0.0,0.24774260126045777,1.0,0.7508844339622641,0.0,0,0,0,"RULELIST:
(income > 50K) = False"
2,0.7512714675315103,0.0,0.2487285324684897,1.0,0.754828247088309,0.0,0,0,0,"RULELIST:
(income > 50K) = False"
3,0.7506449472985922,0.0,0.2493550527014078,1.0,0.7573345127524694,0.0,0,0,0,"RULELIST:
(income > 50K) = False"
4,0.8057787277953858,0.002339715259363051,0.19822127220461416,0.0016417910447761193,0.799203892083149,0.0034039587242829655,1763610,653054,4,"RULELIST:
 if [capitalGain_-inf_to_5095.5__AND__capitalLoss_-inf_to_1534.0]: (income > 50K) = False
else if [capitalGain_-inf_to_5095.5__AND__hoursPerWeek_-inf_to_34.5]: (income > 50K) = False
else if [education_bachelors]: (income > 50K) = True
else if [occupation_blueCollar__AND__capitalGain_-inf_to_5095.5]: (income > 50K) = False
else (income > 50K) = True"
Average,0.7625230700980901,0.0004679430518726102,0.23827692990191002,0.8003283582089551,0.762302811516861,0.0006807917448565931,130610.8,0.8,
