Fold#,Training accuracy,Training Unfairness(4),Training objective function,Training Sample-Robustness,Test accuracy,Test unfairness,#Nodes explored for best solution,Cache size for best solution,Average length,RL
0,0.5296348980559507,0.004301948051948057,0.47336510194404935,0.18912175648702595,0.5507109004739337,0.000272617517622753,2082859,895556,3,"RULELIST:
 if [priors_1__AND__charge_degree_Misdemeanor]: (recidivism:yes) = False
else if [juvenile-misdemeanors_=0__AND__charge_degree_Felony]: (recidivism:yes) = False
else if [gender_Male__AND__age_18-20]: (recidivism:yes) = True
else (recidivism:yes) = False"
1,0.5298719772403983,0.0036739831641884324,0.47212802275960175,0.1672491263105342,0.5488151658767773,0.002918498945002068,18790,13001,2,"RULELIST:
 if [not_priors_1]: (recidivism:yes) = False
else if [age_18-20__AND__charge_degree_Felony]: (recidivism:yes) = True
else (recidivism:yes) = False"
2,0.5663821716453296,0.0033446740064638214,0.43661782835467045,0.01310483870967742,0.5687203791469194,0.03715259099874485,652231,361810,3,"RULELIST:
 if [priors_>3__AND__age_23-25]: (recidivism:yes) = True
else if [age_26-45__AND__charge_degree_Felony]: (recidivism:yes) = True
else if [priors_2-3]: (recidivism:yes) = True
else (recidivism:yes) = False"
3,0.5335387532590661,0.007745086323327488,0.4684612467409339,0.16273229532898043,0.5351043643263758,0.017218776292875715,23019,14593,2,"RULELIST:
 if [not_priors_1]: (recidivism:yes) = False
else if [juvenile-felonies_=0__AND__age_18-20]: (recidivism:yes) = True
else (recidivism:yes) = False"
4,0.5434937188907324,0.007336369429721712,0.4585062811092676,0.11282051282051282,0.5,0.00725380552966759,22036,14137,2,"RULELIST:
 if [not_priors_1]: (recidivism:yes) = False
else if [age_18-20]: (recidivism:yes) = True
else (recidivism:yes) = False"
Average,0.5405843038182955,0.005280412195129902,0.46181569618170465,0.12900570593134617,0.5406701619648012,0.012963257856782595,259819.4,2.4,
