Fold#,Training accuracy,Training Unfairness(1),Training objective function,Training Sample-Robustness,Test accuracy,Test unfairness,#Nodes explored for best solution,Cache size for best solution,Average length,RL
0,0.7838919459729865,0.0009520183672876437,0.2191080540270135,0.0027096881774220445,0.7837612537512504,0.004053959892414666,918732,487968,3,"RULELIST:
 if [PAY_0_Pay_duly__AND__PAY_2_Pay_duly]: (default_payment:yes) = False
else if [not_MARRIAGE_Single]: (default_payment:yes) = True
else if [BILL_AMT2_very_high]: (default_payment:yes) = True
else (default_payment:yes) = False"
1,0.7778148317979073,0.0,0.22218516820209266,1.0,0.7822244455561114,0.0,0,0,0,"RULELIST:
(default_payment:yes) = False"
2,0.7781900037517195,0.0,0.22180999624828046,1.0,0.7807236951809238,0.0,0,0,0,"RULELIST:
(default_payment:yes) = False"
3,0.7849430989203385,0.0010670416938080851,0.21805690107966147,0.0027512609946225355,0.784058696014674,0.0006664293093485707,995884,520723,3,"RULELIST:
 if [PAY_0_Pay_duly__AND__PAY_2_Pay_duly]: (default_payment:yes) = False
else if [not_MARRIAGE_Single]: (default_payment:yes) = True
else if [BILL_AMT4_high]: (default_payment:yes) = True
else (default_payment:yes) = False"
4,0.7794405769310934,0.0,0.22055942306890663,1.0,0.7757211939302985,0.0,0,0,0,"RULELIST:
(default_payment:yes) = False"
Average,0.780856091474809,0.00040381201221914576,0.22034390852519095,0.6010921898344089,0.7812978568866515,0.0009440778403526473,201738.2,1.2,
