Fold#,Training accuracy,Training Unfairness(4),Training objective function,Training Sample-Robustness,Test accuracy,Test unfairness,#Nodes explored for best solution,Cache size for best solution,Average length,RL
0,0.8865209471766848,0.0,0.11347905282331516,1.0,0.8905889496053431,0.0,0,0,0,"RULELIST:
(subscribe:yes) = False"
1,0.8955676988463873,0.000651138635380577,0.10743230115361269,0.004609544468546637,0.8943533697632058,0.008344832117747503,780580,292790,3,"RULELIST:
 if [marital_single]: (subscribe:yes) = False
else if [not_nr_employed_very_low]: (subscribe:yes) = False
else if [poutcome_failure]: (subscribe:yes) = False
else (subscribe:yes) = True"
2,0.8862477231329691,0.0,0.11375227686703093,1.0,0.8916818457802065,0.0,0,0,0,"RULELIST:
(subscribe:yes) = False"
3,0.8885245901639345,0.0,0.11147540983606552,1.0,0.8825743776563448,0.0,0,0,0,"RULELIST:
(subscribe:yes) = False"
4,0.8873406193078324,0.0,0.11265938069216763,1.0,0.8873102610807528,0.0,0,0,0,"RULELIST:
(subscribe:yes) = False"
Average,0.8888403157255617,0.00013022772707611542,0.11175968427443839,0.8009219088937094,0.8893017607771707,0.0016689664235495006,58558.0,0.6,
