Fold#,Training accuracy,Training Unfairness(3),Training objective function,Training Sample-Robustness,Test accuracy,Test unfairness,#Nodes explored for best solution,Cache size for best solution,Average length,RL
0,0.7815991328997832,0.0006340484259257843,0.22140086710021678,0.3368708795626306,0.7854284761587196,0.001868660006339514,2825394,1017234,3,"RULELIST:
 if [not_PAY_AMT3_very_low]: (default_payment:yes) = False
else if [not_BILL_AMT5_low]: (default_payment:yes) = False
else if [PAY_5_Pay_delay>=1]: (default_payment:yes) = True
else (default_payment:yes) = False"
1,0.7821501521530702,0.0005064432614829682,0.22084984784692985,0.3025349697197063,0.7857261964315491,0.00014698579342010227,1960894,882830,3,"RULELIST:
 if [not_BILL_AMT4_low]: (default_payment:yes) = False
else if [not_PAY_AMT3_very_low]: (default_payment:yes) = False
else if [PAY_2_Pay_delay>=1]: (default_payment:yes) = True
else (default_payment:yes) = False"
2,0.7781900037517195,0.0,0.22180999624828046,1.0,0.7807236951809238,0.0,0,0,0,"RULELIST:
(default_payment:yes) = False"
3,0.7802742923840094,0.0,0.21972570761599064,1.0,0.7723861930965483,0.0,0,0,0,"RULELIST:
(default_payment:yes) = False"
4,0.7794405769310934,0.0,0.22055942306890663,1.0,0.7757211939302985,0.0,0,0,0,"RULELIST:
(default_payment:yes) = False"
Average,0.7803308316239351,0.0002280983374817505,0.2208691683760649,0.7278811698564673,0.7799971509596079,0.00040312915995192324,380012.8,1.2,
