Fold#,Training accuracy,Training Unfairness(3),Training objective function,Training Sample-Robustness,Test accuracy,Test unfairness,#Nodes explored for best solution,Cache size for best solution,Average length,RL
0,0.892046144505161,0.0034039897062791242,0.10995385549483905,0.10961577974111363,0.8961748633879781,0.0069341636415654485,3220,2519,2,"RULELIST:
 if [not_duration_very_high]: (subscribe:yes) = False
else if [poutcome_failure]: (subscribe:yes) = False
else (subscribe:yes) = True"
1,0.8929872495446266,0.004547930271588819,0.1090127504553734,0.10224941884315603,0.8924104432301153,0.002424503862647009,13073,8451,2,"RULELIST:
 if [not_duration_very_high]: (subscribe:yes) = False
else if [poutcome_failure]: (subscribe:yes) = False
else (subscribe:yes) = True"
2,0.892046144505161,0.001812053315761353,0.11095385549483905,0.1212619463570034,0.896782027929569,0.007393139635436259,513984,222554,3,"RULELIST:
 if [not_duration_high]: (subscribe:yes) = False
else if [nr_employed_low]: (subscribe:yes) = False
else if [poutcome_failure]: (subscribe:yes) = False
else (subscribe:yes) = True"
3,0.8943230115361263,0.003059209443148356,0.10767698846387375,0.11199945332786661,0.8870673952641166,0.00839804561258405,7896,5371,2,"RULELIST:
 if [not_duration_very_high]: (subscribe:yes) = False
else if [poutcome_failure]: (subscribe:yes) = False
else (subscribe:yes) = True"
4,0.8930783242258652,0.005269932332689222,0.10892167577413481,0.09699271271682233,0.892046144505161,0.0004757082196186793,7749,5310,2,"RULELIST:
 if [not_duration_very_high]: (subscribe:yes) = False
else if [poutcome_success]: (subscribe:yes) = True
else (subscribe:yes) = False"
Average,0.8928961748633879,0.003618623013893375,0.109303825136612,0.1084238621971924,0.8928961748633879,0.005125112194370289,48841.0,2.2,
