Fold#,Training accuracy,Training Unfairness(1),Training objective function,Training Sample-Robustness,Test accuracy,Test unfairness,#Nodes explored for best solution,Cache size for best solution,Average length,RL
0,0.8865209471766848,0.0,0.11347905282331516,1.0,0.8905889496053431,0.0,0,0,0,"RULELIST:
(subscribe:yes) = False"
1,0.8880388585306618,0.0,0.11196114146933822,1.0,0.8845173041894353,0.0,0,0,0,"RULELIST:
(subscribe:yes) = False"
2,0.8862477231329691,0.0,0.11375227686703093,1.0,0.8916818457802065,0.0,0,0,0,"RULELIST:
(subscribe:yes) = False"
3,0.8885245901639345,0.0,0.11147540983606552,1.0,0.8825743776563448,0.0,0,0,0,"RULELIST:
(subscribe:yes) = False"
4,0.8911657559198543,0.004361714586013469,0.11183424408014575,0.012446873102610808,0.8904675166970248,0.0024728291022391683,970318,361193,3,"RULELIST:
 if [not_duration_very_high]: (subscribe:yes) = False
else if [marital_single]: (subscribe:yes) = False
else if [poutcome_failure]: (subscribe:yes) = False
else (subscribe:yes) = True"
Average,0.8880995749848208,0.0008723429172026937,0.11250042501517912,0.8024893746205221,0.8879659987856708,0.0004945658204478337,72238.6,0.6,
