Fold#,Training accuracy,Training Unfairness(4),Training objective function,Training Sample-Robustness,Test accuracy,Test unfairness,#Nodes explored for best solution,Cache size for best solution,Average length,RL
0,0.7777638819409705,0.0,0.22223611805902954,1.0,0.782427475825275,0.0,0,0,0,"RULELIST:
(default_payment:yes) = False"
1,0.7778148317979073,0.0,0.22218516820209266,1.0,0.7822244455561114,0.0,0,0,0,"RULELIST:
(default_payment:yes) = False"
2,0.7866522155988162,0.0009951669488273973,0.21634778440118385,0.008457056944183423,0.7847256961814241,0.006439645078926248,688239,373765,3,"RULELIST:
 if [PAY_0_Pay_duly]: (default_payment:yes) = False
else if [BILL_AMT1_very_high]: (default_payment:yes) = True
else if [BILL_AMT6_low]: (default_payment:yes) = False
else (default_payment:yes) = True"
3,0.794239026220351,0.0012947231347515409,0.20876097377964897,0.008537279453614115,0.7960646990161747,0.0670606304587541,1677043,671373,3,"RULELIST:
 if [BILL_AMT6_low]: (default_payment:yes) = False
else if [PAY_0_Pay_duly__AND__PAY_5_Pay_duly]: (default_payment:yes) = False
else if [BILL_AMT1_very_low]: (default_payment:yes) = False
else (default_payment:yes) = True"
4,0.7794405769310934,0.0,0.22055942306890663,1.0,0.7757211939302985,0.0,0,0,0,"RULELIST:
(default_payment:yes) = False"
Average,0.7831821064978277,0.00045797801671578766,0.21801789350217232,0.6033988672795595,0.7842327021018567,0.01470005510753607,209027.6,1.2,
