Fold#,Training accuracy,Training Unfairness(5),Training objective function,Training Sample-Robustness,Test accuracy,Test unfairness,#Nodes explored for best solution,Cache size for best solution,Average length,RL
0,0.7777638819409705,0.0,0.22223611805902954,1.0,0.782427475825275,0.0,0,0,0,"RULELIST:
(default_payment:yes) = False"
1,0.7881945891867106,0.001589034819792303,0.2148054108132894,0.008067542213883677,0.7933966983491746,0.03153074659231714,1556302,763281,3,"RULELIST:
 if [PAY_0_Pay_duly__AND__PAY_3_Pay_duly]: (default_payment:yes) = False
else if [not_MARRIAGE_Married]: (default_payment:yes) = False
else if [PAY_6_Pay_duly]: (default_payment:yes) = False
else (default_payment:yes) = True"
2,0.7781900037517195,0.0,0.22180999624828046,1.0,0.7807236951809238,0.0,0,0,0,"RULELIST:
(default_payment:yes) = False"
3,0.7802742923840094,0.0,0.21972570761599064,1.0,0.7723861930965483,0.0,0,0,0,"RULELIST:
(default_payment:yes) = False"
4,0.7794405769310934,0.0,0.22055942306890663,1.0,0.7757211939302985,0.0,0,0,0,"RULELIST:
(default_payment:yes) = False"
Average,0.7807726688389006,0.0003178069639584606,0.21982733116109934,0.8016135084427767,0.780931051276444,0.006306149318463428,152656.2,0.6,
