Fold#,Training accuracy,Training Unfairness(1),Training objective function,Training Sample-Robustness,Test accuracy,Test unfairness,#Nodes explored for best solution,Cache size for best solution,Average length,RL
0,0.8865209471766848,0.0,0.11347905282331516,1.0,0.8905889496053431,0.0,0,0,0,"RULELIST:
(subscribe:yes) = False"
1,0.8880388585306618,0.0,0.11196114146933822,1.0,0.8845173041894353,0.0,0,0,0,"RULELIST:
(subscribe:yes) = False"
2,0.8862477231329691,0.0,0.11375227686703093,1.0,0.8916818457802065,0.0,0,0,0,"RULELIST:
(subscribe:yes) = False"
3,0.8885245901639345,0.0,0.11147540983606552,1.0,0.8825743776563448,0.0,0,0,0,"RULELIST:
(subscribe:yes) = False"
4,0.8914996964177292,0.00545789951899057,0.11150030358227081,0.0038554948391013965,0.8902246508803886,0.005623455378003459,1238409,426646,3,"RULELIST:
 if [not_nr_employed_very_low]: (subscribe:yes) = False
else if [not_job_admin.]: (subscribe:yes) = False
else if [poutcome_failure]: (subscribe:yes) = False
else (subscribe:yes) = True"
Average,0.8881663630843958,0.001091579903798114,0.11243363691560412,0.8007710989678202,0.8879174256223437,0.0011246910756006917,85329.2,0.6,
