Fold#,Training accuracy,Training Unfairness(1),Training objective function,Training Sample-Robustness,Test accuracy,Test unfairness,#Nodes explored for best solution,Cache size for best solution,Average length,RL
0,0.7812239453059864,0.0025380569037170503,0.22177605469401362,0.258170752042688,0.7847615871957319,0.002344951247497341,2739558,1009902,3,"RULELIST:
 if [not_BILL_AMT2_middle]: (default_payment:yes) = False
else if [not_PAY_AMT1_middle]: (default_payment:yes) = False
else if [PAY_0_Pay_duly]: (default_payment:yes) = False
else (default_payment:yes) = True"
1,0.7778148317979073,0.0,0.22218516820209266,1.0,0.7822244455561114,0.0,0,0,0,"RULELIST:
(default_payment:yes) = False"
2,0.7781900037517195,0.0,0.22180999624828046,1.0,0.7807236951809238,0.0,0,0,0,"RULELIST:
(default_payment:yes) = False"
3,0.7841927550127141,0.003465164348279948,0.21880724498728588,0.19929967901955062,0.7748874437218609,0.003832814843781919,2396756,953842,3,"RULELIST:
 if [not_PAY_AMT1_very_low]: (default_payment:yes) = False
else if [not_BILL_AMT5_low]: (default_payment:yes) = False
else if [PAY_4_Pay_delay>=1]: (default_payment:yes) = True
else (default_payment:yes) = False"
4,0.7794405769310934,0.0,0.22055942306890663,1.0,0.7757211939302985,0.0,0,0,0,"RULELIST:
(default_payment:yes) = False"
Average,0.7801724225598842,0.0012006442503993996,0.22102757744011586,0.6914940862124477,0.7796636731169853,0.0012355532182558519,392748.8,1.2,
