Fold#,Training accuracy,Training Unfairness(5),Training objective function,Training Sample-Robustness,Test accuracy,Test unfairness,#Nodes explored for best solution,Cache size for best solution,Average length,RL
0,0.7936885109221278,0.002765207204719955,0.20931148907787223,0.011254924029262802,0.7967655885295098,0.011081104252400498,729273,404973,3,"RULELIST:
 if [not_PAY_0_Pay_delay>=1]: (default_payment:yes) = False
else if [MARRIAGE_Single]: (default_payment:yes) = False
else if [PAY_4_Pay_duly__AND__PAY_6_Pay_duly]: (default_payment:yes) = False
else (default_payment:yes) = True"
1,0.7778148317979073,0.0,0.22218516820209266,1.0,0.7822244455561114,0.0,0,0,0,"RULELIST:
(default_payment:yes) = False"
2,0.7781900037517195,0.0,0.22180999624828046,1.0,0.7807236951809238,0.0,0,0,0,"RULELIST:
(default_payment:yes) = False"
3,0.7802742923840094,0.0,0.21972570761599064,1.0,0.7723861930965483,0.0,0,0,0,"RULELIST:
(default_payment:yes) = False"
4,0.7794405769310934,0.0,0.22055942306890663,1.0,0.7757211939302985,0.0,0,0,0,"RULELIST:
(default_payment:yes) = False"
Average,0.7818816431573714,0.000553041440943991,0.21871835684262853,0.8022509848058526,0.7815642232586784,0.0022162208504800996,80994.6,0.6,
