Fold#,Training accuracy,Training Unfairness(1),Training objective function,Training Sample-Robustness,Test accuracy,Test unfairness,#Nodes explored for best solution,Cache size for best solution,Average length,RL
0,0.5296348980559507,0.001719440547948422,0.47336510194404935,0.23494547178757705,0.5450236966824644,0.007058823529411765,2103862,899168,3,"RULELIST:
 if [age_26-45__AND__juvenile-felonies_=0]: (recidivism:yes) = False
else if [gender_Male__AND__juvenile-misdemeanors_=0]: (recidivism:yes) = False
else if [priors_2-3__AND__juvenile-crimes_>0]: (recidivism:yes) = True
else (recidivism:yes) = False"
1,0.5251303935514462,0.0,0.4748696064485538,1.0,0.5450236966824644,0.0,0,0,0,"RULELIST:
(recidivism:yes) = False"
2,0.5331910858226647,0.0026862086621287874,0.4688089141773353,0.2984826932195353,0.5308056872037915,0.006462035541195477,19277,13417,2,"RULELIST:
 if [gender_Male__AND__juvenile-misdemeanors_=0]: (recidivism:yes) = False
else if [gender_Male__AND__age_18-20]: (recidivism:yes) = True
else (recidivism:yes) = False"
3,0.5280872244607727,0.0,0.4719127755392273,1.0,0.5332068311195446,0.0,0,0,0,"RULELIST:
(recidivism:yes) = False"
4,0.5418345579521213,0.003583065696160517,0.4601654420478787,0.24389665797582366,0.49620493358633777,0.0030816640986132513,18953,13041,2,"RULELIST:
 if [gender_Male__AND__juvenile-misdemeanors_=0]: (recidivism:yes) = False
else if [gender_Male__AND__age_18-20]: (recidivism:yes) = True
else (recidivism:yes) = False"
Average,0.5315756319685911,0.0015977429812475453,0.4698243680314088,0.5554649645965871,0.5300529690549205,0.0033205046338440985,185125.2,1.4,
