Fold#,Training accuracy,Training Unfairness(3),Training objective function,Training Sample-Robustness,Test accuracy,Test unfairness,#Nodes explored for best solution,Cache size for best solution,Average length,RL
0,0.7777638819409705,0.0,0.22223611805902954,1.0,0.782427475825275,0.0,0,0,0,"RULELIST:
(default_payment:yes) = False"
1,0.7778148317979073,0.0,0.22218516820209266,1.0,0.7822244455561114,0.0,0,0,0,"RULELIST:
(default_payment:yes) = False"
2,0.7817332944266122,0.00011036871888417529,0.2212667055733878,0.256213841868438,0.7848924462231116,0.00021883397992881483,1657489,790336,3,"RULELIST:
 if [not_PAY_AMT3_very_low]: (default_payment:yes) = False
else if [not_BILL_AMT5_low]: (default_payment:yes) = False
else if [PAY_5_Pay_delay>=1]: (default_payment:yes) = True
else (default_payment:yes) = False"
3,0.7802742923840094,0.0,0.21972570761599064,1.0,0.7723861930965483,0.0,0,0,0,"RULELIST:
(default_payment:yes) = False"
4,0.7794405769310934,0.0,0.22055942306890663,1.0,0.7757211939302985,0.0,0,0,0,"RULELIST:
(default_payment:yes) = False"
Average,0.7794053754961185,2.2073743776835057e-05,0.22119462450388144,0.8512427683736876,0.779530350926269,4.376679598576297e-05,158067.2,0.6,
