Fold#,Training accuracy,Training Unfairness(1),Training objective function,Training Sample-Robustness,Test accuracy,Test unfairness,#Nodes explored for best solution,Cache size for best solution,Average length,RL
0,0.5279753437648175,0.004704515174814093,0.47402465623518253,0.3665244191559981,0.5469194312796208,0.0015873015873015873,22679,14610,2,"RULELIST:
 if [gender_Male__AND__juvenile-felonies_=0]: (recidivism:yes) = False
else if [gender_Male__AND__age_18-20]: (recidivism:yes) = True
else (recidivism:yes) = False"
1,0.5251303935514462,0.0,0.4748696064485538,1.0,0.5450236966824644,0.0,0,0,0,"RULELIST:
(recidivism:yes) = False"
2,0.5317686107159791,0.004097550599361484,0.47023138928402086,0.38169748696064487,0.5317535545023697,0.004168457559544101,19601,13497,2,"RULELIST:
 if [gender_Male__AND__juvenile-felonies_=0]: (recidivism:yes) = False
else if [gender_Male__AND__age_18-20]: (recidivism:yes) = True
else (recidivism:yes) = False"
3,0.5316425693292249,0.005971337579617835,0.47035743067077507,0.35861578573121594,0.5360531309297912,0.0045385779122541605,17065,12234,2,"RULELIST:
 if [not_priors_2-3]: (recidivism:yes) = False
else if [gender_Male__AND__age_18-20]: (recidivism:yes) = True
else (recidivism:yes) = False"
4,0.5432566958995022,0.002825266819067921,0.4587433041004978,0.2062100023702299,0.5028462998102466,0.01201088093743461,23494,14554,2,"RULELIST:
 if [juvenile-felonies_=0__AND__charge_degree_Felony]: (recidivism:yes) = False
else if [age_18-20]: (recidivism:yes) = True
else (recidivism:yes) = False"
Average,0.5319547226521939,0.0035197340345722665,0.46964527734780603,0.46260953884361766,0.5325192226408986,0.004461043599306892,10979.0,1.6,
