Fold#,Training accuracy,Training Unfairness(4),Training objective function,Training Sample-Robustness,Test accuracy,Test unfairness,#Nodes explored for best solution,Cache size for best solution,Average length,RL
0,0.5248933143669986,0.0,0.4751066856330014,1.0,0.5459715639810426,0.0,0,0,0,"RULELIST:
(recidivism:yes) = False"
1,0.5251303935514462,0.0,0.4748696064485538,1.0,0.5450236966824644,0.0,0,0,0,"RULELIST:
(recidivism:yes) = False"
2,0.5339023233760076,0.008958249678131192,0.4680976766239924,0.2691532258064516,0.5298578199052133,0.009090909090909038,21712,14225,2,"RULELIST:
 if [not_priors_2-3]: (recidivism:yes) = False
else if [age_18-20]: (recidivism:yes) = True
else (recidivism:yes) = False"
3,0.5311685233467647,0.00761881999607672,0.4708314766532353,0.31943746860873934,0.538899430740038,0.0011544406832724174,20124,13680,2,"RULELIST:
 if [gender_Male__AND__juvenile-misdemeanors_=0]: (recidivism:yes) = False
else if [gender_Male__AND__age_18-20]: (recidivism:yes) = True
else (recidivism:yes) = False"
4,0.5406494429959706,0.006807902140292477,0.4613505570040294,0.3071794871794872,0.49620493358633777,0.0032152842497670253,19115,13093,2,"RULELIST:
 if [gender_Male__AND__juvenile-felonies_=0]: (recidivism:yes) = False
else if [gender_Male__AND__age_18-20]: (recidivism:yes) = True
else (recidivism:yes) = False"
Average,0.5311487995274375,0.0046769943629000775,0.47005120047256244,0.5791540363189356,0.5311914889790192,0.0026921268047896962,8199.6,1.2,
