Fold#,Training accuracy,Training Unfairness(5),Training objective function,Training Sample-Robustness,Test accuracy,Test unfairness,#Nodes explored for best solution,Cache size for best solution,Average length,RL
0,0.5279753437648175,0.008130411255411252,0.47402465623518253,0.2874251497005988,0.5469194312796208,0.012618296529968487,24891,15231,2,"RULELIST:
 if [age_23-25__AND__juvenile-crimes_=0]: (recidivism:yes) = False
else if [age_23-25__AND__juvenile-misdemeanors_>0]: (recidivism:yes) = True
else (recidivism:yes) = False"
1,0.5291607396870555,0.008185261359677232,0.47283926031294454,0.19620569146280578,0.5516587677725119,0.021671826625387025,22653,14448,2,"RULELIST:
 if [charge_degree_Felony__AND__juvenile-crimes_=0]: (recidivism:yes) = False
else if [charge_degree_Felony__AND__juvenile-felonies_>0]: (recidivism:yes) = True
else (recidivism:yes) = False"
2,0.5296348980559507,0.0,0.47036510194404935,1.0,0.5270142180094787,0.0,0,0,0,"RULELIST:
(recidivism:yes) = False"
3,0.5280872244607727,0.0,0.4719127755392273,1.0,0.5332068311195446,0.0,0,0,0,"RULELIST:
(recidivism:yes) = False"
4,0.5378051671012088,0.0,0.46219483289879115,1.0,0.49430740037950666,0.0,0,0,0,"RULELIST:
(recidivism:yes) = False"
Average,0.530532674613961,0.003263134523017697,0.47026732538603894,0.6967261682326809,0.5306213297121325,0.006858024631071102,5935.8,0.8,
