Fold#,Training accuracy,Training Unfairness(3),Training objective function,Training Sample-Robustness,Test accuracy,Test unfairness,#Nodes explored for best solution,Cache size for best solution,Average length,RL
0,0.8098256735340729,0.00017627167170251434,0.19317432646592714,0.3452159435902458,0.8067511792452831,0.0006641939781718343,22280,10767,3,"RULELIST:
 if [capitalGain_7073.5_to_inf]: (income > 50K) = True
else if [not_capitalLoss_1881.5_to_1978.5]: (income > 50K) = False
else if [not_age_21.5_to_24.5]: (income > 50K) = True
else (income > 50K) = False"
1,0.8118527254634578,0.0017070119512826816,0.19214727453654223,0.30836313752388417,0.8135318396226415,0.002794186469973242,1154392,312028,4,"RULELIST:
 if [capitalGain_7073.5_to_inf]: (income > 50K) = True
else if [capitalLoss_1881.5_to_1978.5]: (income > 50K) = True
else if [not_hoursPerWeek_40.5_to_inf]: (income > 50K) = False
else if [not_education_prof_school]: (income > 50K) = False
else (income > 50K) = True"
2,0.8089850372226727,0.0003812536291678127,0.19401496277732733,0.34731420161883736,0.8098186643078283,0.0003542829410337297,78387,37213,3,"RULELIST:
 if [capitalGain_7073.5_to_inf]: (income > 50K) = True
else if [occupation_other__AND__hoursPerWeek_-inf_to_34.5]: (income > 50K) = False
else if [capitalLoss_1881.5_to_1978.5]: (income > 50K) = True
else (income > 50K) = False"
3,0.8110488685781676,0.0018172596240727803,0.1929511314218324,0.3174096622152396,0.8167477517322719,0.002386816348751411,1111703,307387,4,"RULELIST:
 if [capitalGain_7073.5_to_inf]: (income > 50K) = True
else if [capitalLoss_1881.5_to_1978.5]: (income > 50K) = True
else if [not_education_prof_school]: (income > 50K) = False
else if [hoursPerWeek_40.5_to_inf]: (income > 50K) = True
else (income > 50K) = False"
4,0.8151028230264613,0.0006351932430821829,0.1888971769735387,0.2588333170206519,0.813062066932036,0.0030745646151013363,1092299,292138,4,"RULELIST:
 if [capitalGain_7073.5_to_inf]: (income > 50K) = True
else if [capitalLoss_1881.5_to_1978.5]: (income > 50K) = True
else if [not_education_masters_doctorate]: (income > 50K) = False
else if [age_35.5_to_61.5__AND__occupation_whiteCollar]: (income > 50K) = True
else (income > 50K) = False"
Average,0.8113630255649665,0.0009433980238615943,0.19223697443503357,0.31542725239377173,0.8119823003680121,0.001854808870606311,191906.6,3.6,
