Fold#,Training accuracy,Training Unfairness(1),Training objective function,Training Sample-Robustness,Test accuracy,Test unfairness,#Nodes explored for best solution,Cache size for best solution,Average length,RL
0,0.78130732032683,0.0026036211456305037,0.22169267967316997,0.2541687510421878,0.7852617539179727,0.003605455449178012,2666298,1001543,3,"RULELIST:
 if [not_BILL_AMT1_middle]: (default_payment:yes) = False
else if [not_PAY_AMT1_middle]: (default_payment:yes) = False
else if [PAY_0_Pay_duly]: (default_payment:yes) = False
else (default_payment:yes) = True"
1,0.7778148317979073,0.0,0.22218516820209266,1.0,0.7822244455561114,0.0,0,0,0,"RULELIST:
(default_payment:yes) = False"
2,0.7781900037517195,0.0,0.22180999624828046,1.0,0.7807236951809238,0.0,0,0,0,"RULELIST:
(default_payment:yes) = False"
3,0.7845679269665263,0.00042825925334017204,0.21843207303347367,0.189003293176039,0.7747206936801734,0.0042333261347917185,855707,457575,3,"RULELIST:
 if [PAY_3_Pay_duly__AND__PAY_2_Pay_duly]: (default_payment:yes) = False
else if [not_PAY_AMT1_middle]: (default_payment:yes) = False
else if [PAY_6_Pay_duly]: (default_payment:yes) = False
else (default_payment:yes) = True"
4,0.7794405769310934,0.0,0.22055942306890663,1.0,0.7757211939302985,0.0,0,0,0,"RULELIST:
(default_payment:yes) = False"
Average,0.7802641319548153,0.0006063760797941351,0.22093586804518467,0.6886344088436454,0.7797303564530959,0.001567756316793946,291823.6,1.2,
