Fold#,Training accuracy,Training Unfairness(5),Training objective function,Training Sample-Robustness,Test accuracy,Test unfairness,#Nodes explored for best solution,Cache size for best solution,Average length,RL
0,0.5248933143669986,0.0,0.4751066856330014,1.0,0.5459715639810426,0.0,0,0,0,"RULELIST:
(recidivism:yes) = False"
1,0.5251303935514462,0.0,0.4748696064485538,1.0,0.5450236966824644,0.0,0,0,0,"RULELIST:
(recidivism:yes) = False"
2,0.5405405405405406,0.001661406696021217,0.46245945945945943,0.0026857654431512983,0.5535545023696683,0.05847229693383538,1704464,798405,3,"RULELIST:
 if [priors_2-3__AND__age_21-22]: (recidivism:yes) = True
else if [juvenile-misdemeanors_>0__AND__charge_degree_Misdemeanor]: (recidivism:yes) = True
else if [priors_2-3__AND__charge_degree_Felony]: (recidivism:yes) = True
else (recidivism:yes) = False"
3,0.5280872244607727,0.0,0.4719127755392273,1.0,0.5332068311195446,0.0,0,0,0,"RULELIST:
(recidivism:yes) = False"
4,0.5378051671012088,0.0,0.46219483289879115,1.0,0.49430740037950666,0.0,0,0,0,"RULELIST:
(recidivism:yes) = False"
Average,0.5312913280041933,0.0003322813392042434,0.46930867199580656,0.8005371530886303,0.5344127989064453,0.011694459386767076,159681.0,0.6,
