Fold#,Training accuracy,Training Unfairness(5),Training objective function,Training Sample-Robustness,Test accuracy,Test unfairness,#Nodes explored for best solution,Cache size for best solution,Average length,RL
0,0.5248933143669986,0.0,0.4751066856330014,1.0,0.5459715639810426,0.0,0,0,0,"RULELIST:
(recidivism:yes) = False"
1,0.5286865813181603,0.008959618777886424,0.47331341868183974,0.3145282076884673,0.5497630331753555,0.015479876160990669,17494,12474,2,"RULELIST:
 if [not_priors_2-3]: (recidivism:yes) = False
else if [age_18-20__AND__charge_degree_Felony]: (recidivism:yes) = True
else (recidivism:yes) = False"
2,0.5296348980559507,0.0,0.47036510194404935,1.0,0.5270142180094787,0.0,0,0,0,"RULELIST:
(recidivism:yes) = False"
3,0.5280872244607727,0.0,0.4719127755392273,1.0,0.5332068311195446,0.0,0,0,0,"RULELIST:
(recidivism:yes) = False"
4,0.5378051671012088,0.0,0.46219483289879115,1.0,0.49430740037950666,0.0,0,0,0,"RULELIST:
(recidivism:yes) = False"
Average,0.5298214370606182,0.001791923755577285,0.4705785629393818,0.8629056415376934,0.5300526093329856,0.003095975232198134,2494.8,0.4,
