Fold#,Training accuracy,Training Unfairness(1),Training objective function,Training Sample-Robustness,Test accuracy,Test unfairness,#Nodes explored for best solution,Cache size for best solution,Average length,RL
0,0.5275011853959223,0.005694766435224584,0.4744988146040777,0.3880986249407302,0.5516587677725119,0.0016433239962651731,22270,14490,2,"RULELIST:
 if [age_26-45__AND__juvenile-felonies_=0]: (recidivism:yes) = False
else if [age_26-45__AND__juvenile-crimes_>0]: (recidivism:yes) = True
else (recidivism:yes) = False"
1,0.5251303935514462,0.0,0.4748696064485538,1.0,0.5450236966824644,0.0,0,0,0,"RULELIST:
(recidivism:yes) = False"
2,0.5296348980559507,0.0,0.47036510194404935,1.0,0.5270142180094787,0.0,0,0,0,"RULELIST:
(recidivism:yes) = False"
3,0.5280872244607727,0.0,0.4719127755392273,1.0,0.5332068311195446,0.0,0,0,0,"RULELIST:
(recidivism:yes) = False"
4,0.5418345579521213,0.003583065696160517,0.4601654420478787,0.3581417397487556,0.49620493358633777,0.0030816640986132513,18953,13041,2,"RULELIST:
 if [gender_Male__AND__juvenile-misdemeanors_=0]: (recidivism:yes) = False
else if [gender_Male__AND__age_18-20]: (recidivism:yes) = True
else (recidivism:yes) = False"
Average,0.5304376518832428,0.00185556642627702,0.47036234811675737,0.7492480729378972,0.5306216894340674,0.0009449976189756848,5506.2,0.8,
