Fold#,Training accuracy,Training Unfairness(1),Training objective function,Training Sample-Robustness,Test accuracy,Test unfairness,#Nodes explored for best solution,Cache size for best solution,Average length,RL
0,0.5248933143669986,0.0,0.4751066856330014,1.0,0.5459715639810426,0.0,0,0,0,"RULELIST:
(recidivism:yes) = False"
1,0.5251303935514462,0.0,0.4748696064485538,1.0,0.5450236966824644,0.0,0,0,0,"RULELIST:
(recidivism:yes) = False"
2,0.5296348980559507,0.0,0.47036510194404935,1.0,0.5270142180094787,0.0,0,0,0,"RULELIST:
(recidivism:yes) = False"
3,0.5280872244607727,0.0,0.4719127755392273,1.0,0.5332068311195446,0.0,0,0,0,"RULELIST:
(recidivism:yes) = False"
4,0.5418345579521213,0.003583065696160517,0.4601654420478787,0.34226119933633564,0.49620493358633777,0.0030816640986132513,18953,13041,2,"RULELIST:
 if [gender_Male__AND__juvenile-misdemeanors_=0]: (recidivism:yes) = False
else if [gender_Male__AND__age_18-20]: (recidivism:yes) = True
else (recidivism:yes) = False"
Average,0.529916077677458,0.0007166131392321034,0.4704839223225421,0.8684522398672672,0.5294842486757736,0.0006163328197226503,2608.2,0.4,
