Fold#,Training accuracy,Training Unfairness(3),Training objective function,Training Sample-Robustness,Test accuracy,Test unfairness,#Nodes explored for best solution,Cache size for best solution,Average length,RL
0,0.5248933143669986,0.0,0.4751066856330014,1.0,0.5459715639810426,0.0,0,0,0,"RULELIST:
(recidivism:yes) = False"
1,0.5303461356092936,0.003088967877700272,0.47165386439070645,0.4288939051918736,0.5488151658767773,0.0,18791,13003,2,"RULELIST:
 if [not_priors_1]: (recidivism:yes) = False
else if [gender_Male__AND__age_18-20]: (recidivism:yes) = True
else (recidivism:yes) = False"
2,0.5296348980559507,0.0,0.47036510194404935,1.0,0.5270142180094787,0.0,0,0,0,"RULELIST:
(recidivism:yes) = False"
3,0.5280872244607727,0.0,0.4719127755392273,1.0,0.5332068311195446,0.0,0,0,0,"RULELIST:
(recidivism:yes) = False"
4,0.5378051671012088,0.0,0.46219483289879115,1.0,0.49430740037950666,0.0,0,0,0,"RULELIST:
(recidivism:yes) = False"
Average,0.5301533479188449,0.0006177935755400544,0.47024665208115507,0.8857787810383748,0.52986303587327,0.0,2600.6,0.4,
