Fold#,Training accuracy,Training Unfairness(3),Training objective function,Training Sample-Robustness,Test accuracy,Test unfairness,#Nodes explored for best solution,Cache size for best solution,Average length,RL
0,0.7873806803523384,6.614753786718234e-05,0.21561931964766157,0.3538341004798746,0.7869988207547169,0.0003170577045022194,1358508,494346,3,"RULELIST:
 if [occupation_other__AND__hoursPerWeek_-inf_to_34.5]: (income > 50K) = False
else if [education_hs_grad__AND__hoursPerWeek_34.5_to_40.5]: (income > 50K) = False
else if [capitalGain_7073.5_to_inf]: (income > 50K) = True
else (income > 50K) = False"
1,0.7784985073526702,0.00012868356710848025,0.22450149264732977,0.3709764342756357,0.7760908018867925,0.00032102728731942215,1052700,451517,3,"RULELIST:
 if [not_age_35.5_to_61.5]: (income > 50K) = False
else if [education_hs_grad__AND__hoursPerWeek_34.5_to_40.5]: (income > 50K) = False
else if [capitalGain_7073.5_to_inf]: (income > 50K) = True
else (income > 50K) = False"
2,0.7512714675315103,0.0,0.2487285324684897,1.0,0.754828247088309,0.0,0,0,0,"RULELIST:
(income > 50K) = False"
3,0.7818235424191052,0.0003489801258858774,0.22117645758089477,0.37328161822466616,0.7896211116025358,0.001221143157208957,625499,309278,3,"RULELIST:
 if [workclass_private__AND__hoursPerWeek_34.5_to_40.5]: (income > 50K) = False
else if [age_-inf_to_21.5]: (income > 50K) = False
else if [capitalGain_7073.5_to_inf]: (income > 50K) = True
else (income > 50K) = False"
4,0.7821183754698902,0.0003777975905495188,0.22088162453010984,0.3631692277576588,0.7763526463216865,0.000393625960472048,590959,285892,3,"RULELIST:
 if [occupation_professional]: (income > 50K) = False
else if [occupation_other__AND__hoursPerWeek_-inf_to_34.5]: (income > 50K) = False
else if [capitalGain_7073.5_to_inf]: (income > 50K) = True
else (income > 50K) = False"
Average,0.7762185146251029,0.00018432176428221178,0.22618148537489713,0.49225227614756706,0.7767783255308081,0.00045057082190052937,308206.6,2.4,
