Fold#,Training accuracy,Training Unfairness(4),Training objective function,Training Sample-Robustness,Test accuracy,Test unfairness,#Nodes explored for best solution,Cache size for best solution,Average length,RL
0,0.5248933143669986,0.0,0.4751066856330014,1.0,0.5459715639810426,0.0,0,0,0,"RULELIST:
(recidivism:yes) = False"
1,0.5251303935514462,0.0,0.4748696064485538,1.0,0.5450236966824644,0.0,0,0,0,"RULELIST:
(recidivism:yes) = False"
2,0.5322427690848743,0.005981754440868792,0.46975723091512567,0.3009072580645161,0.5279620853080569,0.00303030303030305,21867,14262,2,"RULELIST:
 if [not_priors_2-3]: (recidivism:yes) = False
else if [juvenile-misdemeanors_=0__AND__age_18-20]: (recidivism:yes) = True
else (recidivism:yes) = False"
3,0.5306944773643043,0.006101369313223914,0.4713055226356957,0.30989452536413864,0.5351043643263758,0.005830903790087438,17066,12234,2,"RULELIST:
 if [not_priors_2-3]: (recidivism:yes) = False
else if [age_18-20__AND__juvenile-crimes_=0]: (recidivism:yes) = True
else (recidivism:yes) = False"
4,0.5408864659872008,0.00599965805057745,0.4611135340127992,0.26461538461538464,0.4981024667931689,0.008962410686548683,19061,13071,2,"RULELIST:
 if [gender_Male__AND__juvenile-felonies_=0]: (recidivism:yes) = False
else if [juvenile-misdemeanors_>0__AND__juvenile-crimes_>0]: (recidivism:yes) = True
else (recidivism:yes) = False"
Average,0.5307694840709648,0.0036165563609340313,0.4704305159290351,0.5750834336088079,0.5304328354182217,0.003564723501387834,7913.4,1.2,
