Fold#,Training accuracy,Training Unfairness(3),Training objective function,Training Sample-Robustness,Test accuracy,Test unfairness,#Nodes explored for best solution,Cache size for best solution,Average length,RL
0,0.8914389799635701,0.0019225711613079146,0.11156102003642987,0.061297171426614616,0.8959319975713418,0.005102085554940421,463520,226359,3,"RULELIST:
 if [not_duration_very_high]: (subscribe:yes) = False
else if [nr_employed_low]: (subscribe:yes) = False
else if [poutcome_failure]: (subscribe:yes) = False
else (subscribe:yes) = True"
1,0.8880388585306618,0.0,0.11196114146933822,1.0,0.8845173041894353,0.0,0,0,0,"RULELIST:
(subscribe:yes) = False"
2,0.8862477231329691,0.0,0.11375227686703093,1.0,0.8916818457802065,0.0,0,0,0,"RULELIST:
(subscribe:yes) = False"
3,0.8885245901639345,0.0,0.11147540983606552,1.0,0.8825743776563448,0.0,0,0,0,"RULELIST:
(subscribe:yes) = False"
4,0.8912568306010928,0.001620869912047434,0.11174316939890716,0.06928050908344452,0.8905889496053431,0.002086953268987779,413056,178000,3,"RULELIST:
 if [marital_single]: (subscribe:yes) = False
else if [not_cons_price_idx_high]: (subscribe:yes) = False
else if [poutcome_failure]: (subscribe:yes) = False
else (subscribe:yes) = True"
Average,0.8891013964784455,0.0007086882146710696,0.11209860352155435,0.6261155361020119,0.8890588949605343,0.00143780776478564,80871.8,1.2,
