Fold#,Training accuracy,Training Unfairness(3),Training objective function,Training Sample-Robustness,Test accuracy,Test unfairness,#Nodes explored for best solution,Cache size for best solution,Average length,RL
0,0.8028599859949139,3.963372954582205e-05,0.20014001400508608,0.2956125746743708,0.8002653301886793,0.0004327697957254244,85860,46428,3,"RULELIST:
 if [capitalGain_7073.5_to_inf]: (income > 50K) = True
else if [not_hoursPerWeek_40.5_to_inf]: (income > 50K) = False
else if [capitalLoss_1881.5_to_1978.5]: (income > 50K) = True
else (income > 50K) = False"
1,0.8023808646297866,9.875242096141212e-07,0.20161913537021336,0.30302287981970505,0.8023290094339622,0.0012841091492776886,5838573,2065160,4,"RULELIST:
 if [age_-inf_to_21.5]: (income > 50K) = False
else if [capitalGain_7073.5_to_inf]: (income > 50K) = True
else if [not_hoursPerWeek_40.5_to_inf]: (income > 50K) = False
else if [capitalLoss_1881.5_to_1978.5]: (income > 50K) = True
else (income > 50K) = False"
2,0.7931746148743274,0.00020231655511750862,0.2088253851256726,0.3438803041452048,0.793454223794781,0.001223004125212327,4344,3733,2,"RULELIST:
 if [occupation_other__AND__hoursPerWeek_-inf_to_34.5]: (income > 50K) = False
else if [capitalGain_7073.5_to_inf]: (income > 50K) = True
else (income > 50K) = False"
3,0.8013193779022628,0.0003439602971542713,0.20168062209773718,0.3245777690494894,0.8064278342916114,0.0007904068151203731,107231,51668,3,"RULELIST:
 if [capitalGain_7073.5_to_inf]: (income > 50K) = True
else if [not_hoursPerWeek_40.5_to_inf]: (income > 50K) = False
else if [capitalLoss_1881.5_to_1978.5]: (income > 50K) = True
else (income > 50K) = False"
4,0.8034200633891059,8.510891710221099e-05,0.19957993661089413,0.30473720270138005,0.7980244729470736,0.00024473982312195135,79128,43108,3,"RULELIST:
 if [capitalGain_7073.5_to_inf]: (income > 50K) = True
else if [not_hoursPerWeek_40.5_to_inf]: (income > 50K) = False
else if [capitalLoss_1881.5_to_1978.5]: (income > 50K) = True
else (income > 50K) = False"
Average,0.8006309813580794,0.0001344014046258854,0.20236901864192064,0.31436614607803,0.8001001741312214,0.0007950059416915529,442019.4,3.0,
