Fold#,Training accuracy,Training Unfairness(1),Training objective function,Training Sample-Robustness,Test accuracy,Test unfairness,#Nodes explored for best solution,Cache size for best solution,Average length,RL
0,0.5279753437648175,0.005287209254553031,0.47402465623518253,0.3660502607871029,0.5469194312796208,0.007170868347338937,24891,15231,2,"RULELIST:
 if [age_23-25__AND__juvenile-crimes_=0]: (recidivism:yes) = False
else if [age_23-25__AND__juvenile-misdemeanors_>0]: (recidivism:yes) = True
else (recidivism:yes) = False"
1,0.5251303935514462,0.0,0.4748696064485538,1.0,0.5450236966824644,0.0,0,0,0,"RULELIST:
(recidivism:yes) = False"
2,0.53366524419156,0.005663721311969159,0.46833475580844,0.38549075391180654,0.5298578199052133,0.004846526655896607,21868,14262,2,"RULELIST:
 if [not_priors_2-3]: (recidivism:yes) = False
else if [age_18-20__AND__charge_degree_Felony]: (recidivism:yes) = True
else (recidivism:yes) = False"
3,0.5280872244607727,0.0,0.4719127755392273,1.0,0.5332068311195446,0.0,0,0,0,"RULELIST:
(recidivism:yes) = False"
4,0.5425456269258118,0.006356441290455287,0.45945437307418824,0.33870585446788337,0.4981024667931689,0.015408320493066256,19737,13312,2,"RULELIST:
 if [charge_degree_Felony__AND__juvenile-crimes_=0]: (recidivism:yes) = False
else if [charge_degree_Felony__AND__juvenile-felonies_>0]: (recidivism:yes) = True
else (recidivism:yes) = False"
Average,0.5314807665788817,0.0034614743713954955,0.46971923342111843,0.6180493738333587,0.5306220491560024,0.00548514309926036,8561.0,1.2,
