Fold#,Training accuracy,Training Unfairness(3),Training objective function,Training Sample-Robustness,Test accuracy,Test unfairness,#Nodes explored for best solution,Cache size for best solution,Average length,RL
0,0.7777638819409705,0.0,0.22223611805902954,1.0,0.782427475825275,0.0,0,0,0,"RULELIST:
(default_payment:yes) = False"
1,0.781566551336029,0.0014331166186694593,0.22143344866397097,0.2742912267538453,0.7845589461397365,0.0024133685689877627,1266584,634759,3,"RULELIST:
 if [not_BILL_AMT2_low]: (default_payment:yes) = False
else if [not_PAY_AMT3_very_low]: (default_payment:yes) = False
else if [PAY_5_Pay_delay>=1]: (default_payment:yes) = True
else (default_payment:yes) = False"
2,0.7781900037517195,0.0,0.22180999624828046,1.0,0.7807236951809238,0.0,0,0,0,"RULELIST:
(default_payment:yes) = False"
3,0.7802742923840094,0.0,0.21972570761599064,1.0,0.7723861930965483,0.0,0,0,0,"RULELIST:
(default_payment:yes) = False"
4,0.7794405769310934,0.0,0.22055942306890663,1.0,0.7757211939302985,0.0,0,0,0,"RULELIST:
(default_payment:yes) = False"
Average,0.7794470612687643,0.00028662332373389186,0.22115293873123565,0.8548582453507692,0.7791635008345563,0.0004826737137975525,126951.8,0.6,
