Fold#,Training accuracy,Training Unfairness(3),Training objective function,Training Sample-Robustness,Test accuracy,Test unfairness,#Nodes explored for best solution,Cache size for best solution,Average length,RL
0,0.7899605646261011,0.00012342669897475172,0.2130394353738989,0.3703359122514935,0.7883254716981132,0.0002013456132790144,1266445,474899,3,"RULELIST:
 if [education_hs_grad__AND__occupation_other]: (income > 50K) = False
else if [hoursPerWeek_34.5_to_40.5__AND__age_29.5_to_35.5]: (income > 50K) = False
else if [capitalGain_7073.5_to_inf]: (income > 50K) = True
else (income > 50K) = False"
1,0.7894814432609737,4.0050724130123564e-05,0.2135185567390263,0.36798784968889325,0.7878832547169812,0.0009630818619582664,1333570,467987,3,"RULELIST:
 if [hoursPerWeek_34.5_to_40.5__AND__age_29.5_to_35.5]: (income > 50K) = False
else if [workclass_private__AND__occupation_other]: (income > 50K) = False
else if [capitalGain_7073.5_to_inf]: (income > 50K) = True
else (income > 50K) = False"
2,0.7512714675315103,0.0,0.2487285324684897,1.0,0.754828247088309,0.0,0,0,0,"RULELIST:
(income > 50K) = False"
3,0.7902999926291737,0.00017198014857713564,0.21270000737082628,0.3733307148468185,0.7974347633790358,0.0005928051113402797,850948,381487,3,"RULELIST:
 if [workclass_private__AND__age_-inf_to_21.5]: (income > 50K) = False
else if [hoursPerWeek_34.5_to_40.5__AND__age_29.5_to_35.5]: (income > 50K) = False
else if [capitalGain_7073.5_to_inf]: (income > 50K) = True
else (income > 50K) = False"
4,0.7912213459128769,0.00014634433672365394,0.21177865408712315,0.37271214642262895,0.7857879994102904,0.0010319917440660474,708552,327142,3,"RULELIST:
 if [age_61.5_to_inf]: (income > 50K) = False
else if [workclass_private__AND__age_-inf_to_21.5]: (income > 50K) = False
else if [capitalGain_7073.5_to_inf]: (income > 50K) = True
else (income > 50K) = False"
Average,0.7824469627921271,9.636038168113297e-05,0.2199530372078729,0.4968733246419668,0.782851947258546,0.0005578448661287215,330303.0,2.4,
