Fold#,Training accuracy,Training Unfairness(1),Training objective function,Training Sample-Robustness,Test accuracy,Test unfairness,#Nodes explored for best solution,Cache size for best solution,Average length,RL
0,0.5284495021337127,0.0027240126539931093,0.47355049786628733,0.2958748221906117,0.5497630331753555,0.006349206349206349,23003,14683,2,"RULELIST:
 if [gender_Male__AND__juvenile-misdemeanors_=0]: (recidivism:yes) = False
else if [gender_Male__AND__age_18-20]: (recidivism:yes) = True
else (recidivism:yes) = False"
1,0.5251303935514462,0.0,0.4748696064485538,1.0,0.5450236966824644,0.0,0,0,0,"RULELIST:
(recidivism:yes) = False"
2,0.5329540066382171,0.003496589060899946,0.4690459933617829,0.32171645329540066,0.5298578199052133,0.004846526655896607,21866,14262,2,"RULELIST:
 if [not_priors_2-3]: (recidivism:yes) = False
else if [juvenile-felonies_=0__AND__age_18-20]: (recidivism:yes) = True
else (recidivism:yes) = False"
3,0.5280872244607727,0.0,0.4719127755392273,1.0,0.5332068311195446,0.0,0,0,0,"RULELIST:
(recidivism:yes) = False"
4,0.5415975349608912,0.0031868691826898356,0.46040246503910875,0.2675989570988386,0.49620493358633777,0.0030816640986132513,19438,13199,2,"RULELIST:
 if [juvenile-misdemeanors_=0__AND__charge_degree_Felony]: (recidivism:yes) = False
else if [age_18-20__AND__charge_degree_Felony]: (recidivism:yes) = True
else (recidivism:yes) = False"
Average,0.531243732349008,0.0018814941795165783,0.469956267650992,0.5770380465169701,0.5308112628937831,0.002855479420743241,8428.8,1.2,
